Build started 27-01-2026 16:03:22.
Logging verbosity is set to: Detailed.     0>Process = "C:\Program Files\dotnet\dotnet.exe"
       MSBuild executable path = "C:\Program Files\dotnet\sdk\9.0.101\MSBuild.dll"
       Command line arguments = "C:\Program Files\dotnet\sdk\9.0.101\MSBuild.dll -maxcpucount -verbosity:m -tlp:default=auto -nologo -restore -consoleloggerparameters:Summary -fileLogger -distributedlogger:Microsoft.DotNet.Tools.MSBuild.MSBuildLogger,C:\Program Files\dotnet\sdk\9.0.101\dotnet.dll*Microsoft.DotNet.Tools.MSBuild.MSBuildForwardingLogger,C:\Program Files\dotnet\sdk\9.0.101\dotnet.dll"
       Current directory = "D:\Personal\MS3\VedhamsMidway\SRM\srm\StudentFormsApi"
       MSBuild version = "17.12.12+1cce77968"
       Based on the Windows registry key LongPathsEnabled, the LongPaths feature is disabled.
       Based on the Windows registry key VerifiedAndReputablePolicyState, SAC state = 0: turned off.
       The SDK "Microsoft.NET.Sdk.Web" was successfully resolved by the "DefaultSdkResolver" resolver to location "C:\Program Files\dotnet\sdk\9.0.101\Sdks\Microsoft.NET.Sdk.Web\Sdk" and version "".
       Assembly loaded during Evaluation: NuGet.Frameworks, Version=6.12.2.1, Culture=neutral, PublicKeyToken=31bf3856ad364e35 (location: C:\Program Files\dotnet\sdk\9.0.101\NuGet.Frameworks.dll, MVID: fb8f68e7-3597-4073-947a-9a7774d31f17, AssemblyLoadContext: Assembly.LoadFile(C:\Program Files\dotnet\sdk\9.0.101\NuGet.Frameworks.dll))
       The SDK "Microsoft.NET.Sdk" was successfully resolved by the "DefaultSdkResolver" resolver to location "C:\Program Files\dotnet\sdk\9.0.101\Sdks\Microsoft.NET.Sdk\Sdk" and version "".
       C:\Program Files\dotnet\sdk\9.0.101\Sdks\Microsoft.NET.Sdk\Sdk\Sdk.props(49,11): message : Property 'MSBuildExtensionsPath' with value 'C:\Program Files\dotnet\sdk\9.0.101\' expanded from the environment.
       Property reassignment: $(MSBuildProjectExtensionsPath)="D:\Personal\MS3\VedhamsMidway\SRM\srm\StudentFormsApi\obj\" (previous value: "obj\") at C:\Program Files\dotnet\sdk\9.0.101\Current\Microsoft.Common.props (60,5)
       C:\Program Files\dotnet\sdk\9.0.101\Current\Microsoft.Common.props(84,119): message : Property 'MSBuildUserExtensionsPath' with value 'C:\Users\alaga\AppData\Local\Microsoft\MSBuild' expanded from the environment.
       Property reassignment: $(AssemblySearchPaths)="{CandidateAssemblyFiles};{HintPathFromItem}" (previous value: "{CandidateAssemblyFiles}") at C:\Program Files\dotnet\sdk\9.0.101\Sdks\Microsoft.NET.Sdk\targets\Microsoft.NET.Sdk.props (90,5)
       Property reassignment: $(AssemblySearchPaths)="{CandidateAssemblyFiles};{HintPathFromItem};{TargetFrameworkDirectory}" (previous value: "{CandidateAssemblyFiles};{HintPathFromItem}") at C:\Program Files\dotnet\sdk\9.0.101\Sdks\Microsoft.NET.Sdk\targets\Microsoft.NET.Sdk.props (91,5)
       Property reassignment: $(AssemblySearchPaths)="{CandidateAssemblyFiles};{HintPathFromItem};{TargetFrameworkDirectory};{RawFileName}" (previous value: "{CandidateAssemblyFiles};{HintPathFromItem};{TargetFrameworkDirectory}") at C:\Program Files\dotnet\sdk\9.0.101\Sdks\Microsoft.NET.Sdk\targets\Microsoft.NET.Sdk.props (92,5)
       The "DefaultSdkResolver" resolver attempted to resolve the SDK "Microsoft.NET.SDK.WorkloadAutoImportPropsLocator".
       Warnings: null
       Errors: MSB4276: The default SDK resolver failed to resolve SDK "Microsoft.NET.SDK.WorkloadAutoImportPropsLocator" because directory "C:\Program Files\dotnet\sdk\9.0.101\Sdks\Microsoft.NET.SDK.WorkloadAutoImportPropsLocator\Sdk" did not exist.
       Assembly loaded during Evaluation: Microsoft.Build.NuGetSdkResolver, Version=6.12.2.1, Culture=neutral, PublicKeyToken=31bf3856ad364e35 (location: C:\Program Files\dotnet\sdk\9.0.101\Microsoft.Build.NuGetSdkResolver.dll, MVID: 461560a5-b5e6-47bd-8763-d0070ae850f1, AssemblyLoadContext: MSBuild plugin C:\Program Files\dotnet\sdk\9.0.101\Microsoft.Build.NuGetSdkResolver.dll)
       Assembly loaded during Evaluation: Microsoft.NET.Sdk.WorkloadMSBuildSdkResolver, Version=9.0.101.0, Culture=neutral, PublicKeyToken=31bf3856ad364e35 (location: C:\Program Files\dotnet\sdk\9.0.101\Microsoft.NET.Sdk.WorkloadMSBuildSdkResolver.dll, MVID: 3ab1209f-28ea-4581-b886-15a9c0dfe9d4, AssemblyLoadContext: MSBuild plugin C:\Program Files\dotnet\sdk\9.0.101\Microsoft.NET.Sdk.WorkloadMSBuildSdkResolver.dll)
       Assembly loaded during Evaluation: System.Reflection.Metadata, Version=9.0.0.0, Culture=neutral, PublicKeyToken=b03f5f7f11d50a3a (location: C:\Program Files\dotnet\shared\Microsoft.NETCore.App\9.0.0\System.Reflection.Metadata.dll, MVID: 7aab4f52-8b20-4ac7-adf5-61369eb73dba, AssemblyLoadContext: Default)
       Assembly loaded during Evaluation: Microsoft.DotNet.Cli.Utils, Version=9.0.101.0, Culture=neutral, PublicKeyToken=adb9793829ddae60 (location: C:\Program Files\dotnet\sdk\9.0.101\Microsoft.DotNet.Cli.Utils.dll, MVID: 57dff1f4-cdee-4fd4-8dea-5e99174edd35, AssemblyLoadContext: MSBuild plugin C:\Program Files\dotnet\sdk\9.0.101\Microsoft.NET.Sdk.WorkloadMSBuildSdkResolver.dll)
       Assembly loaded during Evaluation: Microsoft.NET.Sdk.WorkloadManifestReader, Version=9.0.101.0, Culture=neutral, PublicKeyToken=adb9793829ddae60 (location: C:\Program Files\dotnet\sdk\9.0.101\Microsoft.NET.Sdk.WorkloadManifestReader.dll, MVID: 0a8281f3-fea5-4947-862e-63e3d49eedb1, AssemblyLoadContext: MSBuild plugin C:\Program Files\dotnet\sdk\9.0.101\Microsoft.NET.Sdk.WorkloadMSBuildSdkResolver.dll)
       Assembly loaded during Evaluation: Microsoft.Deployment.DotNet.Releases, Version=2.0.0.0, Culture=neutral, PublicKeyToken=31bf3856ad364e35 (location: C:\Program Files\dotnet\sdk\9.0.101\Microsoft.Deployment.DotNet.Releases.dll, MVID: a97973a0-2061-4c2c-9f90-e2f0f875afbd, AssemblyLoadContext: MSBuild plugin C:\Program Files\dotnet\sdk\9.0.101\Microsoft.NET.Sdk.WorkloadMSBuildSdkResolver.dll)
       Assembly loaded during Evaluation: System.Numerics.Vectors, Version=9.0.0.0, Culture=neutral, PublicKeyToken=b03f5f7f11d50a3a (location: C:\Program Files\dotnet\shared\Microsoft.NETCore.App\9.0.0\System.Numerics.Vectors.dll, MVID: 5dd68440-51e1-4650-8928-4f67b4fd72fb, AssemblyLoadContext: Default)
       The SDK "Microsoft.NET.SDK.WorkloadAutoImportPropsLocator" was successfully resolved by the "Microsoft.DotNet.MSBuildWorkloadSdkResolver" resolver to location "C:\Program Files\dotnet\packs\Aspire.Hosting.Sdk\8.2.2\Sdk" and version "null".
       Property reassignment: $(TargetsForTfmSpecificContentInPackage)=";PackTool;_PackProjectToolValidation" (previous value: ";PackTool") at C:\Program Files\dotnet\sdk\9.0.101\Sdks\Microsoft.NET.Sdk\targets\Microsoft.NET.PackProjectTool.props (15,5)
       The SDK "Microsoft.NET.Sdk.Razor" was successfully resolved by the "DefaultSdkResolver" resolver to location "C:\Program Files\dotnet\sdk\9.0.101\Sdks\Microsoft.NET.Sdk.Razor\Sdk" and version "".
       The SDK "Microsoft.NET.Sdk.StaticWebAssets" was successfully resolved by the "DefaultSdkResolver" resolver to location "C:\Program Files\dotnet\sdk\9.0.101\Sdks\Microsoft.NET.Sdk.StaticWebAssets\Sdk" and version "".
       Property reassignment: $(DefaultItemExcludes)=";**\node_modules\**;node_modules\**;**\jspm_packages\**;jspm_packages\**" (previous value: ";**\node_modules\**;node_modules\**") at C:\Program Files\dotnet\sdk\9.0.101\Sdks\Microsoft.NET.Sdk.StaticWebAssets\Sdk\Sdk.StaticWebAssets.StaticAssets.ProjectSystem.props (23,5)
       Property reassignment: $(DefaultItemExcludes)=";**\node_modules\**;node_modules\**;**\jspm_packages\**;jspm_packages\**;**\bower_components\**;bower_components\**" (previous value: ";**\node_modules\**;node_modules\**;**\jspm_packages\**;jspm_packages\**") at C:\Program Files\dotnet\sdk\9.0.101\Sdks\Microsoft.NET.Sdk.StaticWebAssets\Sdk\Sdk.StaticWebAssets.StaticAssets.ProjectSystem.props (24,5)
       Property reassignment: $(DefaultItemExcludes)=";**\node_modules\**;node_modules\**;**\jspm_packages\**;jspm_packages\**;**\bower_components\**;bower_components\**;**\packages.lock.json" (previous value: ";**\node_modules\**;node_modules\**;**\jspm_packages\**;jspm_packages\**;**\bower_components\**;bower_components\**") at C:\Program Files\dotnet\sdk\9.0.101\Sdks\Microsoft.NET.Sdk.StaticWebAssets\Sdk\Sdk.StaticWebAssets.StaticAssets.ProjectSystem.props (25,5)
       The SDK "Microsoft.NET.Sdk.Web.ProjectSystem" was successfully resolved by the "DefaultSdkResolver" resolver to location "C:\Program Files\dotnet\sdk\9.0.101\Sdks\Microsoft.NET.Sdk.Web.ProjectSystem\Sdk" and version "".
       Property reassignment: $(OutputType)="Exe" (previous value: "Library") at C:\Program Files\dotnet\sdk\9.0.101\Sdks\Microsoft.NET.Sdk.Web.ProjectSystem\targets\Microsoft.NET.Sdk.Web.ProjectSystem.props (16,5)
       The SDK "Microsoft.NET.Sdk.Publish" was successfully resolved by the "DefaultSdkResolver" resolver to location "C:\Program Files\dotnet\sdk\9.0.101\Sdks\Microsoft.NET.Sdk.Publish\Sdk" and version "".
       Assembly loaded during Evaluation: System.Threading.ThreadPool, Version=9.0.0.0, Culture=neutral, PublicKeyToken=b03f5f7f11d50a3a (location: C:\Program Files\dotnet\shared\Microsoft.NETCore.App\9.0.0\System.Threading.ThreadPool.dll, MVID: 32cb0629-7b51-45a3-8fb7-7b59497affa5, AssemblyLoadContext: Default)
       Property reassignment: $(PublishProfileImported)="false" (previous value: "true") at C:\Program Files\dotnet\sdk\9.0.101\Sdks\Microsoft.NET.Sdk\targets\Microsoft.NET.Sdk.ImportPublishProfile.targets (28,5)
       Property reassignment: $(TargetPlatformVersion)="" (previous value: "0.0") at C:\Program Files\dotnet\sdk\9.0.101\Sdks\Microsoft.NET.Sdk\targets\Microsoft.NET.TargetFrameworkInference.targets (69,5)
       Assembly loaded during Evaluation: System.Net.Sockets, Version=9.0.0.0, Culture=neutral, PublicKeyToken=b03f5f7f11d50a3a (location: C:\Program Files\dotnet\shared\Microsoft.NETCore.App\9.0.0\System.Net.Sockets.dll, MVID: 1665fa12-68d6-4710-a69d-672310d01c12, AssemblyLoadContext: Default)
       Property reassignment: $(DefaultItemExcludes)=";**\node_modules\**;node_modules\**;**\jspm_packages\**;jspm_packages\**;**\bower_components\**;bower_components\**;**\packages.lock.json;bin\Debug\/**" (previous value: ";**\node_modules\**;node_modules\**;**\jspm_packages\**;jspm_packages\**;**\bower_components\**;bower_components\**;**\packages.lock.json") at C:\Program Files\dotnet\sdk\9.0.101\Sdks\Microsoft.NET.Sdk\targets\Microsoft.NET.DefaultOutputPaths.targets (121,5)
       Property reassignment: $(DefaultItemExcludes)=";**\node_modules\**;node_modules\**;**\jspm_packages\**;jspm_packages\**;**\bower_components\**;bower_components\**;**\packages.lock.json;bin\Debug\/**;obj\Debug\/**" (previous value: ";**\node_modules\**;node_modules\**;**\jspm_packages\**;jspm_packages\**;**\bower_components\**;bower_components\**;**\packages.lock.json;bin\Debug\/**") at C:\Program Files\dotnet\sdk\9.0.101\Sdks\Microsoft.NET.Sdk\targets\Microsoft.NET.DefaultOutputPaths.targets (122,5)
       Property reassignment: $(OutputPath)="bin\Debug\net8.0\" (previous value: "bin\Debug\") at C:\Program Files\dotnet\sdk\9.0.101\Sdks\Microsoft.NET.Sdk\targets\Microsoft.NET.DefaultOutputPaths.targets (137,5)
       Property reassignment: $(IntermediateOutputPath)="obj\Debug\net8.0\" (previous value: "obj\Debug\") at C:\Program Files\dotnet\sdk\9.0.101\Sdks\Microsoft.NET.Sdk\targets\Microsoft.NET.DefaultOutputPaths.targets (142,5)
       The "DefaultSdkResolver" resolver attempted to resolve the SDK "Microsoft.NET.SDK.WorkloadManifestTargetsLocator".
       Warnings: null
       Errors: MSB4276: The default SDK resolver failed to resolve SDK "Microsoft.NET.SDK.WorkloadManifestTargetsLocator" because directory "C:\Program Files\dotnet\sdk\9.0.101\Sdks\Microsoft.NET.SDK.WorkloadManifestTargetsLocator\Sdk" did not exist.
       Assembly loaded during Evaluation: System.Threading.Overlapped, Version=9.0.0.0, Culture=neutral, PublicKeyToken=b03f5f7f11d50a3a (location: C:\Program Files\dotnet\shared\Microsoft.NETCore.App\9.0.0\System.Threading.Overlapped.dll, MVID: 32313a37-86ec-4058-a93c-e75eb6d28c2c, AssemblyLoadContext: Default)
       The SDK "Microsoft.NET.SDK.WorkloadManifestTargetsLocator" was successfully resolved by the "Microsoft.DotNet.MSBuildWorkloadSdkResolver" resolver to location "C:\Program Files\dotnet\sdk-manifests\9.0.100\microsoft.net.sdk.android\35.0.7" and version "null".
       Property reassignment: $(_FrameworkIdentifierForImplicitDefine)="NET" (previous value: "NETCOREAPP") at C:\Program Files\dotnet\sdk\9.0.101\Sdks\Microsoft.NET.Sdk\targets\Microsoft.NET.Sdk.BeforeCommon.targets (187,5)
       Property reassignment: $(_FrameworkVersionForImplicitDefine)="8_0" (previous value: "8.0") at C:\Program Files\dotnet\sdk\9.0.101\Sdks\Microsoft.NET.Sdk\targets\Microsoft.NET.Sdk.BeforeCommon.targets (192,5)
       Property reassignment: $(CommandLineArgsForDesignTimeEvaluation)="-langversion:12.0 -define:TRACE" (previous value: "-langversion:12.0") at C:\Program Files\dotnet\sdk\9.0.101\Roslyn\Microsoft.CSharp.Core.targets (205,5)
       Assembly loaded during Evaluation: Microsoft.Build.Utilities.Core, Version=15.1.0.0, Culture=neutral, PublicKeyToken=b03f5f7f11d50a3a (location: C:\Program Files\dotnet\sdk\9.0.101\Microsoft.Build.Utilities.Core.dll, MVID: 82e77c3e-e6d4-4665-a240-65193fff5aec, AssemblyLoadContext: Default)
       Property reassignment: $(_DebugSymbolsProduced)="true" (previous value: "false") at C:\Program Files\dotnet\sdk\9.0.101\Microsoft.Common.CurrentVersion.targets (175,5)
       Property reassignment: $(_DocumentationFileProduced)="false" (previous value: "true") at C:\Program Files\dotnet\sdk\9.0.101\Microsoft.Common.CurrentVersion.targets (185,5)
       Property reassignment: $(MSBuildCopyMarkerName)="StudentF.E5209379" (previous value: "StudentFormsApi.csproj") at C:\Program Files\dotnet\sdk\9.0.101\Microsoft.Common.CurrentVersion.targets (392,5)
       Property reassignment: $(MSBuildCopyMarkerName)="StudentF.E5209379.Up2Date" (previous value: "StudentF.E5209379") at C:\Program Files\dotnet\sdk\9.0.101\Microsoft.Common.CurrentVersion.targets (393,5)
       Property reassignment: $(ProcessorArchitecture)="msil" (previous value: "") at C:\Program Files\dotnet\sdk\9.0.101\Microsoft.Common.CurrentVersion.targets (541,5)
       Property reassignment: $(DelaySign)="" (previous value: "false") at C:\Program Files\dotnet\sdk\9.0.101\Microsoft.Common.CurrentVersion.targets (580,5)
       C:\Program Files\dotnet\sdk\9.0.101\Microsoft.Common.CurrentVersion.targets(2579,5): message : Property 'LOCALAPPDATA' with value 'C:\Users\alaga\AppData\Local' expanded from the environment.
       Property reassignment: $(_SGenGenerateSerializationAssembliesConfig)="Auto" (previous value: "") at C:\Program Files\dotnet\sdk\9.0.101\Microsoft.Common.CurrentVersion.targets (3897,5)
       Property reassignment: $(_SGenGenerateSerializationAssembliesConfig)="Off" (previous value: "Auto") at C:\Program Files\dotnet\sdk\9.0.101\Microsoft.Common.CurrentVersion.targets (3898,5)
       Property reassignment: $(_TargetsThatPrepareProjectReferences)="
             AssignProjectConfiguration;
             _SplitProjectReferencesByFileExistence
           " (previous value: "_SplitProjectReferencesByFileExistence") at C:\Program Files\dotnet\sdk\9.0.101\Microsoft.Common.CurrentVersion.targets (5100,5)
       C:\Program Files\dotnet\sdk\9.0.101\Microsoft.Common.CurrentVersion.targets(6846,5): message : Property 'MSBuildExtensionsPath32' with value 'C:\Program Files\dotnet\sdk\9.0.101' expanded from the environment.
       Assembly loaded during Evaluation: System.Threading.Tasks.Parallel, Version=9.0.0.0, Culture=neutral, PublicKeyToken=b03f5f7f11d50a3a (location: C:\Program Files\dotnet\shared\Microsoft.NETCore.App\9.0.0\System.Threading.Tasks.Parallel.dll, MVID: d770a576-f5e2-4b22-bde5-c48fb0a97808, AssemblyLoadContext: Default)
       Property reassignment: $(ProjectAssetsFile)="D:\Personal\MS3\VedhamsMidway\SRM\srm\StudentFormsApi\obj\project.assets.json" (previous value: "D:\Personal\MS3\VedhamsMidway\SRM\srm\StudentFormsApi\obj\/project.assets.json") at C:\Program Files\dotnet\sdk\9.0.101\Sdks\Microsoft.NET.Sdk\targets\Microsoft.PackageDependencyResolution.targets (24,5)
       Property reassignment: $(ProjectAssetsCacheFile)="D:\Personal\MS3\VedhamsMidway\SRM\srm\StudentFormsApi\obj\Debug\net8.0\StudentFormsApi.assets.cache" (previous value: "obj\Debug\net8.0\StudentFormsApi.assets.cache") at C:\Program Files\dotnet\sdk\9.0.101\Sdks\Microsoft.NET.Sdk\targets\Microsoft.PackageDependencyResolution.targets (29,5)
       Property reassignment: $(ResolveAssemblyReferencesDependsOn)="
             
             ResolveProjectReferences;
             FindInvalidProjectReferences;
             GetFrameworkPaths;
             GetReferenceAssemblyPaths;
             PrepareForBuild;
             ResolveSDKReferences;
             ExpandSDKReferences;
           ;
             ResolvePackageDependenciesForBuild;
             _HandlePackageFileConflicts;
           " (previous value: "
             ResolveProjectReferences;
             FindInvalidProjectReferences;
             GetFrameworkPaths;
             GetReferenceAssemblyPaths;
             PrepareForBuild;
             ResolveSDKReferences;
             ExpandSDKReferences;
           ") at C:\Program Files\dotnet\sdk\9.0.101\Sdks\Microsoft.NET.Sdk\targets\Microsoft.PackageDependencyResolution.targets (80,5)
       Property reassignment: $(PrepareResourcesDependsOn)="
             ResolvePackageDependenciesForBuild;
             _HandlePackageFileConflicts;
             
             ;
             PrepareResourceNames;
             ResGen;
             CompileLicxFiles
           
           " (previous value: "
             ;
             PrepareResourceNames;
             ResGen;
             CompileLicxFiles
           ") at C:\Program Files\dotnet\sdk\9.0.101\Sdks\Microsoft.NET.Sdk\targets\Microsoft.PackageDependencyResolution.targets (86,5)
       Property reassignment: $(DefaultItemExcludes)=";**\node_modules\**;node_modules\**;**\jspm_packages\**;jspm_packages\**;**\bower_components\**;bower_components\**;**\packages.lock.json;bin\Debug\/**;obj\Debug\/**;bin\/**" (previous value: ";**\node_modules\**;node_modules\**;**\jspm_packages\**;jspm_packages\**;**\bower_components\**;bower_components\**;**\packages.lock.json;bin\Debug\/**;obj\Debug\/**") at C:\Program Files\dotnet\sdk\9.0.101\Sdks\Microsoft.NET.Sdk\targets\Microsoft.NET.Sdk.DefaultItems.targets (27,5)
       Property reassignment: $(DefaultItemExcludes)=";**\node_modules\**;node_modules\**;**\jspm_packages\**;jspm_packages\**;**\bower_components\**;bower_components\**;**\packages.lock.json;bin\Debug\/**;obj\Debug\/**;bin\/**;obj\/**" (previous value: ";**\node_modules\**;node_modules\**;**\jspm_packages\**;jspm_packages\**;**\bower_components\**;bower_components\**;**\packages.lock.json;bin\Debug\/**;obj\Debug\/**;bin\/**") at C:\Program Files\dotnet\sdk\9.0.101\Sdks\Microsoft.NET.Sdk\targets\Microsoft.NET.Sdk.DefaultItems.targets (29,5)
       Property reassignment: $(DefaultItemExcludes)=";**\node_modules\**;node_modules\**;**\jspm_packages\**;jspm_packages\**;**\bower_components\**;bower_components\**;**\packages.lock.json;bin\Debug\/**;obj\Debug\/**;bin\/**;obj\/**;**/*.user" (previous value: ";**\node_modules\**;node_modules\**;**\jspm_packages\**;jspm_packages\**;**\bower_components\**;bower_components\**;**\packages.lock.json;bin\Debug\/**;obj\Debug\/**;bin\/**;obj\/**") at C:\Program Files\dotnet\sdk\9.0.101\Sdks\Microsoft.NET.Sdk\targets\Microsoft.NET.Sdk.DefaultItems.targets (32,5)
       Property reassignment: $(DefaultItemExcludes)=";**\node_modules\**;node_modules\**;**\jspm_packages\**;jspm_packages\**;**\bower_components\**;bower_components\**;**\packages.lock.json;bin\Debug\/**;obj\Debug\/**;bin\/**;obj\/**;**/*.user;**/*.*proj" (previous value: ";**\node_modules\**;node_modules\**;**\jspm_packages\**;jspm_packages\**;**\bower_components\**;bower_components\**;**\packages.lock.json;bin\Debug\/**;obj\Debug\/**;bin\/**;obj\/**;**/*.user") at C:\Program Files\dotnet\sdk\9.0.101\Sdks\Microsoft.NET.Sdk\targets\Microsoft.NET.Sdk.DefaultItems.targets (33,5)
       Property reassignment: $(DefaultItemExcludes)=";**\node_modules\**;node_modules\**;**\jspm_packages\**;jspm_packages\**;**\bower_components\**;bower_components\**;**\packages.lock.json;bin\Debug\/**;obj\Debug\/**;bin\/**;obj\/**;**/*.user;**/*.*proj;**/*.sln" (previous value: ";**\node_modules\**;node_modules\**;**\jspm_packages\**;jspm_packages\**;**\bower_components\**;bower_components\**;**\packages.lock.json;bin\Debug\/**;obj\Debug\/**;bin\/**;obj\/**;**/*.user;**/*.*proj") at C:\Program Files\dotnet\sdk\9.0.101\Sdks\Microsoft.NET.Sdk\targets\Microsoft.NET.Sdk.DefaultItems.targets (34,5)
       Property reassignment: $(DefaultItemExcludes)=";**\node_modules\**;node_modules\**;**\jspm_packages\**;jspm_packages\**;**\bower_components\**;bower_components\**;**\packages.lock.json;bin\Debug\/**;obj\Debug\/**;bin\/**;obj\/**;**/*.user;**/*.*proj;**/*.sln;**/*.vssscc" (previous value: ";**\node_modules\**;node_modules\**;**\jspm_packages\**;jspm_packages\**;**\bower_components\**;bower_components\**;**\packages.lock.json;bin\Debug\/**;obj\Debug\/**;bin\/**;obj\/**;**/*.user;**/*.*proj;**/*.sln") at C:\Program Files\dotnet\sdk\9.0.101\Sdks\Microsoft.NET.Sdk\targets\Microsoft.NET.Sdk.DefaultItems.targets (35,5)
       Property reassignment: $(DefaultItemExcludes)=";**\node_modules\**;node_modules\**;**\jspm_packages\**;jspm_packages\**;**\bower_components\**;bower_components\**;**\packages.lock.json;bin\Debug\/**;obj\Debug\/**;bin\/**;obj\/**;**/*.user;**/*.*proj;**/*.sln;**/*.vssscc;**/.DS_Store" (previous value: ";**\node_modules\**;node_modules\**;**\jspm_packages\**;jspm_packages\**;**\bower_components\**;bower_components\**;**\packages.lock.json;bin\Debug\/**;obj\Debug\/**;bin\/**;obj\/**;**/*.user;**/*.*proj;**/*.sln;**/*.vssscc") at C:\Program Files\dotnet\sdk\9.0.101\Sdks\Microsoft.NET.Sdk\targets\Microsoft.NET.Sdk.DefaultItems.targets (36,5)
       Property reassignment: $(ResolveAssemblyReferencesDependsOn)="
             
             
             ResolveProjectReferences;
             FindInvalidProjectReferences;
             GetFrameworkPaths;
             GetReferenceAssemblyPaths;
             PrepareForBuild;
             ResolveSDKReferences;
             ExpandSDKReferences;
           ;
             ResolvePackageDependenciesForBuild;
             _HandlePackageFileConflicts;
           ;
             ResolveTargetingPackAssets;
           " (previous value: "
             
             ResolveProjectReferences;
             FindInvalidProjectReferences;
             GetFrameworkPaths;
             GetReferenceAssemblyPaths;
             PrepareForBuild;
             ResolveSDKReferences;
             ExpandSDKReferences;
           ;
             ResolvePackageDependenciesForBuild;
             _HandlePackageFileConflicts;
           ") at C:\Program Files\dotnet\sdk\9.0.101\Sdks\Microsoft.NET.Sdk\targets\Microsoft.NET.Sdk.FrameworkReferenceResolution.targets (14,5)
       Property reassignment: $(_GenerateRuntimeConfigurationPropertyInputsCache)="D:\Personal\MS3\VedhamsMidway\SRM\srm\StudentFormsApi\obj\Debug\net8.0\StudentFormsApi.genruntimeconfig.cache" (previous value: "obj\Debug\net8.0\StudentFormsApi.genruntimeconfig.cache") at C:\Program Files\dotnet\sdk\9.0.101\Sdks\Microsoft.NET.Sdk\targets\Microsoft.NET.Sdk.targets (44,5)
       Property reassignment: $(_GeneratePublishDependencyFilePropertyInputsCache)="D:\Personal\MS3\VedhamsMidway\SRM\srm\StudentFormsApi\obj\Debug\net8.0\StudentFormsApi.genpublishdeps.cache" (previous value: "obj\Debug\net8.0\StudentFormsApi.genpublishdeps.cache") at C:\Program Files\dotnet\sdk\9.0.101\Sdks\Microsoft.NET.Sdk\targets\Microsoft.NET.Sdk.targets (46,5)
       Property reassignment: $(_GenerateSingleFileBundlePropertyInputsCache)="D:\Personal\MS3\VedhamsMidway\SRM\srm\StudentFormsApi\obj\Debug\net8.0\StudentFormsApi.genbundle.cache" (previous value: "obj\Debug\net8.0\StudentFormsApi.genbundle.cache") at C:\Program Files\dotnet\sdk\9.0.101\Sdks\Microsoft.NET.Sdk\targets\Microsoft.NET.Sdk.targets (48,5)
       Property reassignment: $(GenerateRuntimeConfigDevFile)="false" (previous value: "true") at C:\Program Files\dotnet\sdk\9.0.101\Sdks\Microsoft.NET.Sdk\targets\Microsoft.NET.Sdk.targets (81,5)
       C:\Program Files\dotnet\sdk\9.0.101\Sdks\Microsoft.NET.Sdk\targets\Microsoft.NET.Sdk.targets(97,5): message : Property 'USERPROFILE' with value 'C:\Users\alaga' expanded from the environment.
       Property reassignment: $(_DefaultUserProfileRuntimeStorePath)="C:\Users\alaga" (previous value: "") at C:\Program Files\dotnet\sdk\9.0.101\Sdks\Microsoft.NET.Sdk\targets\Microsoft.NET.Sdk.targets (97,5)
       Property reassignment: $(_DefaultUserProfileRuntimeStorePath)="C:\Users\alaga\.dotnet\store" (previous value: "C:\Users\alaga") at C:\Program Files\dotnet\sdk\9.0.101\Sdks\Microsoft.NET.Sdk\targets\Microsoft.NET.Sdk.targets (98,5)
       Property reassignment: $(AvailablePlatforms)="Any CPU,x86,x64,ARM32" (previous value: "Any CPU,x86,x64") at C:\Program Files\dotnet\sdk\9.0.101\Sdks\Microsoft.NET.Sdk\targets\Microsoft.NET.Sdk.targets (140,5)
       Property reassignment: $(AvailablePlatforms)="Any CPU,x86,x64,ARM32,ARM64" (previous value: "Any CPU,x86,x64,ARM32") at C:\Program Files\dotnet\sdk\9.0.101\Sdks\Microsoft.NET.Sdk\targets\Microsoft.NET.Sdk.targets (144,5)
       Property reassignment: $(CoreBuildDependsOn)="
             _CheckForBuildWithNoBuild;
             
             BuildOnlySettings;
             PrepareForBuild;
             PreBuildEvent;
             ResolveReferences;
             PrepareResources;
             ResolveKeySource;
             Compile;
             ExportWindowsMDFile;
             UnmanagedUnregistration;
             GenerateSerializationAssemblies;
             CreateSatelliteAssemblies;
             GenerateManifests;
             GetTargetPath;
             PrepareForRun;
             UnmanagedRegistration;
             IncrementalClean;
             PostBuildEvent
           ;
             GenerateBuildDependencyFile;
             GenerateBuildRuntimeConfigurationFiles
           " (previous value: "
             BuildOnlySettings;
             PrepareForBuild;
             PreBuildEvent;
             ResolveReferences;
             PrepareResources;
             ResolveKeySource;
             Compile;
             ExportWindowsMDFile;
             UnmanagedUnregistration;
             GenerateSerializationAssemblies;
             CreateSatelliteAssemblies;
             GenerateManifests;
             GetTargetPath;
             PrepareForRun;
             UnmanagedRegistration;
             IncrementalClean;
             PostBuildEvent
           ") at C:\Program Files\dotnet\sdk\9.0.101\Sdks\Microsoft.NET.Sdk\targets\Microsoft.NET.Sdk.targets (201,5)
       Property reassignment: $(CoreCleanDependsOn)="
             _SdkBeforeClean;
             
           " (previous value: "") at C:\Program Files\dotnet\sdk\9.0.101\Sdks\Microsoft.NET.Sdk\targets\Microsoft.NET.Sdk.targets (210,5)
       Property reassignment: $(RebuildDependsOn)="
             _SdkBeforeRebuild;
             
             BeforeRebuild;
             Clean;
             Build;
             AfterRebuild;
           
           " (previous value: "
             BeforeRebuild;
             Clean;
             Build;
             AfterRebuild;
           ") at C:\Program Files\dotnet\sdk\9.0.101\Sdks\Microsoft.NET.Sdk\targets\Microsoft.NET.Sdk.targets (217,5)
       Property reassignment: $(CompileDependsOn)="
             
             ResolveReferences;
             ResolveKeySource;
             SetWin32ManifestProperties;
             _SetPreferNativeArm64Win32ManifestProperties;
             FindReferenceAssembliesForReferences;
             _GenerateCompileInputs;
             BeforeCompile;
             _TimeStampBeforeCompile;
             _GenerateCompileDependencyCache;
             CoreCompile;
             _TimeStampAfterCompile;
             AfterCompile;
           ;
             _CreateAppHost;
             _CreateComHost;
             _GetIjwHostPaths;
           " (previous value: "
             ResolveReferences;
             ResolveKeySource;
             SetWin32ManifestProperties;
             _SetPreferNativeArm64Win32ManifestProperties;
             FindReferenceAssembliesForReferences;
             _GenerateCompileInputs;
             BeforeCompile;
             _TimeStampBeforeCompile;
             _GenerateCompileDependencyCache;
             CoreCompile;
             _TimeStampAfterCompile;
             AfterCompile;
           ") at C:\Program Files\dotnet\sdk\9.0.101\Sdks\Microsoft.NET.Sdk\targets\Microsoft.NET.Sdk.targets (783,5)
       Property reassignment: $(CreateSatelliteAssembliesDependsOn)="
             
             ;
             _GenerateSatelliteAssemblyInputs;
             ComputeIntermediateSatelliteAssemblies;
             GenerateSatelliteAssemblies
           ;
             CoreGenerateSatelliteAssemblies
           " (previous value: "
             ;
             _GenerateSatelliteAssemblyInputs;
             ComputeIntermediateSatelliteAssemblies;
             GenerateSatelliteAssemblies
           ") at C:\Program Files\dotnet\sdk\9.0.101\Sdks\Microsoft.NET.Sdk\targets\Microsoft.NET.Sdk.targets (1183,5)
       Property reassignment: $(SourceLinkUrlInitializerTargets)=";_InitializeGitHubSourceLinkUrl;_InitializeGitLabSourceLinkUrl" (previous value: ";_InitializeGitHubSourceLinkUrl") at C:\Program Files\dotnet\sdk\9.0.101\Sdks\Microsoft.SourceLink.GitLab\build\Microsoft.SourceLink.GitLab.targets (12,5)
       Property reassignment: $(SourceControlManagerUrlTranslationTargets)=";TranslateGitHubUrlsInSourceControlInformation;TranslateGitLabUrlsInSourceControlInformation" (previous value: ";TranslateGitHubUrlsInSourceControlInformation") at C:\Program Files\dotnet\sdk\9.0.101\Sdks\Microsoft.SourceLink.GitLab\build\Microsoft.SourceLink.GitLab.targets (13,5)
       Property reassignment: $(SourceLinkUrlInitializerTargets)=";_InitializeGitHubSourceLinkUrl;_InitializeGitLabSourceLinkUrl;_InitializeAzureReposGitSourceLinkUrl" (previous value: ";_InitializeGitHubSourceLinkUrl;_InitializeGitLabSourceLinkUrl") at C:\Program Files\dotnet\sdk\9.0.101\Sdks\Microsoft.SourceLink.AzureRepos.Git\build\Microsoft.SourceLink.AzureRepos.Git.targets (12,5)
       Property reassignment: $(SourceControlManagerUrlTranslationTargets)=";TranslateGitHubUrlsInSourceControlInformation;TranslateGitLabUrlsInSourceControlInformation;TranslateAzureReposGitUrlsInSourceControlInformation" (previous value: ";TranslateGitHubUrlsInSourceControlInformation;TranslateGitLabUrlsInSourceControlInformation") at C:\Program Files\dotnet\sdk\9.0.101\Sdks\Microsoft.SourceLink.AzureRepos.Git\build\Microsoft.SourceLink.AzureRepos.Git.targets (13,5)
       Property reassignment: $(SourceLinkUrlInitializerTargets)=";_InitializeGitHubSourceLinkUrl;_InitializeGitLabSourceLinkUrl;_InitializeAzureReposGitSourceLinkUrl;_InitializeBitbucketGitSourceLinkUrl" (previous value: ";_InitializeGitHubSourceLinkUrl;_InitializeGitLabSourceLinkUrl;_InitializeAzureReposGitSourceLinkUrl") at C:\Program Files\dotnet\sdk\9.0.101\Sdks\Microsoft.SourceLink.Bitbucket.Git\build\Microsoft.SourceLink.Bitbucket.Git.targets (12,5)
       Property reassignment: $(SourceControlManagerUrlTranslationTargets)=";TranslateGitHubUrlsInSourceControlInformation;TranslateGitLabUrlsInSourceControlInformation;TranslateAzureReposGitUrlsInSourceControlInformation;TranslateBitbucketGitUrlsInSourceControlInformation" (previous value: ";TranslateGitHubUrlsInSourceControlInformation;TranslateGitLabUrlsInSourceControlInformation;TranslateAzureReposGitUrlsInSourceControlInformation") at C:\Program Files\dotnet\sdk\9.0.101\Sdks\Microsoft.SourceLink.Bitbucket.Git\build\Microsoft.SourceLink.Bitbucket.Git.targets (13,5)
       Property reassignment: $(DesignerRuntimeImplementationProjectOutputGroupDependsOn)="
             
             ;
             
             ;
             BuildOnlySettings;
             PrepareForBuild;
             AssignTargetPaths;
             ResolveReferences
           
           ;
             _GenerateDesignerDepsFile;
             _GenerateDesignerRuntimeConfigFile;
             GetCopyToOutputDirectoryItems;
             _GatherDesignerShadowCopyFiles;
           " (previous value: "
             ;
             
             ;
             BuildOnlySettings;
             PrepareForBuild;
             AssignTargetPaths;
             ResolveReferences
           
           ") at C:\Program Files\dotnet\sdk\9.0.101\Sdks\Microsoft.NET.Sdk\targets\Microsoft.NET.DesignerSupport.targets (21,5)
       Property reassignment: $(_GenerateToolsSettingsFileCacheFile)="D:\Personal\MS3\VedhamsMidway\SRM\srm\StudentFormsApi\obj\Debug\net8.0\StudentFormsApi.toolssettingsinput.cache" (previous value: "obj\Debug\net8.0\StudentFormsApi.toolssettingsinput.cache") at C:\Program Files\dotnet\sdk\9.0.101\Sdks\Microsoft.NET.Sdk\targets\Microsoft.NET.PackTool.targets (68,5)
       Property reassignment: $(_ShimInputCacheFile)="D:\Personal\MS3\VedhamsMidway\SRM\srm\StudentFormsApi\obj\Debug\net8.0\StudentFormsApi.shiminput.cache" (previous value: "obj\Debug\net8.0\StudentFormsApi.shiminput.cache") at C:\Program Files\dotnet\sdk\9.0.101\Sdks\Microsoft.NET.Sdk\targets\Microsoft.NET.PackTool.targets (137,5)
       Property reassignment: $(_ShimCreatedSentinelFile)="D:\Personal\MS3\VedhamsMidway\SRM\srm\StudentFormsApi\obj\Debug\net8.0\StudentFormsApi.shimcreated.sentinel" (previous value: "obj\Debug\net8.0\StudentFormsApi.shimcreated.sentinel") at C:\Program Files\dotnet\sdk\9.0.101\Sdks\Microsoft.NET.Sdk\targets\Microsoft.NET.PackTool.targets (139,5)
       Property reassignment: $(DefineConstants)="TRACE;DEBUG" (previous value: "TRACE") at C:\Program Files\dotnet\sdk\9.0.101\Sdks\Microsoft.NET.Sdk\targets\Microsoft.NET.Sdk.CSharp.targets (31,5)
       Property reassignment: $(DefineConstants)="TRACE;DEBUG;NET;NET8_0;NETCOREAPP" (previous value: "TRACE;DEBUG") at C:\Program Files\dotnet\sdk\9.0.101\Sdks\Microsoft.NET.Sdk\targets\Microsoft.NET.Sdk.CSharp.targets (34,5)
       Property reassignment: $(WarningsAsErrors)=";NU1605;SYSLIB0011" (previous value: ";NU1605") at C:\Program Files\dotnet\sdk\9.0.101\Sdks\Microsoft.NET.Sdk\targets\Microsoft.NET.Sdk.CSharp.targets (48,5)
       Property reassignment: $(PackageDescription)="Package Description" (previous value: "") at C:\Program Files\dotnet\sdk\9.0.101\Sdks\NuGet.Build.Tasks.Pack\build\NuGet.Build.Tasks.Pack.targets (34,5)
       Property reassignment: $(GenerateNuspecDependsOn)="Build;_LoadPackInputItems; _GetTargetFrameworksOutput; _WalkEachTargetPerFramework; _GetPackageFiles; " (previous value: "_LoadPackInputItems; _GetTargetFrameworksOutput; _WalkEachTargetPerFramework; _GetPackageFiles; ") at C:\Program Files\dotnet\sdk\9.0.101\Sdks\NuGet.Build.Tasks.Pack\build\NuGet.Build.Tasks.Pack.targets (59,5)
       Property reassignment: $(_IsNotSetContainersTargetsDir)="true" (previous value: "false") at C:\Program Files\dotnet\sdk\9.0.101\Sdks\Microsoft.NET.Sdk\Sdk\Sdk.targets (60,5)
       Property reassignment: $(_IsSDKContainerAllowedVersion)="true" (previous value: "false") at C:\Program Files\dotnet\sdk\9.0.101\Containers\build\Microsoft.NET.Build.Containers.targets (5,5)
       Property reassignment: $(_ContainerIsTargetingNet8TFM)="true" (previous value: "false") at C:\Program Files\dotnet\sdk\9.0.101\Containers\build\Microsoft.NET.Build.Containers.targets (15,5)
       C:\Program Files\dotnet\sdk\9.0.101\Sdks\Microsoft.NET.Sdk.StaticWebAssets\targets\Sdk.StaticWebAssets.CurrentVersion.targets(37,18): message : Property 'DOTNET_HOST_PATH' with value 'C:\Program Files\dotnet\dotnet.exe' expanded from the environment.
       Property reassignment: $(PrepareForRunDependsOn)="StaticWebAssetsPrepareForRun;
             CopyFilesToOutputDirectory
           " (previous value: "
             CopyFilesToOutputDirectory
           ") at C:\Program Files\dotnet\sdk\9.0.101\Sdks\Microsoft.NET.Sdk.StaticWebAssets\targets\Microsoft.NET.Sdk.StaticWebAssets.targets (286,5)
       Property reassignment: $(GetCopyToOutputDirectoryItemsDependsOn)="
             AssignTargetPaths;
             
             AssignProjectConfiguration;
             _SplitProjectReferencesByFileExistence
           ;
             _GetProjectReferenceTargetFrameworkProperties;
             _PopulateCommonStateForGetCopyToOutputDirectoryItems
           ;AddStaticWebAssetsManifest;AddStaticWebAssetEndpointsBuildManifest" (previous value: "
             AssignTargetPaths;
             
             AssignProjectConfiguration;
             _SplitProjectReferencesByFileExistence
           ;
             _GetProjectReferenceTargetFrameworkProperties;
             _PopulateCommonStateForGetCopyToOutputDirectoryItems
           ") at C:\Program Files\dotnet\sdk\9.0.101\Sdks\Microsoft.NET.Sdk.StaticWebAssets\targets\Microsoft.NET.Sdk.StaticWebAssets.targets (323,5)
       Property reassignment: $(GenerateNuspecDependsOn)="
             IncludeStaticWebAssetsPackItems;
             Build;_LoadPackInputItems; _GetTargetFrameworksOutput; _WalkEachTargetPerFramework; _GetPackageFiles; ;
           " (previous value: "Build;_LoadPackInputItems; _GetTargetFrameworksOutput; _WalkEachTargetPerFramework; _GetPackageFiles; ") at C:\Program Files\dotnet\sdk\9.0.101\Sdks\Microsoft.NET.Sdk.StaticWebAssets\targets\Microsoft.NET.Sdk.StaticWebAssets.Pack.targets (46,5)
       Property reassignment: $(IncludeStaticWebAssetsPackItemsDependsOn)="
             Build;
             ResolveStaticWebAssetsConfiguration;LoadStaticWebAssetsBuildManifest
           ;
           " (previous value: "
             ResolveStaticWebAssetsConfiguration;LoadStaticWebAssetsBuildManifest
           ") at C:\Program Files\dotnet\sdk\9.0.101\Sdks\Microsoft.NET.Sdk.StaticWebAssets\targets\Microsoft.NET.Sdk.StaticWebAssets.Pack.targets (55,5)
       Property reassignment: $(ResolveStaticWebAssetsInputsDependsOn)="
           
             ResolveCoreStaticWebAssets;
             GenerateComputedBuildStaticWebAssets;
             
           ;
           ResolveScopedCssAssets;
         " (previous value: "
             ResolveCoreStaticWebAssets;
             GenerateComputedBuildStaticWebAssets;
             
           ") at C:\Program Files\dotnet\sdk\9.0.101\Sdks\Microsoft.NET.Sdk.StaticWebAssets\targets\Microsoft.NET.Sdk.StaticWebAssets.ScopedCss.targets (55,3)
       Property reassignment: $(GenerateComputedBuildStaticWebAssetsDependsOn)="
           ResolveCoreStaticWebAssets;;
           BundleScopedCssFiles;
         " (previous value: "ResolveCoreStaticWebAssets;") at C:\Program Files\dotnet\sdk\9.0.101\Sdks\Microsoft.NET.Sdk.StaticWebAssets\targets\Microsoft.NET.Sdk.StaticWebAssets.ScopedCss.targets (88,3)
       Property reassignment: $(ResolveCoreStaticWebAssetsDependsOn)="
             
             UpdateExistingPackageStaticWebAssets;
             ResolveProjectStaticWebAssets;
             ResolveEmbeddedProjectsStaticWebAssets;
             ResolveReferencedProjectsStaticWebAssets;
             ;
           ;
             ResolveJSModuleStaticWebAssets;
             ResolveJsInitializerModuleStaticWebAssets;
           " (previous value: "
             UpdateExistingPackageStaticWebAssets;
             ResolveProjectStaticWebAssets;
             ResolveEmbeddedProjectsStaticWebAssets;
             ResolveReferencedProjectsStaticWebAssets;
             ;
           ") at C:\Program Files\dotnet\sdk\9.0.101\Sdks\Microsoft.NET.Sdk.StaticWebAssets\targets\Microsoft.NET.Sdk.StaticWebAssets.JSModules.targets (37,5)
       Property reassignment: $(ResolveStaticWebAssetsInputsDependsOn)="
             ResolveJSModuleManifestBuildStaticWebAssets;
             
           
             ResolveCoreStaticWebAssets;
             GenerateComputedBuildStaticWebAssets;
             
           ;
           ResolveScopedCssAssets;
         
           " (previous value: "
           
             ResolveCoreStaticWebAssets;
             GenerateComputedBuildStaticWebAssets;
             
           ;
           ResolveScopedCssAssets;
         ") at C:\Program Files\dotnet\sdk\9.0.101\Sdks\Microsoft.NET.Sdk.StaticWebAssets\targets\Microsoft.NET.Sdk.StaticWebAssets.JSModules.targets (53,5)
       Property reassignment: $(ResolvePublishStaticWebAssetsDependsOn)="
             ResolveJSModuleManifestPublishStaticWebAssets;
             
             ResolveCorePublishStaticWebAssets;
             GenerateComputedPublishStaticWebAssets;
             ;
           
           " (previous value: "
             ResolveCorePublishStaticWebAssets;
             GenerateComputedPublishStaticWebAssets;
             ;
           ") at C:\Program Files\dotnet\sdk\9.0.101\Sdks\Microsoft.NET.Sdk.StaticWebAssets\targets\Microsoft.NET.Sdk.StaticWebAssets.JSModules.targets (72,5)
       Property reassignment: $(ResolveBuildRelatedStaticWebAssetsDependsOn)="
             ResolveBuildCompressedStaticWebAssets;
             
             ResolveStaticWebAssetsInputs;
             
           
           " (previous value: "
             ResolveStaticWebAssetsInputs;
             
           ") at C:\Program Files\dotnet\sdk\9.0.101\Sdks\Microsoft.NET.Sdk.StaticWebAssets\targets\Microsoft.NET.Sdk.StaticWebAssets.Compression.targets (179,5)
       Property reassignment: $(ResolvePublishRelatedStaticWebAssetsDependsOn)="
             ResolvePublishCompressedStaticWebAssets;
             
           " (previous value: "") at C:\Program Files\dotnet\sdk\9.0.101\Sdks\Microsoft.NET.Sdk.StaticWebAssets\targets\Microsoft.NET.Sdk.StaticWebAssets.Compression.targets (198,5)
       Property reassignment: $(DebugSymbolsProjectOutputGroupDependsOn)="
             ;
             _RazorAddDebugSymbolsProjectOutputGroupOutput
           " (previous value: "") at C:\Program Files\dotnet\sdk\9.0.101\Sdks\Microsoft.NET.Sdk.Razor\targets\Sdk.Razor.CurrentVersion.targets (205,5)
       Property reassignment: $(PrepareForBuildDependsOn)="
             ;GetFrameworkPaths;GetReferenceAssemblyPaths;AssignLinkMetadata;
             ResolveRazorGenerateInputs
           " (previous value: ";GetFrameworkPaths;GetReferenceAssemblyPaths;AssignLinkMetadata") at C:\Program Files\dotnet\sdk\9.0.101\Sdks\Microsoft.NET.Sdk.Razor\targets\Sdk.Razor.CurrentVersion.targets (210,5)
       Property reassignment: $(GenerateNuspecDependsOn)="
             ResolveRazorGenerateInputs;
             
             IncludeStaticWebAssetsPackItems;
             Build;_LoadPackInputItems; _GetTargetFrameworksOutput; _WalkEachTargetPerFramework; _GetPackageFiles; ;
           
           " (previous value: "
             IncludeStaticWebAssetsPackItems;
             Build;_LoadPackInputItems; _GetTargetFrameworksOutput; _WalkEachTargetPerFramework; _GetPackageFiles; ;
           ") at C:\Program Files\dotnet\sdk\9.0.101\Sdks\Microsoft.NET.Sdk.Razor\targets\Sdk.Razor.CurrentVersion.targets (215,5)
       Property reassignment: $(PrepareForRunDependsOn)="
             _RazorPrepareForRun;
             StaticWebAssetsPrepareForRun;
             CopyFilesToOutputDirectory
           
           " (previous value: "StaticWebAssetsPrepareForRun;
             CopyFilesToOutputDirectory
           ") at C:\Program Files\dotnet\sdk\9.0.101\Sdks\Microsoft.NET.Sdk.Razor\targets\Sdk.Razor.CurrentVersion.targets (220,5)
       Property reassignment: $(UseRazorBuildServer)="true" (previous value: "") at C:\Program Files\dotnet\sdk\9.0.101\Sdks\Microsoft.NET.Sdk.Razor\targets\Sdk.Razor.CurrentVersion.targets (311,5)
       Property reassignment: $(_RazorDebugSymbolsProduced)="true" (previous value: "false") at C:\Program Files\dotnet\sdk\9.0.101\Sdks\Microsoft.NET.Sdk.Razor\targets\Sdk.Razor.CurrentVersion.targets (317,5)
       Property reassignment: $(GenerateRazorTargetAssemblyInfoDependsOn)="
             _ResolveMvcAssemblyAttributes;
             
             GetRazorTargetAssemblyAttributes;
             _CreateRazorTargetAssemblyInfoInputsCacheFile;
             CoreGenerateRazorTargetAssemblyInfo
           
           " (previous value: "
             GetRazorTargetAssemblyAttributes;
             _CreateRazorTargetAssemblyInfoInputsCacheFile;
             CoreGenerateRazorTargetAssemblyInfo
           ") at C:\Program Files\dotnet\sdk\9.0.101\Sdks\Microsoft.NET.Sdk.Razor\targets\Microsoft.NET.Sdk.Razor.GenerateAssemblyInfo.targets (36,5)
       Property reassignment: $(CoreCompileDependsOn)="
             ;_ComputeNonExistentFileProperty;ResolveCodeAnalysisRuleSet;
             _GenerateRazorAssemblyInfo
           " (previous value: ";_ComputeNonExistentFileProperty;ResolveCodeAnalysisRuleSet") at C:\Program Files\dotnet\sdk\9.0.101\Sdks\Microsoft.NET.Sdk.Razor\targets\Microsoft.NET.Sdk.Razor.GenerateAssemblyInfo.targets (181,5)
       Property reassignment: $(_GenerateRazorAssemblyInfoDependsOn)="
             _ResolveMvcAssemblyAttributes;
             RazorGetAssemblyAttributes;PrepareForBuild;_CoreGenerateRazorAssemblyInfo;
           " (previous value: "RazorGetAssemblyAttributes;PrepareForBuild;_CoreGenerateRazorAssemblyInfo") at C:\Program Files\dotnet\sdk\9.0.101\Sdks\Microsoft.NET.Sdk.Razor\targets\Microsoft.NET.Sdk.Razor.GenerateAssemblyInfo.targets (189,5)
       Property reassignment: $(CoreCompileDependsOn)="
             _DiscoverMvcApplicationParts;
             
             ;_ComputeNonExistentFileProperty;ResolveCodeAnalysisRuleSet;
             _GenerateRazorAssemblyInfo
           ;
           " (previous value: "
             ;_ComputeNonExistentFileProperty;ResolveCodeAnalysisRuleSet;
             _GenerateRazorAssemblyInfo
           ") at C:\Program Files\dotnet\sdk\9.0.101\Sdks\Microsoft.NET.Sdk.Razor\targets\Microsoft.NET.Sdk.Razor.MvcApplicationPartsDiscovery.targets (22,5)
       Property reassignment: $(RazorDesignTimeTargets)="C:\Program Files\dotnet\sdk\9.0.101\Sdks\Microsoft.NET.Sdk.Razor\targets\Microsoft.NET.Sdk.Razor.DesignTime.targets" (previous value: "C:\Program Files\dotnet\sdk\9.0.101\\Microsoft\VisualStudio\Razor\Microsoft.NET.Sdk.Razor.DesignTime.targets") at C:\Program Files\dotnet\sdk\9.0.101\Sdks\Microsoft.NET.Sdk.Razor\targets\Sdk.Razor.CurrentVersion.targets (791,5)
       Property reassignment: $(RunWorkingDirectory)="D:\Personal\MS3\VedhamsMidway\SRM\srm\StudentFormsApi" (previous value: "") at C:\Program Files\dotnet\sdk\9.0.101\Sdks\Microsoft.NET.Sdk.Web.ProjectSystem\targets\Microsoft.NET.Sdk.Web.ProjectSystem.targets (21,5)
       Property reassignment: $(PublishProfileImported)="true" (previous value: "false") at C:\Program Files\dotnet\sdk\9.0.101\Sdks\Microsoft.NET.Sdk.Publish\targets\Microsoft.NET.Sdk.Publish.targets (60,5)
       Property reassignment: $(PublishConfiguration)="Debug" (previous value: "") at C:\Program Files\dotnet\sdk\9.0.101\Sdks\Microsoft.NET.Sdk.Publish\targets\Microsoft.NET.Sdk.Publish.targets (81,5)
       Property reassignment: $(BaseIntermediateOutputPath)="D:\Personal\MS3\VedhamsMidway\SRM\srm\StudentFormsApi\obj\" (previous value: "obj\") at C:\Program Files\dotnet\sdk\9.0.101\Sdks\Microsoft.NET.Sdk.Publish\targets\Microsoft.NET.Sdk.Publish.targets (87,5)
       Assembly loaded during Evaluation: System.Reflection.Emit.Lightweight, Version=9.0.0.0, Culture=neutral, PublicKeyToken=b03f5f7f11d50a3a (location: C:\Program Files\dotnet\shared\Microsoft.NETCore.App\9.0.0\System.Reflection.Emit.Lightweight.dll, MVID: ba9001d1-117a-4a70-b29f-ef3f1a36c1c6, AssemblyLoadContext: Default)
       Assembly loaded during Evaluation: System.Reflection.Emit.ILGeneration, Version=9.0.0.0, Culture=neutral, PublicKeyToken=b03f5f7f11d50a3a (location: C:\Program Files\dotnet\shared\Microsoft.NETCore.App\9.0.0\System.Reflection.Emit.ILGeneration.dll, MVID: ac4a2c91-5f58-4021-b4bf-4b678260307f, AssemblyLoadContext: Default)
       Assembly loaded during Evaluation: System.Reflection.Primitives, Version=9.0.0.0, Culture=neutral, PublicKeyToken=b03f5f7f11d50a3a (location: C:\Program Files\dotnet\shared\Microsoft.NETCore.App\9.0.0\System.Reflection.Primitives.dll, MVID: cf65515b-3a16-4a35-9257-c51b70ba1d57, AssemblyLoadContext: Default)
       Overriding target "ResolveFrameworkReferences" in project "C:\Program Files\dotnet\sdk\9.0.101\Microsoft.Common.CurrentVersion.targets" with target "ResolveFrameworkReferences" from project "C:\Program Files\dotnet\sdk\9.0.101\Sdks\Microsoft.NET.Sdk\targets\Microsoft.NET.Sdk.FrameworkReferenceResolution.targets".
       Overriding target "Run" in project "C:\Program Files\dotnet\sdk\9.0.101\Microsoft.Common.CurrentVersion.targets" with target "Run" from project "C:\Program Files\dotnet\sdk\9.0.101\Sdks\Microsoft.NET.Sdk\targets\Microsoft.NET.Sdk.targets".
       Overriding target "GenerateSupportedTargetFrameworkAlias" in project "C:\Program Files\dotnet\sdk\9.0.101\Microsoft.Common.CurrentVersion.targets" with target "GenerateSupportedTargetFrameworkAlias" from project "C:\Program Files\dotnet\sdk\9.0.101\Sdks\Microsoft.NET.Sdk\targets\Microsoft.NET.Sdk.targets".
       Overriding target "GetReferenceAssemblyPaths" in project "C:\Program Files\dotnet\sdk\9.0.101\Microsoft.Common.CurrentVersion.targets" with target "GetReferenceAssemblyPaths" from project "C:\Program Files\dotnet\sdk\9.0.101\Sdks\Microsoft.NET.Sdk\targets\Microsoft.NET.DisableStandardFrameworkResolution.targets".
       Overriding target "GetFrameworkPaths" in project "C:\Program Files\dotnet\sdk\9.0.101\Microsoft.Common.CurrentVersion.targets" with target "GetFrameworkPaths" from project "C:\Program Files\dotnet\sdk\9.0.101\Sdks\Microsoft.NET.Sdk\targets\Microsoft.NET.DisableStandardFrameworkResolution.targets".
       Overriding target "DesignerRuntimeImplementationProjectOutputGroup" in project "C:\Program Files\dotnet\sdk\9.0.101\Microsoft.Common.CurrentVersion.targets" with target "DesignerRuntimeImplementationProjectOutputGroup" from project "C:\Program Files\dotnet\sdk\9.0.101\Sdks\Microsoft.NET.Sdk\targets\Microsoft.NET.DesignerSupport.targets".
       Overriding target "Publish" in project "C:\Program Files\dotnet\sdk\9.0.101\Microsoft.Common.CurrentVersion.targets" with target "Publish" from project "C:\Program Files\dotnet\sdk\9.0.101\Sdks\Microsoft.NET.Sdk\targets\Microsoft.NET.Publish.targets".
       Overriding target "ResolveReadyToRunCompilers" in project "C:\Program Files\dotnet\sdk\9.0.101\Sdks\Microsoft.NET.Sdk\targets\Microsoft.NET.CrossGen.targets" with target "ResolveReadyToRunCompilers" from project "C:\Program Files\dotnet\sdk\9.0.101\Sdks\Microsoft.NET.Sdk\targets\Microsoft.NET.Publish.targets".
       Overriding target "GetCopyToPublishDirectoryItems" in project "C:\Program Files\dotnet\sdk\9.0.101\Microsoft.Common.CurrentVersion.targets" with target "GetCopyToPublishDirectoryItems" from project "C:\Program Files\dotnet\sdk\9.0.101\Sdks\Microsoft.NET.Sdk\targets\Microsoft.NET.Publish.targets".
       Overriding target "BeforePublish" in project "C:\Program Files\dotnet\sdk\9.0.101\Microsoft.Common.CurrentVersion.targets" with target "BeforePublish" from project "C:\Program Files\dotnet\sdk\9.0.101\Sdks\Microsoft.NET.Sdk.Publish\targets\Microsoft.NET.Sdk.Publish.targets".
       Overriding target "AfterPublish" in project "C:\Program Files\dotnet\sdk\9.0.101\Microsoft.Common.CurrentVersion.targets" with target "AfterPublish" from project "C:\Program Files\dotnet\sdk\9.0.101\Sdks\Microsoft.NET.Sdk.Publish\targets\Microsoft.NET.Sdk.Publish.targets".
       The target "CollectUpToDateCheckInputDesignTime" listed in a BeforeTargets attribute at "C:\Program Files\dotnet\sdk\9.0.101\Sdks\Microsoft.NET.Sdk.StaticWebAssets\targets\Microsoft.NET.Sdk.StaticWebAssets.ScopedCss.targets (171,5)" does not exist in the project, and will be ignored.
       The target "CollectUpToDateCheckBuiltDesignTime" listed in a BeforeTargets attribute at "C:\Program Files\dotnet\sdk\9.0.101\Sdks\Microsoft.NET.Sdk.StaticWebAssets\targets\Microsoft.NET.Sdk.StaticWebAssets.ScopedCss.targets (171,5)" does not exist in the project, and will be ignored.
       The target "RazorGenerateComponentDeclaration" listed in an AfterTargets attribute at "C:\Program Files\dotnet\sdk\9.0.101\Sdks\Microsoft.NET.Sdk.Razor\targets\Microsoft.NET.Sdk.Razor.DesignTime.targets (55,53)" does not exist in the project, and will be ignored.
     1>Project "D:\Personal\MS3\VedhamsMidway\SRM\srm\StudentFormsApi\StudentFormsApi.csproj" on node 1 (Restore target(s)).
     1>Target "_LoadRestoreGraphEntryPoints" in file "C:\Program Files\dotnet\sdk\9.0.101\NuGet.targets" from project "D:\Personal\MS3\VedhamsMidway\SRM\srm\StudentFormsApi\StudentFormsApi.csproj" (target "_FilterRestoreGraphProjectInputItems" depends on it):
     1>Task "GetRestoreSolutionProjectsTask" skipped, due to false condition; ( $(MSBuildProjectFullPath.EndsWith('.metaproj')) == 'true' AND @(RestoreGraphProjectInputItems) == '' ) was evaluated as ( False == 'true' AND D:\Personal\MS3\VedhamsMidway\SRM\srm\StudentFormsApi\StudentFormsApi.csproj == '' ).
     1>Done building target "_LoadRestoreGraphEntryPoints" in project "StudentFormsApi.csproj".
     1>Target "_FilterRestoreGraphProjectInputItems" in file "C:\Program Files\dotnet\sdk\9.0.101\NuGet.targets" from project "D:\Personal\MS3\VedhamsMidway\SRM\srm\StudentFormsApi\StudentFormsApi.csproj" (target "_GenerateRestoreGraph" depends on it):
       Using "RemoveDuplicates" task from assembly "Microsoft.Build.Tasks.Core, Version=15.1.0.0, Culture=neutral, PublicKeyToken=b03f5f7f11d50a3a".
       Task "RemoveDuplicates"
       Done executing task "RemoveDuplicates".
       Using "MSBuild" task from assembly "Microsoft.Build.Tasks.Core, Version=15.1.0.0, Culture=neutral, PublicKeyToken=b03f5f7f11d50a3a".
       Task "MSBuild"
         Global Properties:
           ExcludeRestorePackageImports=true
     0>C:\Program Files\dotnet\sdk\9.0.101\Sdks\Microsoft.NET.Sdk\Sdk\Sdk.props(49,11): message : Property 'MSBuildExtensionsPath' with value 'C:\Program Files\dotnet\sdk\9.0.101\' expanded from the environment.
       Property reassignment: $(MSBuildProjectExtensionsPath)="D:\Personal\MS3\VedhamsMidway\SRM\srm\StudentFormsApi\obj\" (previous value: "obj\") at C:\Program Files\dotnet\sdk\9.0.101\Current\Microsoft.Common.props (60,5)
       C:\Program Files\dotnet\sdk\9.0.101\Current\Microsoft.Common.props(84,119): message : Property 'MSBuildUserExtensionsPath' with value 'C:\Users\alaga\AppData\Local\Microsoft\MSBuild' expanded from the environment.
       Property reassignment: $(AssemblySearchPaths)="{CandidateAssemblyFiles};{HintPathFromItem}" (previous value: "{CandidateAssemblyFiles}") at C:\Program Files\dotnet\sdk\9.0.101\Sdks\Microsoft.NET.Sdk\targets\Microsoft.NET.Sdk.props (90,5)
       Property reassignment: $(AssemblySearchPaths)="{CandidateAssemblyFiles};{HintPathFromItem};{TargetFrameworkDirectory}" (previous value: "{CandidateAssemblyFiles};{HintPathFromItem}") at C:\Program Files\dotnet\sdk\9.0.101\Sdks\Microsoft.NET.Sdk\targets\Microsoft.NET.Sdk.props (91,5)
       Property reassignment: $(AssemblySearchPaths)="{CandidateAssemblyFiles};{HintPathFromItem};{TargetFrameworkDirectory};{RawFileName}" (previous value: "{CandidateAssemblyFiles};{HintPathFromItem};{TargetFrameworkDirectory}") at C:\Program Files\dotnet\sdk\9.0.101\Sdks\Microsoft.NET.Sdk\targets\Microsoft.NET.Sdk.props (92,5)
       Property reassignment: $(TargetsForTfmSpecificContentInPackage)=";PackTool;_PackProjectToolValidation" (previous value: ";PackTool") at C:\Program Files\dotnet\sdk\9.0.101\Sdks\Microsoft.NET.Sdk\targets\Microsoft.NET.PackProjectTool.props (15,5)
       Property reassignment: $(DefaultItemExcludes)=";**\node_modules\**;node_modules\**;**\jspm_packages\**;jspm_packages\**" (previous value: ";**\node_modules\**;node_modules\**") at C:\Program Files\dotnet\sdk\9.0.101\Sdks\Microsoft.NET.Sdk.StaticWebAssets\Sdk\Sdk.StaticWebAssets.StaticAssets.ProjectSystem.props (23,5)
       Property reassignment: $(DefaultItemExcludes)=";**\node_modules\**;node_modules\**;**\jspm_packages\**;jspm_packages\**;**\bower_components\**;bower_components\**" (previous value: ";**\node_modules\**;node_modules\**;**\jspm_packages\**;jspm_packages\**") at C:\Program Files\dotnet\sdk\9.0.101\Sdks\Microsoft.NET.Sdk.StaticWebAssets\Sdk\Sdk.StaticWebAssets.StaticAssets.ProjectSystem.props (24,5)
       Property reassignment: $(DefaultItemExcludes)=";**\node_modules\**;node_modules\**;**\jspm_packages\**;jspm_packages\**;**\bower_components\**;bower_components\**;**\packages.lock.json" (previous value: ";**\node_modules\**;node_modules\**;**\jspm_packages\**;jspm_packages\**;**\bower_components\**;bower_components\**") at C:\Program Files\dotnet\sdk\9.0.101\Sdks\Microsoft.NET.Sdk.StaticWebAssets\Sdk\Sdk.StaticWebAssets.StaticAssets.ProjectSystem.props (25,5)
       Property reassignment: $(OutputType)="Exe" (previous value: "Library") at C:\Program Files\dotnet\sdk\9.0.101\Sdks\Microsoft.NET.Sdk.Web.ProjectSystem\targets\Microsoft.NET.Sdk.Web.ProjectSystem.props (16,5)
       Property reassignment: $(PublishProfileImported)="false" (previous value: "true") at C:\Program Files\dotnet\sdk\9.0.101\Sdks\Microsoft.NET.Sdk\targets\Microsoft.NET.Sdk.ImportPublishProfile.targets (28,5)
       Property reassignment: $(TargetPlatformVersion)="" (previous value: "0.0") at C:\Program Files\dotnet\sdk\9.0.101\Sdks\Microsoft.NET.Sdk\targets\Microsoft.NET.TargetFrameworkInference.targets (69,5)
       Property reassignment: $(DefaultItemExcludes)=";**\node_modules\**;node_modules\**;**\jspm_packages\**;jspm_packages\**;**\bower_components\**;bower_components\**;**\packages.lock.json;bin\Debug\/**" (previous value: ";**\node_modules\**;node_modules\**;**\jspm_packages\**;jspm_packages\**;**\bower_components\**;bower_components\**;**\packages.lock.json") at C:\Program Files\dotnet\sdk\9.0.101\Sdks\Microsoft.NET.Sdk\targets\Microsoft.NET.DefaultOutputPaths.targets (121,5)
       Property reassignment: $(DefaultItemExcludes)=";**\node_modules\**;node_modules\**;**\jspm_packages\**;jspm_packages\**;**\bower_components\**;bower_components\**;**\packages.lock.json;bin\Debug\/**;obj\Debug\/**" (previous value: ";**\node_modules\**;node_modules\**;**\jspm_packages\**;jspm_packages\**;**\bower_components\**;bower_components\**;**\packages.lock.json;bin\Debug\/**") at C:\Program Files\dotnet\sdk\9.0.101\Sdks\Microsoft.NET.Sdk\targets\Microsoft.NET.DefaultOutputPaths.targets (122,5)
       Property reassignment: $(OutputPath)="bin\Debug\net8.0\" (previous value: "bin\Debug\") at C:\Program Files\dotnet\sdk\9.0.101\Sdks\Microsoft.NET.Sdk\targets\Microsoft.NET.DefaultOutputPaths.targets (137,5)
       Property reassignment: $(IntermediateOutputPath)="obj\Debug\net8.0\" (previous value: "obj\Debug\") at C:\Program Files\dotnet\sdk\9.0.101\Sdks\Microsoft.NET.Sdk\targets\Microsoft.NET.DefaultOutputPaths.targets (142,5)
       Property reassignment: $(_FrameworkIdentifierForImplicitDefine)="NET" (previous value: "NETCOREAPP") at C:\Program Files\dotnet\sdk\9.0.101\Sdks\Microsoft.NET.Sdk\targets\Microsoft.NET.Sdk.BeforeCommon.targets (187,5)
       Property reassignment: $(_FrameworkVersionForImplicitDefine)="8_0" (previous value: "8.0") at C:\Program Files\dotnet\sdk\9.0.101\Sdks\Microsoft.NET.Sdk\targets\Microsoft.NET.Sdk.BeforeCommon.targets (192,5)
       Property reassignment: $(CommandLineArgsForDesignTimeEvaluation)="-langversion:12.0 -define:TRACE" (previous value: "-langversion:12.0") at C:\Program Files\dotnet\sdk\9.0.101\Roslyn\Microsoft.CSharp.Core.targets (205,5)
       Property reassignment: $(_DebugSymbolsProduced)="true" (previous value: "false") at C:\Program Files\dotnet\sdk\9.0.101\Microsoft.Common.CurrentVersion.targets (175,5)
       Property reassignment: $(_DocumentationFileProduced)="false" (previous value: "true") at C:\Program Files\dotnet\sdk\9.0.101\Microsoft.Common.CurrentVersion.targets (185,5)
       Property reassignment: $(MSBuildCopyMarkerName)="StudentF.E5209379" (previous value: "StudentFormsApi.csproj") at C:\Program Files\dotnet\sdk\9.0.101\Microsoft.Common.CurrentVersion.targets (392,5)
       Property reassignment: $(MSBuildCopyMarkerName)="StudentF.E5209379.Up2Date" (previous value: "StudentF.E5209379") at C:\Program Files\dotnet\sdk\9.0.101\Microsoft.Common.CurrentVersion.targets (393,5)
       Property reassignment: $(ProcessorArchitecture)="msil" (previous value: "") at C:\Program Files\dotnet\sdk\9.0.101\Microsoft.Common.CurrentVersion.targets (541,5)
       Property reassignment: $(DelaySign)="" (previous value: "false") at C:\Program Files\dotnet\sdk\9.0.101\Microsoft.Common.CurrentVersion.targets (580,5)
       C:\Program Files\dotnet\sdk\9.0.101\Microsoft.Common.CurrentVersion.targets(2579,5): message : Property 'LOCALAPPDATA' with value 'C:\Users\alaga\AppData\Local' expanded from the environment.
       Property reassignment: $(_SGenGenerateSerializationAssembliesConfig)="Auto" (previous value: "") at C:\Program Files\dotnet\sdk\9.0.101\Microsoft.Common.CurrentVersion.targets (3897,5)
       Property reassignment: $(_SGenGenerateSerializationAssembliesConfig)="Off" (previous value: "Auto") at C:\Program Files\dotnet\sdk\9.0.101\Microsoft.Common.CurrentVersion.targets (3898,5)
       Property reassignment: $(_TargetsThatPrepareProjectReferences)="
             AssignProjectConfiguration;
             _SplitProjectReferencesByFileExistence
           " (previous value: "_SplitProjectReferencesByFileExistence") at C:\Program Files\dotnet\sdk\9.0.101\Microsoft.Common.CurrentVersion.targets (5100,5)
       C:\Program Files\dotnet\sdk\9.0.101\Microsoft.Common.CurrentVersion.targets(6846,5): message : Property 'MSBuildExtensionsPath32' with value 'C:\Program Files\dotnet\sdk\9.0.101' expanded from the environment.
       Property reassignment: $(ProjectAssetsFile)="D:\Personal\MS3\VedhamsMidway\SRM\srm\StudentFormsApi\obj\project.assets.json" (previous value: "D:\Personal\MS3\VedhamsMidway\SRM\srm\StudentFormsApi\obj\/project.assets.json") at C:\Program Files\dotnet\sdk\9.0.101\Sdks\Microsoft.NET.Sdk\targets\Microsoft.PackageDependencyResolution.targets (24,5)
       Property reassignment: $(ProjectAssetsCacheFile)="D:\Personal\MS3\VedhamsMidway\SRM\srm\StudentFormsApi\obj\Debug\net8.0\StudentFormsApi.assets.cache" (previous value: "obj\Debug\net8.0\StudentFormsApi.assets.cache") at C:\Program Files\dotnet\sdk\9.0.101\Sdks\Microsoft.NET.Sdk\targets\Microsoft.PackageDependencyResolution.targets (29,5)
       Property reassignment: $(ResolveAssemblyReferencesDependsOn)="
             
             ResolveProjectReferences;
             FindInvalidProjectReferences;
             GetFrameworkPaths;
             GetReferenceAssemblyPaths;
             PrepareForBuild;
             ResolveSDKReferences;
             ExpandSDKReferences;
           ;
             ResolvePackageDependenciesForBuild;
             _HandlePackageFileConflicts;
           " (previous value: "
             ResolveProjectReferences;
             FindInvalidProjectReferences;
             GetFrameworkPaths;
             GetReferenceAssemblyPaths;
             PrepareForBuild;
             ResolveSDKReferences;
             ExpandSDKReferences;
           ") at C:\Program Files\dotnet\sdk\9.0.101\Sdks\Microsoft.NET.Sdk\targets\Microsoft.PackageDependencyResolution.targets (80,5)
       Property reassignment: $(PrepareResourcesDependsOn)="
             ResolvePackageDependenciesForBuild;
             _HandlePackageFileConflicts;
             
             ;
             PrepareResourceNames;
             ResGen;
             CompileLicxFiles
           
           " (previous value: "
             ;
             PrepareResourceNames;
             ResGen;
             CompileLicxFiles
           ") at C:\Program Files\dotnet\sdk\9.0.101\Sdks\Microsoft.NET.Sdk\targets\Microsoft.PackageDependencyResolution.targets (86,5)
       Property reassignment: $(DefaultItemExcludes)=";**\node_modules\**;node_modules\**;**\jspm_packages\**;jspm_packages\**;**\bower_components\**;bower_components\**;**\packages.lock.json;bin\Debug\/**;obj\Debug\/**;bin\/**" (previous value: ";**\node_modules\**;node_modules\**;**\jspm_packages\**;jspm_packages\**;**\bower_components\**;bower_components\**;**\packages.lock.json;bin\Debug\/**;obj\Debug\/**") at C:\Program Files\dotnet\sdk\9.0.101\Sdks\Microsoft.NET.Sdk\targets\Microsoft.NET.Sdk.DefaultItems.targets (27,5)
       Property reassignment: $(DefaultItemExcludes)=";**\node_modules\**;node_modules\**;**\jspm_packages\**;jspm_packages\**;**\bower_components\**;bower_components\**;**\packages.lock.json;bin\Debug\/**;obj\Debug\/**;bin\/**;obj\/**" (previous value: ";**\node_modules\**;node_modules\**;**\jspm_packages\**;jspm_packages\**;**\bower_components\**;bower_components\**;**\packages.lock.json;bin\Debug\/**;obj\Debug\/**;bin\/**") at C:\Program Files\dotnet\sdk\9.0.101\Sdks\Microsoft.NET.Sdk\targets\Microsoft.NET.Sdk.DefaultItems.targets (29,5)
       Property reassignment: $(DefaultItemExcludes)=";**\node_modules\**;node_modules\**;**\jspm_packages\**;jspm_packages\**;**\bower_components\**;bower_components\**;**\packages.lock.json;bin\Debug\/**;obj\Debug\/**;bin\/**;obj\/**;**/*.user" (previous value: ";**\node_modules\**;node_modules\**;**\jspm_packages\**;jspm_packages\**;**\bower_components\**;bower_components\**;**\packages.lock.json;bin\Debug\/**;obj\Debug\/**;bin\/**;obj\/**") at C:\Program Files\dotnet\sdk\9.0.101\Sdks\Microsoft.NET.Sdk\targets\Microsoft.NET.Sdk.DefaultItems.targets (32,5)
       Property reassignment: $(DefaultItemExcludes)=";**\node_modules\**;node_modules\**;**\jspm_packages\**;jspm_packages\**;**\bower_components\**;bower_components\**;**\packages.lock.json;bin\Debug\/**;obj\Debug\/**;bin\/**;obj\/**;**/*.user;**/*.*proj" (previous value: ";**\node_modules\**;node_modules\**;**\jspm_packages\**;jspm_packages\**;**\bower_components\**;bower_components\**;**\packages.lock.json;bin\Debug\/**;obj\Debug\/**;bin\/**;obj\/**;**/*.user") at C:\Program Files\dotnet\sdk\9.0.101\Sdks\Microsoft.NET.Sdk\targets\Microsoft.NET.Sdk.DefaultItems.targets (33,5)
       Property reassignment: $(DefaultItemExcludes)=";**\node_modules\**;node_modules\**;**\jspm_packages\**;jspm_packages\**;**\bower_components\**;bower_components\**;**\packages.lock.json;bin\Debug\/**;obj\Debug\/**;bin\/**;obj\/**;**/*.user;**/*.*proj;**/*.sln" (previous value: ";**\node_modules\**;node_modules\**;**\jspm_packages\**;jspm_packages\**;**\bower_components\**;bower_components\**;**\packages.lock.json;bin\Debug\/**;obj\Debug\/**;bin\/**;obj\/**;**/*.user;**/*.*proj") at C:\Program Files\dotnet\sdk\9.0.101\Sdks\Microsoft.NET.Sdk\targets\Microsoft.NET.Sdk.DefaultItems.targets (34,5)
       Property reassignment: $(DefaultItemExcludes)=";**\node_modules\**;node_modules\**;**\jspm_packages\**;jspm_packages\**;**\bower_components\**;bower_components\**;**\packages.lock.json;bin\Debug\/**;obj\Debug\/**;bin\/**;obj\/**;**/*.user;**/*.*proj;**/*.sln;**/*.vssscc" (previous value: ";**\node_modules\**;node_modules\**;**\jspm_packages\**;jspm_packages\**;**\bower_components\**;bower_components\**;**\packages.lock.json;bin\Debug\/**;obj\Debug\/**;bin\/**;obj\/**;**/*.user;**/*.*proj;**/*.sln") at C:\Program Files\dotnet\sdk\9.0.101\Sdks\Microsoft.NET.Sdk\targets\Microsoft.NET.Sdk.DefaultItems.targets (35,5)
       Property reassignment: $(DefaultItemExcludes)=";**\node_modules\**;node_modules\**;**\jspm_packages\**;jspm_packages\**;**\bower_components\**;bower_components\**;**\packages.lock.json;bin\Debug\/**;obj\Debug\/**;bin\/**;obj\/**;**/*.user;**/*.*proj;**/*.sln;**/*.vssscc;**/.DS_Store" (previous value: ";**\node_modules\**;node_modules\**;**\jspm_packages\**;jspm_packages\**;**\bower_components\**;bower_components\**;**\packages.lock.json;bin\Debug\/**;obj\Debug\/**;bin\/**;obj\/**;**/*.user;**/*.*proj;**/*.sln;**/*.vssscc") at C:\Program Files\dotnet\sdk\9.0.101\Sdks\Microsoft.NET.Sdk\targets\Microsoft.NET.Sdk.DefaultItems.targets (36,5)
       Property reassignment: $(ResolveAssemblyReferencesDependsOn)="
             
             
             ResolveProjectReferences;
             FindInvalidProjectReferences;
             GetFrameworkPaths;
             GetReferenceAssemblyPaths;
             PrepareForBuild;
             ResolveSDKReferences;
             ExpandSDKReferences;
           ;
             ResolvePackageDependenciesForBuild;
             _HandlePackageFileConflicts;
           ;
             ResolveTargetingPackAssets;
           " (previous value: "
             
             ResolveProjectReferences;
             FindInvalidProjectReferences;
             GetFrameworkPaths;
             GetReferenceAssemblyPaths;
             PrepareForBuild;
             ResolveSDKReferences;
             ExpandSDKReferences;
           ;
             ResolvePackageDependenciesForBuild;
             _HandlePackageFileConflicts;
           ") at C:\Program Files\dotnet\sdk\9.0.101\Sdks\Microsoft.NET.Sdk\targets\Microsoft.NET.Sdk.FrameworkReferenceResolution.targets (14,5)
       Property reassignment: $(_GenerateRuntimeConfigurationPropertyInputsCache)="D:\Personal\MS3\VedhamsMidway\SRM\srm\StudentFormsApi\obj\Debug\net8.0\StudentFormsApi.genruntimeconfig.cache" (previous value: "obj\Debug\net8.0\StudentFormsApi.genruntimeconfig.cache") at C:\Program Files\dotnet\sdk\9.0.101\Sdks\Microsoft.NET.Sdk\targets\Microsoft.NET.Sdk.targets (44,5)
       Property reassignment: $(_GeneratePublishDependencyFilePropertyInputsCache)="D:\Personal\MS3\VedhamsMidway\SRM\srm\StudentFormsApi\obj\Debug\net8.0\StudentFormsApi.genpublishdeps.cache" (previous value: "obj\Debug\net8.0\StudentFormsApi.genpublishdeps.cache") at C:\Program Files\dotnet\sdk\9.0.101\Sdks\Microsoft.NET.Sdk\targets\Microsoft.NET.Sdk.targets (46,5)
       Property reassignment: $(_GenerateSingleFileBundlePropertyInputsCache)="D:\Personal\MS3\VedhamsMidway\SRM\srm\StudentFormsApi\obj\Debug\net8.0\StudentFormsApi.genbundle.cache" (previous value: "obj\Debug\net8.0\StudentFormsApi.genbundle.cache") at C:\Program Files\dotnet\sdk\9.0.101\Sdks\Microsoft.NET.Sdk\targets\Microsoft.NET.Sdk.targets (48,5)
       Property reassignment: $(GenerateRuntimeConfigDevFile)="false" (previous value: "true") at C:\Program Files\dotnet\sdk\9.0.101\Sdks\Microsoft.NET.Sdk\targets\Microsoft.NET.Sdk.targets (81,5)
       C:\Program Files\dotnet\sdk\9.0.101\Sdks\Microsoft.NET.Sdk\targets\Microsoft.NET.Sdk.targets(97,5): message : Property 'USERPROFILE' with value 'C:\Users\alaga' expanded from the environment.
       Property reassignment: $(_DefaultUserProfileRuntimeStorePath)="C:\Users\alaga" (previous value: "") at C:\Program Files\dotnet\sdk\9.0.101\Sdks\Microsoft.NET.Sdk\targets\Microsoft.NET.Sdk.targets (97,5)
       Property reassignment: $(_DefaultUserProfileRuntimeStorePath)="C:\Users\alaga\.dotnet\store" (previous value: "C:\Users\alaga") at C:\Program Files\dotnet\sdk\9.0.101\Sdks\Microsoft.NET.Sdk\targets\Microsoft.NET.Sdk.targets (98,5)
       Property reassignment: $(AvailablePlatforms)="Any CPU,x86,x64,ARM32" (previous value: "Any CPU,x86,x64") at C:\Program Files\dotnet\sdk\9.0.101\Sdks\Microsoft.NET.Sdk\targets\Microsoft.NET.Sdk.targets (140,5)
       Property reassignment: $(AvailablePlatforms)="Any CPU,x86,x64,ARM32,ARM64" (previous value: "Any CPU,x86,x64,ARM32") at C:\Program Files\dotnet\sdk\9.0.101\Sdks\Microsoft.NET.Sdk\targets\Microsoft.NET.Sdk.targets (144,5)
       Property reassignment: $(CoreBuildDependsOn)="
             _CheckForBuildWithNoBuild;
             
             BuildOnlySettings;
             PrepareForBuild;
             PreBuildEvent;
             ResolveReferences;
             PrepareResources;
             ResolveKeySource;
             Compile;
             ExportWindowsMDFile;
             UnmanagedUnregistration;
             GenerateSerializationAssemblies;
             CreateSatelliteAssemblies;
             GenerateManifests;
             GetTargetPath;
             PrepareForRun;
             UnmanagedRegistration;
             IncrementalClean;
             PostBuildEvent
           ;
             GenerateBuildDependencyFile;
             GenerateBuildRuntimeConfigurationFiles
           " (previous value: "
             BuildOnlySettings;
             PrepareForBuild;
             PreBuildEvent;
             ResolveReferences;
             PrepareResources;
             ResolveKeySource;
             Compile;
             ExportWindowsMDFile;
             UnmanagedUnregistration;
             GenerateSerializationAssemblies;
             CreateSatelliteAssemblies;
             GenerateManifests;
             GetTargetPath;
             PrepareForRun;
             UnmanagedRegistration;
             IncrementalClean;
             PostBuildEvent
           ") at C:\Program Files\dotnet\sdk\9.0.101\Sdks\Microsoft.NET.Sdk\targets\Microsoft.NET.Sdk.targets (201,5)
       Property reassignment: $(CoreCleanDependsOn)="
             _SdkBeforeClean;
             
           " (previous value: "") at C:\Program Files\dotnet\sdk\9.0.101\Sdks\Microsoft.NET.Sdk\targets\Microsoft.NET.Sdk.targets (210,5)
       Property reassignment: $(RebuildDependsOn)="
             _SdkBeforeRebuild;
             
             BeforeRebuild;
             Clean;
             Build;
             AfterRebuild;
           
           " (previous value: "
             BeforeRebuild;
             Clean;
             Build;
             AfterRebuild;
           ") at C:\Program Files\dotnet\sdk\9.0.101\Sdks\Microsoft.NET.Sdk\targets\Microsoft.NET.Sdk.targets (217,5)
       Property reassignment: $(CompileDependsOn)="
             
             ResolveReferences;
             ResolveKeySource;
             SetWin32ManifestProperties;
             _SetPreferNativeArm64Win32ManifestProperties;
             FindReferenceAssembliesForReferences;
             _GenerateCompileInputs;
             BeforeCompile;
             _TimeStampBeforeCompile;
             _GenerateCompileDependencyCache;
             CoreCompile;
             _TimeStampAfterCompile;
             AfterCompile;
           ;
             _CreateAppHost;
             _CreateComHost;
             _GetIjwHostPaths;
           " (previous value: "
             ResolveReferences;
             ResolveKeySource;
             SetWin32ManifestProperties;
             _SetPreferNativeArm64Win32ManifestProperties;
             FindReferenceAssembliesForReferences;
             _GenerateCompileInputs;
             BeforeCompile;
             _TimeStampBeforeCompile;
             _GenerateCompileDependencyCache;
             CoreCompile;
             _TimeStampAfterCompile;
             AfterCompile;
           ") at C:\Program Files\dotnet\sdk\9.0.101\Sdks\Microsoft.NET.Sdk\targets\Microsoft.NET.Sdk.targets (783,5)
       Property reassignment: $(CreateSatelliteAssembliesDependsOn)="
             
             ;
             _GenerateSatelliteAssemblyInputs;
             ComputeIntermediateSatelliteAssemblies;
             GenerateSatelliteAssemblies
           ;
             CoreGenerateSatelliteAssemblies
           " (previous value: "
             ;
             _GenerateSatelliteAssemblyInputs;
             ComputeIntermediateSatelliteAssemblies;
             GenerateSatelliteAssemblies
           ") at C:\Program Files\dotnet\sdk\9.0.101\Sdks\Microsoft.NET.Sdk\targets\Microsoft.NET.Sdk.targets (1183,5)
       Property reassignment: $(SourceLinkUrlInitializerTargets)=";_InitializeGitHubSourceLinkUrl;_InitializeGitLabSourceLinkUrl" (previous value: ";_InitializeGitHubSourceLinkUrl") at C:\Program Files\dotnet\sdk\9.0.101\Sdks\Microsoft.SourceLink.GitLab\build\Microsoft.SourceLink.GitLab.targets (12,5)
       Property reassignment: $(SourceControlManagerUrlTranslationTargets)=";TranslateGitHubUrlsInSourceControlInformation;TranslateGitLabUrlsInSourceControlInformation" (previous value: ";TranslateGitHubUrlsInSourceControlInformation") at C:\Program Files\dotnet\sdk\9.0.101\Sdks\Microsoft.SourceLink.GitLab\build\Microsoft.SourceLink.GitLab.targets (13,5)
       Property reassignment: $(SourceLinkUrlInitializerTargets)=";_InitializeGitHubSourceLinkUrl;_InitializeGitLabSourceLinkUrl;_InitializeAzureReposGitSourceLinkUrl" (previous value: ";_InitializeGitHubSourceLinkUrl;_InitializeGitLabSourceLinkUrl") at C:\Program Files\dotnet\sdk\9.0.101\Sdks\Microsoft.SourceLink.AzureRepos.Git\build\Microsoft.SourceLink.AzureRepos.Git.targets (12,5)
       Property reassignment: $(SourceControlManagerUrlTranslationTargets)=";TranslateGitHubUrlsInSourceControlInformation;TranslateGitLabUrlsInSourceControlInformation;TranslateAzureReposGitUrlsInSourceControlInformation" (previous value: ";TranslateGitHubUrlsInSourceControlInformation;TranslateGitLabUrlsInSourceControlInformation") at C:\Program Files\dotnet\sdk\9.0.101\Sdks\Microsoft.SourceLink.AzureRepos.Git\build\Microsoft.SourceLink.AzureRepos.Git.targets (13,5)
       Property reassignment: $(SourceLinkUrlInitializerTargets)=";_InitializeGitHubSourceLinkUrl;_InitializeGitLabSourceLinkUrl;_InitializeAzureReposGitSourceLinkUrl;_InitializeBitbucketGitSourceLinkUrl" (previous value: ";_InitializeGitHubSourceLinkUrl;_InitializeGitLabSourceLinkUrl;_InitializeAzureReposGitSourceLinkUrl") at C:\Program Files\dotnet\sdk\9.0.101\Sdks\Microsoft.SourceLink.Bitbucket.Git\build\Microsoft.SourceLink.Bitbucket.Git.targets (12,5)
       Property reassignment: $(SourceControlManagerUrlTranslationTargets)=";TranslateGitHubUrlsInSourceControlInformation;TranslateGitLabUrlsInSourceControlInformation;TranslateAzureReposGitUrlsInSourceControlInformation;TranslateBitbucketGitUrlsInSourceControlInformation" (previous value: ";TranslateGitHubUrlsInSourceControlInformation;TranslateGitLabUrlsInSourceControlInformation;TranslateAzureReposGitUrlsInSourceControlInformation") at C:\Program Files\dotnet\sdk\9.0.101\Sdks\Microsoft.SourceLink.Bitbucket.Git\build\Microsoft.SourceLink.Bitbucket.Git.targets (13,5)
       Property reassignment: $(DesignerRuntimeImplementationProjectOutputGroupDependsOn)="
             
             ;
             
             ;
             BuildOnlySettings;
             PrepareForBuild;
             AssignTargetPaths;
             ResolveReferences
           
           ;
             _GenerateDesignerDepsFile;
             _GenerateDesignerRuntimeConfigFile;
             GetCopyToOutputDirectoryItems;
             _GatherDesignerShadowCopyFiles;
           " (previous value: "
             ;
             
             ;
             BuildOnlySettings;
             PrepareForBuild;
             AssignTargetPaths;
             ResolveReferences
           
           ") at C:\Program Files\dotnet\sdk\9.0.101\Sdks\Microsoft.NET.Sdk\targets\Microsoft.NET.DesignerSupport.targets (21,5)
       Property reassignment: $(_GenerateToolsSettingsFileCacheFile)="D:\Personal\MS3\VedhamsMidway\SRM\srm\StudentFormsApi\obj\Debug\net8.0\StudentFormsApi.toolssettingsinput.cache" (previous value: "obj\Debug\net8.0\StudentFormsApi.toolssettingsinput.cache") at C:\Program Files\dotnet\sdk\9.0.101\Sdks\Microsoft.NET.Sdk\targets\Microsoft.NET.PackTool.targets (68,5)
       Property reassignment: $(_ShimInputCacheFile)="D:\Personal\MS3\VedhamsMidway\SRM\srm\StudentFormsApi\obj\Debug\net8.0\StudentFormsApi.shiminput.cache" (previous value: "obj\Debug\net8.0\StudentFormsApi.shiminput.cache") at C:\Program Files\dotnet\sdk\9.0.101\Sdks\Microsoft.NET.Sdk\targets\Microsoft.NET.PackTool.targets (137,5)
       Property reassignment: $(_ShimCreatedSentinelFile)="D:\Personal\MS3\VedhamsMidway\SRM\srm\StudentFormsApi\obj\Debug\net8.0\StudentFormsApi.shimcreated.sentinel" (previous value: "obj\Debug\net8.0\StudentFormsApi.shimcreated.sentinel") at C:\Program Files\dotnet\sdk\9.0.101\Sdks\Microsoft.NET.Sdk\targets\Microsoft.NET.PackTool.targets (139,5)
       Property reassignment: $(DefineConstants)="TRACE;DEBUG" (previous value: "TRACE") at C:\Program Files\dotnet\sdk\9.0.101\Sdks\Microsoft.NET.Sdk\targets\Microsoft.NET.Sdk.CSharp.targets (31,5)
       Property reassignment: $(DefineConstants)="TRACE;DEBUG;NET;NET8_0;NETCOREAPP" (previous value: "TRACE;DEBUG") at C:\Program Files\dotnet\sdk\9.0.101\Sdks\Microsoft.NET.Sdk\targets\Microsoft.NET.Sdk.CSharp.targets (34,5)
       Property reassignment: $(WarningsAsErrors)=";NU1605;SYSLIB0011" (previous value: ";NU1605") at C:\Program Files\dotnet\sdk\9.0.101\Sdks\Microsoft.NET.Sdk\targets\Microsoft.NET.Sdk.CSharp.targets (48,5)
       Property reassignment: $(PackageDescription)="Package Description" (previous value: "") at C:\Program Files\dotnet\sdk\9.0.101\Sdks\NuGet.Build.Tasks.Pack\build\NuGet.Build.Tasks.Pack.targets (34,5)
       Property reassignment: $(GenerateNuspecDependsOn)="Build;_LoadPackInputItems; _GetTargetFrameworksOutput; _WalkEachTargetPerFramework; _GetPackageFiles; " (previous value: "_LoadPackInputItems; _GetTargetFrameworksOutput; _WalkEachTargetPerFramework; _GetPackageFiles; ") at C:\Program Files\dotnet\sdk\9.0.101\Sdks\NuGet.Build.Tasks.Pack\build\NuGet.Build.Tasks.Pack.targets (59,5)
       Property reassignment: $(_IsNotSetContainersTargetsDir)="true" (previous value: "false") at C:\Program Files\dotnet\sdk\9.0.101\Sdks\Microsoft.NET.Sdk\Sdk\Sdk.targets (60,5)
       Property reassignment: $(_IsSDKContainerAllowedVersion)="true" (previous value: "false") at C:\Program Files\dotnet\sdk\9.0.101\Containers\build\Microsoft.NET.Build.Containers.targets (5,5)
       Property reassignment: $(_ContainerIsTargetingNet8TFM)="true" (previous value: "false") at C:\Program Files\dotnet\sdk\9.0.101\Containers\build\Microsoft.NET.Build.Containers.targets (15,5)
       C:\Program Files\dotnet\sdk\9.0.101\Sdks\Microsoft.NET.Sdk.StaticWebAssets\targets\Sdk.StaticWebAssets.CurrentVersion.targets(37,18): message : Property 'DOTNET_HOST_PATH' with value 'C:\Program Files\dotnet\dotnet.exe' expanded from the environment.
       Property reassignment: $(PrepareForRunDependsOn)="StaticWebAssetsPrepareForRun;
             CopyFilesToOutputDirectory
           " (previous value: "
             CopyFilesToOutputDirectory
           ") at C:\Program Files\dotnet\sdk\9.0.101\Sdks\Microsoft.NET.Sdk.StaticWebAssets\targets\Microsoft.NET.Sdk.StaticWebAssets.targets (286,5)
       Property reassignment: $(GetCopyToOutputDirectoryItemsDependsOn)="
             AssignTargetPaths;
             
             AssignProjectConfiguration;
             _SplitProjectReferencesByFileExistence
           ;
             _GetProjectReferenceTargetFrameworkProperties;
             _PopulateCommonStateForGetCopyToOutputDirectoryItems
           ;AddStaticWebAssetsManifest;AddStaticWebAssetEndpointsBuildManifest" (previous value: "
             AssignTargetPaths;
             
             AssignProjectConfiguration;
             _SplitProjectReferencesByFileExistence
           ;
             _GetProjectReferenceTargetFrameworkProperties;
             _PopulateCommonStateForGetCopyToOutputDirectoryItems
           ") at C:\Program Files\dotnet\sdk\9.0.101\Sdks\Microsoft.NET.Sdk.StaticWebAssets\targets\Microsoft.NET.Sdk.StaticWebAssets.targets (323,5)
       Property reassignment: $(GenerateNuspecDependsOn)="
             IncludeStaticWebAssetsPackItems;
             Build;_LoadPackInputItems; _GetTargetFrameworksOutput; _WalkEachTargetPerFramework; _GetPackageFiles; ;
           " (previous value: "Build;_LoadPackInputItems; _GetTargetFrameworksOutput; _WalkEachTargetPerFramework; _GetPackageFiles; ") at C:\Program Files\dotnet\sdk\9.0.101\Sdks\Microsoft.NET.Sdk.StaticWebAssets\targets\Microsoft.NET.Sdk.StaticWebAssets.Pack.targets (46,5)
       Property reassignment: $(IncludeStaticWebAssetsPackItemsDependsOn)="
             Build;
             ResolveStaticWebAssetsConfiguration;LoadStaticWebAssetsBuildManifest
           ;
           " (previous value: "
             ResolveStaticWebAssetsConfiguration;LoadStaticWebAssetsBuildManifest
           ") at C:\Program Files\dotnet\sdk\9.0.101\Sdks\Microsoft.NET.Sdk.StaticWebAssets\targets\Microsoft.NET.Sdk.StaticWebAssets.Pack.targets (55,5)
       Property reassignment: $(ResolveStaticWebAssetsInputsDependsOn)="
           
             ResolveCoreStaticWebAssets;
             GenerateComputedBuildStaticWebAssets;
             
           ;
           ResolveScopedCssAssets;
         " (previous value: "
             ResolveCoreStaticWebAssets;
             GenerateComputedBuildStaticWebAssets;
             
           ") at C:\Program Files\dotnet\sdk\9.0.101\Sdks\Microsoft.NET.Sdk.StaticWebAssets\targets\Microsoft.NET.Sdk.StaticWebAssets.ScopedCss.targets (55,3)
       Property reassignment: $(GenerateComputedBuildStaticWebAssetsDependsOn)="
           ResolveCoreStaticWebAssets;;
           BundleScopedCssFiles;
         " (previous value: "ResolveCoreStaticWebAssets;") at C:\Program Files\dotnet\sdk\9.0.101\Sdks\Microsoft.NET.Sdk.StaticWebAssets\targets\Microsoft.NET.Sdk.StaticWebAssets.ScopedCss.targets (88,3)
       Property reassignment: $(ResolveCoreStaticWebAssetsDependsOn)="
             
             UpdateExistingPackageStaticWebAssets;
             ResolveProjectStaticWebAssets;
             ResolveEmbeddedProjectsStaticWebAssets;
             ResolveReferencedProjectsStaticWebAssets;
             ;
           ;
             ResolveJSModuleStaticWebAssets;
             ResolveJsInitializerModuleStaticWebAssets;
           " (previous value: "
             UpdateExistingPackageStaticWebAssets;
             ResolveProjectStaticWebAssets;
             ResolveEmbeddedProjectsStaticWebAssets;
             ResolveReferencedProjectsStaticWebAssets;
             ;
           ") at C:\Program Files\dotnet\sdk\9.0.101\Sdks\Microsoft.NET.Sdk.StaticWebAssets\targets\Microsoft.NET.Sdk.StaticWebAssets.JSModules.targets (37,5)
       Property reassignment: $(ResolveStaticWebAssetsInputsDependsOn)="
             ResolveJSModuleManifestBuildStaticWebAssets;
             
           
             ResolveCoreStaticWebAssets;
             GenerateComputedBuildStaticWebAssets;
             
           ;
           ResolveScopedCssAssets;
         
           " (previous value: "
           
             ResolveCoreStaticWebAssets;
             GenerateComputedBuildStaticWebAssets;
             
           ;
           ResolveScopedCssAssets;
         ") at C:\Program Files\dotnet\sdk\9.0.101\Sdks\Microsoft.NET.Sdk.StaticWebAssets\targets\Microsoft.NET.Sdk.StaticWebAssets.JSModules.targets (53,5)
       Property reassignment: $(ResolvePublishStaticWebAssetsDependsOn)="
             ResolveJSModuleManifestPublishStaticWebAssets;
             
             ResolveCorePublishStaticWebAssets;
             GenerateComputedPublishStaticWebAssets;
             ;
           
           " (previous value: "
             ResolveCorePublishStaticWebAssets;
             GenerateComputedPublishStaticWebAssets;
             ;
           ") at C:\Program Files\dotnet\sdk\9.0.101\Sdks\Microsoft.NET.Sdk.StaticWebAssets\targets\Microsoft.NET.Sdk.StaticWebAssets.JSModules.targets (72,5)
       Property reassignment: $(ResolveBuildRelatedStaticWebAssetsDependsOn)="
             ResolveBuildCompressedStaticWebAssets;
             
             ResolveStaticWebAssetsInputs;
             
           
           " (previous value: "
             ResolveStaticWebAssetsInputs;
             
           ") at C:\Program Files\dotnet\sdk\9.0.101\Sdks\Microsoft.NET.Sdk.StaticWebAssets\targets\Microsoft.NET.Sdk.StaticWebAssets.Compression.targets (179,5)
       Property reassignment: $(ResolvePublishRelatedStaticWebAssetsDependsOn)="
             ResolvePublishCompressedStaticWebAssets;
             
           " (previous value: "") at C:\Program Files\dotnet\sdk\9.0.101\Sdks\Microsoft.NET.Sdk.StaticWebAssets\targets\Microsoft.NET.Sdk.StaticWebAssets.Compression.targets (198,5)
       Property reassignment: $(DebugSymbolsProjectOutputGroupDependsOn)="
             ;
             _RazorAddDebugSymbolsProjectOutputGroupOutput
           " (previous value: "") at C:\Program Files\dotnet\sdk\9.0.101\Sdks\Microsoft.NET.Sdk.Razor\targets\Sdk.Razor.CurrentVersion.targets (205,5)
       Property reassignment: $(PrepareForBuildDependsOn)="
             ;GetFrameworkPaths;GetReferenceAssemblyPaths;AssignLinkMetadata;
             ResolveRazorGenerateInputs
           " (previous value: ";GetFrameworkPaths;GetReferenceAssemblyPaths;AssignLinkMetadata") at C:\Program Files\dotnet\sdk\9.0.101\Sdks\Microsoft.NET.Sdk.Razor\targets\Sdk.Razor.CurrentVersion.targets (210,5)
       Property reassignment: $(GenerateNuspecDependsOn)="
             ResolveRazorGenerateInputs;
             
             IncludeStaticWebAssetsPackItems;
             Build;_LoadPackInputItems; _GetTargetFrameworksOutput; _WalkEachTargetPerFramework; _GetPackageFiles; ;
           
           " (previous value: "
             IncludeStaticWebAssetsPackItems;
             Build;_LoadPackInputItems; _GetTargetFrameworksOutput; _WalkEachTargetPerFramework; _GetPackageFiles; ;
           ") at C:\Program Files\dotnet\sdk\9.0.101\Sdks\Microsoft.NET.Sdk.Razor\targets\Sdk.Razor.CurrentVersion.targets (215,5)
       Property reassignment: $(PrepareForRunDependsOn)="
             _RazorPrepareForRun;
             StaticWebAssetsPrepareForRun;
             CopyFilesToOutputDirectory
           
           " (previous value: "StaticWebAssetsPrepareForRun;
             CopyFilesToOutputDirectory
           ") at C:\Program Files\dotnet\sdk\9.0.101\Sdks\Microsoft.NET.Sdk.Razor\targets\Sdk.Razor.CurrentVersion.targets (220,5)
       Property reassignment: $(UseRazorBuildServer)="true" (previous value: "") at C:\Program Files\dotnet\sdk\9.0.101\Sdks\Microsoft.NET.Sdk.Razor\targets\Sdk.Razor.CurrentVersion.targets (311,5)
       Property reassignment: $(_RazorDebugSymbolsProduced)="true" (previous value: "false") at C:\Program Files\dotnet\sdk\9.0.101\Sdks\Microsoft.NET.Sdk.Razor\targets\Sdk.Razor.CurrentVersion.targets (317,5)
       Property reassignment: $(GenerateRazorTargetAssemblyInfoDependsOn)="
             _ResolveMvcAssemblyAttributes;
             
             GetRazorTargetAssemblyAttributes;
             _CreateRazorTargetAssemblyInfoInputsCacheFile;
             CoreGenerateRazorTargetAssemblyInfo
           
           " (previous value: "
             GetRazorTargetAssemblyAttributes;
             _CreateRazorTargetAssemblyInfoInputsCacheFile;
             CoreGenerateRazorTargetAssemblyInfo
           ") at C:\Program Files\dotnet\sdk\9.0.101\Sdks\Microsoft.NET.Sdk.Razor\targets\Microsoft.NET.Sdk.Razor.GenerateAssemblyInfo.targets (36,5)
       Property reassignment: $(CoreCompileDependsOn)="
             ;_ComputeNonExistentFileProperty;ResolveCodeAnalysisRuleSet;
             _GenerateRazorAssemblyInfo
           " (previous value: ";_ComputeNonExistentFileProperty;ResolveCodeAnalysisRuleSet") at C:\Program Files\dotnet\sdk\9.0.101\Sdks\Microsoft.NET.Sdk.Razor\targets\Microsoft.NET.Sdk.Razor.GenerateAssemblyInfo.targets (181,5)
       Property reassignment: $(_GenerateRazorAssemblyInfoDependsOn)="
             _ResolveMvcAssemblyAttributes;
             RazorGetAssemblyAttributes;PrepareForBuild;_CoreGenerateRazorAssemblyInfo;
           " (previous value: "RazorGetAssemblyAttributes;PrepareForBuild;_CoreGenerateRazorAssemblyInfo") at C:\Program Files\dotnet\sdk\9.0.101\Sdks\Microsoft.NET.Sdk.Razor\targets\Microsoft.NET.Sdk.Razor.GenerateAssemblyInfo.targets (189,5)
       Property reassignment: $(CoreCompileDependsOn)="
             _DiscoverMvcApplicationParts;
             
             ;_ComputeNonExistentFileProperty;ResolveCodeAnalysisRuleSet;
             _GenerateRazorAssemblyInfo
           ;
           " (previous value: "
             ;_ComputeNonExistentFileProperty;ResolveCodeAnalysisRuleSet;
             _GenerateRazorAssemblyInfo
           ") at C:\Program Files\dotnet\sdk\9.0.101\Sdks\Microsoft.NET.Sdk.Razor\targets\Microsoft.NET.Sdk.Razor.MvcApplicationPartsDiscovery.targets (22,5)
       Property reassignment: $(RazorDesignTimeTargets)="C:\Program Files\dotnet\sdk\9.0.101\Sdks\Microsoft.NET.Sdk.Razor\targets\Microsoft.NET.Sdk.Razor.DesignTime.targets" (previous value: "C:\Program Files\dotnet\sdk\9.0.101\\Microsoft\VisualStudio\Razor\Microsoft.NET.Sdk.Razor.DesignTime.targets") at C:\Program Files\dotnet\sdk\9.0.101\Sdks\Microsoft.NET.Sdk.Razor\targets\Sdk.Razor.CurrentVersion.targets (791,5)
       Property reassignment: $(RunWorkingDirectory)="D:\Personal\MS3\VedhamsMidway\SRM\srm\StudentFormsApi" (previous value: "") at C:\Program Files\dotnet\sdk\9.0.101\Sdks\Microsoft.NET.Sdk.Web.ProjectSystem\targets\Microsoft.NET.Sdk.Web.ProjectSystem.targets (21,5)
       Property reassignment: $(PublishProfileImported)="true" (previous value: "false") at C:\Program Files\dotnet\sdk\9.0.101\Sdks\Microsoft.NET.Sdk.Publish\targets\Microsoft.NET.Sdk.Publish.targets (60,5)
       Property reassignment: $(PublishConfiguration)="Debug" (previous value: "") at C:\Program Files\dotnet\sdk\9.0.101\Sdks\Microsoft.NET.Sdk.Publish\targets\Microsoft.NET.Sdk.Publish.targets (81,5)
       Property reassignment: $(BaseIntermediateOutputPath)="D:\Personal\MS3\VedhamsMidway\SRM\srm\StudentFormsApi\obj\" (previous value: "obj\") at C:\Program Files\dotnet\sdk\9.0.101\Sdks\Microsoft.NET.Sdk.Publish\targets\Microsoft.NET.Sdk.Publish.targets (87,5)
       Overriding target "ResolveFrameworkReferences" in project "C:\Program Files\dotnet\sdk\9.0.101\Microsoft.Common.CurrentVersion.targets" with target "ResolveFrameworkReferences" from project "C:\Program Files\dotnet\sdk\9.0.101\Sdks\Microsoft.NET.Sdk\targets\Microsoft.NET.Sdk.FrameworkReferenceResolution.targets".
       Overriding target "Run" in project "C:\Program Files\dotnet\sdk\9.0.101\Microsoft.Common.CurrentVersion.targets" with target "Run" from project "C:\Program Files\dotnet\sdk\9.0.101\Sdks\Microsoft.NET.Sdk\targets\Microsoft.NET.Sdk.targets".
       Overriding target "GenerateSupportedTargetFrameworkAlias" in project "C:\Program Files\dotnet\sdk\9.0.101\Microsoft.Common.CurrentVersion.targets" with target "GenerateSupportedTargetFrameworkAlias" from project "C:\Program Files\dotnet\sdk\9.0.101\Sdks\Microsoft.NET.Sdk\targets\Microsoft.NET.Sdk.targets".
       Overriding target "GetReferenceAssemblyPaths" in project "C:\Program Files\dotnet\sdk\9.0.101\Microsoft.Common.CurrentVersion.targets" with target "GetReferenceAssemblyPaths" from project "C:\Program Files\dotnet\sdk\9.0.101\Sdks\Microsoft.NET.Sdk\targets\Microsoft.NET.DisableStandardFrameworkResolution.targets".
       Overriding target "GetFrameworkPaths" in project "C:\Program Files\dotnet\sdk\9.0.101\Microsoft.Common.CurrentVersion.targets" with target "GetFrameworkPaths" from project "C:\Program Files\dotnet\sdk\9.0.101\Sdks\Microsoft.NET.Sdk\targets\Microsoft.NET.DisableStandardFrameworkResolution.targets".
       Overriding target "DesignerRuntimeImplementationProjectOutputGroup" in project "C:\Program Files\dotnet\sdk\9.0.101\Microsoft.Common.CurrentVersion.targets" with target "DesignerRuntimeImplementationProjectOutputGroup" from project "C:\Program Files\dotnet\sdk\9.0.101\Sdks\Microsoft.NET.Sdk\targets\Microsoft.NET.DesignerSupport.targets".
       Overriding target "Publish" in project "C:\Program Files\dotnet\sdk\9.0.101\Microsoft.Common.CurrentVersion.targets" with target "Publish" from project "C:\Program Files\dotnet\sdk\9.0.101\Sdks\Microsoft.NET.Sdk\targets\Microsoft.NET.Publish.targets".
       Overriding target "ResolveReadyToRunCompilers" in project "C:\Program Files\dotnet\sdk\9.0.101\Sdks\Microsoft.NET.Sdk\targets\Microsoft.NET.CrossGen.targets" with target "ResolveReadyToRunCompilers" from project "C:\Program Files\dotnet\sdk\9.0.101\Sdks\Microsoft.NET.Sdk\targets\Microsoft.NET.Publish.targets".
       Overriding target "GetCopyToPublishDirectoryItems" in project "C:\Program Files\dotnet\sdk\9.0.101\Microsoft.Common.CurrentVersion.targets" with target "GetCopyToPublishDirectoryItems" from project "C:\Program Files\dotnet\sdk\9.0.101\Sdks\Microsoft.NET.Sdk\targets\Microsoft.NET.Publish.targets".
       Overriding target "BeforePublish" in project "C:\Program Files\dotnet\sdk\9.0.101\Microsoft.Common.CurrentVersion.targets" with target "BeforePublish" from project "C:\Program Files\dotnet\sdk\9.0.101\Sdks\Microsoft.NET.Sdk.Publish\targets\Microsoft.NET.Sdk.Publish.targets".
       Overriding target "AfterPublish" in project "C:\Program Files\dotnet\sdk\9.0.101\Microsoft.Common.CurrentVersion.targets" with target "AfterPublish" from project "C:\Program Files\dotnet\sdk\9.0.101\Sdks\Microsoft.NET.Sdk.Publish\targets\Microsoft.NET.Sdk.Publish.targets".
       The target "CollectUpToDateCheckInputDesignTime" listed in a BeforeTargets attribute at "C:\Program Files\dotnet\sdk\9.0.101\Sdks\Microsoft.NET.Sdk.StaticWebAssets\targets\Microsoft.NET.Sdk.StaticWebAssets.ScopedCss.targets (171,5)" does not exist in the project, and will be ignored.
       The target "CollectUpToDateCheckBuiltDesignTime" listed in a BeforeTargets attribute at "C:\Program Files\dotnet\sdk\9.0.101\Sdks\Microsoft.NET.Sdk.StaticWebAssets\targets\Microsoft.NET.Sdk.StaticWebAssets.ScopedCss.targets (171,5)" does not exist in the project, and will be ignored.
       The target "RazorGenerateComponentDeclaration" listed in an AfterTargets attribute at "C:\Program Files\dotnet\sdk\9.0.101\Sdks\Microsoft.NET.Sdk.Razor\targets\Microsoft.NET.Sdk.Razor.DesignTime.targets (55,53)" does not exist in the project, and will be ignored.
     1>Project "D:\Personal\MS3\VedhamsMidway\SRM\srm\StudentFormsApi\StudentFormsApi.csproj" (1) is building "D:\Personal\MS3\VedhamsMidway\SRM\srm\StudentFormsApi\StudentFormsApi.csproj" (1:2) on node 1 (_IsProjectRestoreSupported target(s)).
   1:2>Target "_IsProjectRestoreSupported" in file "C:\Program Files\dotnet\sdk\9.0.101\NuGet.targets" from project "D:\Personal\MS3\VedhamsMidway\SRM\srm\StudentFormsApi\StudentFormsApi.csproj" (entry point):
   1:2>Done building target "_IsProjectRestoreSupported" in project "StudentFormsApi.csproj".
   1:2>Done Building Project "D:\Personal\MS3\VedhamsMidway\SRM\srm\StudentFormsApi\StudentFormsApi.csproj" (_IsProjectRestoreSupported target(s)).
     1>Done executing task "MSBuild".
       Task "MSBuild" skipped, due to false condition; ( '$(RestoreUseSkipNonexistentTargets)' != 'true' ) was evaluated as ( 'true' != 'true' ).
       Assembly loaded during TaskRun: NuGet.Build.Tasks, Version=6.12.2.1, Culture=neutral, PublicKeyToken=31bf3856ad364e35 (location: C:\Program Files\dotnet\sdk\9.0.101\NuGet.Build.Tasks.dll, MVID: ebe67f92-3ec1-4591-80ab-e79ae1f2edec, AssemblyLoadContext: MSBuild plugin C:\Program Files\dotnet\sdk\9.0.101\NuGet.Build.Tasks.dll)
       Assembly loaded during TaskRun: NuGet.Common, Version=6.12.2.1, Culture=neutral, PublicKeyToken=31bf3856ad364e35 (location: C:\Program Files\dotnet\sdk\9.0.101\NuGet.Common.dll, MVID: bdd641bc-0573-4fcc-a060-84787fba3d0f, AssemblyLoadContext: MSBuild plugin C:\Program Files\dotnet\sdk\9.0.101\NuGet.Build.Tasks.dll)
       Assembly loaded during TaskRun: NuGet.Commands, Version=6.12.2.1, Culture=neutral, PublicKeyToken=31bf3856ad364e35 (location: C:\Program Files\dotnet\sdk\9.0.101\NuGet.Commands.dll, MVID: 5055fc4a-607e-4eb0-a77a-cb58f7b09348, AssemblyLoadContext: MSBuild plugin C:\Program Files\dotnet\sdk\9.0.101\NuGet.Build.Tasks.dll)
       Assembly loaded during TaskRun: NuGet.ProjectModel, Version=6.12.2.1, Culture=neutral, PublicKeyToken=31bf3856ad364e35 (location: C:\Program Files\dotnet\sdk\9.0.101\NuGet.ProjectModel.dll, MVID: 3f0a1b14-26bc-49d8-a2c9-43d790d569f5, AssemblyLoadContext: MSBuild plugin C:\Program Files\dotnet\sdk\9.0.101\NuGet.Build.Tasks.dll)
       Using "WarnForInvalidProjectsTask" task from assembly "C:\Program Files\dotnet\sdk\9.0.101\NuGet.Build.Tasks.dll".
       Task "WarnForInvalidProjectsTask"
       Done executing task "WarnForInvalidProjectsTask".
     1>Done building target "_FilterRestoreGraphProjectInputItems" in project "StudentFormsApi.csproj".
       Target "_FilterRestoreGraphProjectInputItems" skipped. Previously built successfully.
     1>Target "_GetAllRestoreProjectPathItems" in file "C:\Program Files\dotnet\sdk\9.0.101\NuGet.targets" from project "D:\Personal\MS3\VedhamsMidway\SRM\srm\StudentFormsApi\StudentFormsApi.csproj" (target "_GenerateRestoreGraph" depends on it):
       Using "NuGetMessageTask" task from assembly "C:\Program Files\dotnet\sdk\9.0.101\NuGet.Build.Tasks.dll".
       Task "NuGetMessageTask"
         Determining projects to restore...
       Done executing task "NuGetMessageTask".
       Task "MSBuild"
         Global Properties:
           ExcludeRestorePackageImports=true
     1>Project "D:\Personal\MS3\VedhamsMidway\SRM\srm\StudentFormsApi\StudentFormsApi.csproj" (1) is building "D:\Personal\MS3\VedhamsMidway\SRM\srm\StudentFormsApi\StudentFormsApi.csproj" (1:3) on node 1 (_GenerateRestoreProjectPathWalk target(s)).
   1:3>Target "_GenerateRestoreProjectPathItemsAllFrameworks" skipped, due to false condition; ( '$(TargetFrameworks)' != '' ) was evaluated as ( '' != '' ).
   1:3>Target "_GenerateRestoreProjectPathItemsPerFramework" in file "C:\Program Files\dotnet\sdk\9.0.101\NuGet.targets" from project "D:\Personal\MS3\VedhamsMidway\SRM\srm\StudentFormsApi\StudentFormsApi.csproj" (target "_GenerateRestoreProjectPathItemsCurrentProject" depends on it):
       Using "ConvertToAbsolutePath" task from assembly "Microsoft.Build.Tasks.Core, Version=15.1.0.0, Culture=neutral, PublicKeyToken=b03f5f7f11d50a3a".
       Task "ConvertToAbsolutePath"
       Done executing task "ConvertToAbsolutePath".
   1:3>Done building target "_GenerateRestoreProjectPathItemsPerFramework" in project "StudentFormsApi.csproj".
   1:3>Target "_GenerateRestoreProjectPathItemsCurrentProject" in file "C:\Program Files\dotnet\sdk\9.0.101\NuGet.targets" from project "D:\Personal\MS3\VedhamsMidway\SRM\srm\StudentFormsApi\StudentFormsApi.csproj" (target "_GenerateRestoreProjectPathItems" depends on it):
   1:3>Done building target "_GenerateRestoreProjectPathItemsCurrentProject" in project "StudentFormsApi.csproj".
   1:3>Target "_GenerateRestoreProjectPathItems" in file "C:\Program Files\dotnet\sdk\9.0.101\NuGet.targets" from project "D:\Personal\MS3\VedhamsMidway\SRM\srm\StudentFormsApi\StudentFormsApi.csproj" (target "_GenerateRestoreProjectPathWalk" depends on it):
       Task "RemoveDuplicates"
       Done executing task "RemoveDuplicates".
   1:3>Done building target "_GenerateRestoreProjectPathItems" in project "StudentFormsApi.csproj".
   1:3>Target "_GenerateRestoreProjectPathWalk" in file "C:\Program Files\dotnet\sdk\9.0.101\NuGet.targets" from project "D:\Personal\MS3\VedhamsMidway\SRM\srm\StudentFormsApi\StudentFormsApi.csproj" (entry point):
       Task "MSBuild"
       Done executing task "MSBuild".
       Task "MSBuild" skipped, due to false condition; ( '$(RestoreUseSkipNonexistentTargets)' != 'true' ) was evaluated as ( 'true' != 'true' ).
       Task "RemoveDuplicates"
       Done executing task "RemoveDuplicates".
   1:3>Done building target "_GenerateRestoreProjectPathWalk" in project "StudentFormsApi.csproj".
   1:3>Done Building Project "D:\Personal\MS3\VedhamsMidway\SRM\srm\StudentFormsApi\StudentFormsApi.csproj" (_GenerateRestoreProjectPathWalk target(s)).
     1>Done executing task "MSBuild".
       Task "MSBuild" skipped, due to false condition; ( '$(RestoreUseSkipNonexistentTargets)' != 'true' ) was evaluated as ( 'true' != 'true' ).
       Task "RemoveDuplicates"
       Done executing task "RemoveDuplicates".
       Task "MSBuild"
         Global Properties:
           ExcludeRestorePackageImports=true
     1>Project "D:\Personal\MS3\VedhamsMidway\SRM\srm\StudentFormsApi\StudentFormsApi.csproj" (1) is building "D:\Personal\MS3\VedhamsMidway\SRM\srm\StudentFormsApi\StudentFormsApi.csproj" (1:4) on node 1 (_IsProjectRestoreSupported target(s)).
   1:4>Target "_IsProjectRestoreSupported" skipped. Previously built successfully.
   1:4>Done Building Project "D:\Personal\MS3\VedhamsMidway\SRM\srm\StudentFormsApi\StudentFormsApi.csproj" (_IsProjectRestoreSupported target(s)).
     1>Done executing task "MSBuild".
       Task "MSBuild" skipped, due to false condition; ( '$(RestoreUseSkipNonexistentTargets)' != 'true' ) was evaluated as ( 'true' != 'true' ).
     1>Done building target "_GetAllRestoreProjectPathItems" in project "StudentFormsApi.csproj".
     1>Target "_GenerateRestoreGraph" in file "C:\Program Files\dotnet\sdk\9.0.101\NuGet.targets" from project "D:\Personal\MS3\VedhamsMidway\SRM\srm\StudentFormsApi\StudentFormsApi.csproj" (target "Restore" depends on it):
       Using "Message" task from assembly "Microsoft.Build.Tasks.Core, Version=15.1.0.0, Culture=neutral, PublicKeyToken=b03f5f7f11d50a3a".
       Task "Message"
         Generating dg file
       Done executing task "Message".
       Task "Message"
         D:\Personal\MS3\VedhamsMidway\SRM\srm\StudentFormsApi\StudentFormsApi.csproj
       Done executing task "Message".
       Task "MSBuild"
         Global Properties:
           ExcludeRestorePackageImports=true
     1>Project "D:\Personal\MS3\VedhamsMidway\SRM\srm\StudentFormsApi\StudentFormsApi.csproj" (1) is building "D:\Personal\MS3\VedhamsMidway\SRM\srm\StudentFormsApi\StudentFormsApi.csproj" (1:5) on node 1 (_GenerateRestoreGraphProjectEntry target(s)).
   1:5>Target "_GetProjectJsonPath" in file "C:\Program Files\dotnet\sdk\9.0.101\NuGet.targets" from project "D:\Personal\MS3\VedhamsMidway\SRM\srm\StudentFormsApi\StudentFormsApi.csproj" (target "_GetRestoreProjectStyle" depends on it):
   1:5>Task "GetRestoreProjectJsonPathTask" skipped, due to false condition; ( '$(RestoreProjectStyle)' == 'ProjectJson' OR '$(RestoreProjectStyle)' == '' ) was evaluated as ( 'PackageReference' == 'ProjectJson' OR 'PackageReference' == '' ).
   1:5>Done building target "_GetProjectJsonPath" in project "StudentFormsApi.csproj".
       Target "_CheckForUnsupportedTargetPlatformIdentifier" skipped, due to false condition; ('$(TargetPlatformIdentifier)' != '' and '$(TargetFrameworkIdentifier)' == '.NETCoreApp' and $([MSBuild]::VersionGreaterThanOrEquals($(TargetFrameworkVersion), 5.0)) And ('$(DesignTimeBuild)' != 'true' Or '@(MissingWorkloadPack)' == '')) was evaluated as ('' != '' and '.NETCoreApp' == '.NETCoreApp' and True And ('' != 'true' Or '' == '')).
       Target "_CheckForMissingWorkload" skipped, due to false condition; ('@(MissingWorkloadPack)' != '' And '$(DesignTimeBuild)' != 'true') was evaluated as ('' != '' And '' != 'true').
   1:5>Target "_CheckForUnsupportedNETCoreVersion" in file "C:\Program Files\dotnet\sdk\9.0.101\Sdks\Microsoft.NET.Sdk\targets\Microsoft.NET.TargetFrameworkInference.targets" from project "D:\Personal\MS3\VedhamsMidway\SRM\srm\StudentFormsApi\StudentFormsApi.csproj" (target "CollectPackageReferences" depends on it):
       Task "NETSdkError" skipped, due to false condition; ('$(_TargetFrameworkVersionWithoutV)' > '$(NETCoreAppMaximumVersion)' and '$(DisplayVSMessage)' != 'true') was evaluated as ('8.0' > '9.0' and '' != 'true').
       Task "NETSdkError" skipped, due to false condition; ('$(DisplayVSMessage)' == 'true') was evaluated as ('' == 'true').
   1:5>Done building target "_CheckForUnsupportedNETCoreVersion" in project "StudentFormsApi.csproj".
       Target "_CheckForEolTargetFrameworks" skipped, due to false condition; ('@(_EolNetCoreTargetFrameworkVersions->AnyHaveMetadataValue('Identity', '$(_TargetFrameworkVersionWithoutV)'))' and '$(TargetFrameworkIdentifier)' == '.NETCoreApp' and '$(CheckEolTargetFramework)' == 'true') was evaluated as ('false' and '.NETCoreApp' == '.NETCoreApp' and 'true' == 'true').
       Target "_CheckForEolWorkloads" skipped, due to false condition; ('@(EolWorkload)' != '' and '$(CheckEolWorkloads)' == 'true') was evaluated as ('' != '' and 'true' == 'true').
       Target "_CheckForNotRecommendedNETStandardVersion" skipped, due to false condition; ('$(TargetFrameworkIdentifier)' == '.NETStandard' and $([MSBuild]::VersionLessThan($(TargetFrameworkVersion), '2.0'))) was evaluated as ('.NETCoreApp' == '.NETStandard' and False).
   1:5>Target "_CheckForUnsupportedCppNETCoreVersion" in file "C:\Program Files\dotnet\sdk\9.0.101\Sdks\Microsoft.NET.Sdk\targets\Microsoft.NET.TargetFrameworkInference.targets" from project "D:\Personal\MS3\VedhamsMidway\SRM\srm\StudentFormsApi\StudentFormsApi.csproj" (target "CollectPackageReferences" depends on it):
       Task "NETSdkError" skipped, due to false condition; ('$(TargetFrameworkIdentifier)' == '.NETCoreApp' and '$(_TargetFrameworkVersionWithoutV)' < '3.1' and ('$(Language)' == 'C++' and '$(_EnablePackageReferencesInVCProjects)' != 'true')) was evaluated as ('.NETCoreApp' == '.NETCoreApp' and '8.0' < '3.1' and ('C#' == 'C++' and '' != 'true')).
   1:5>Done building target "_CheckForUnsupportedCppNETCoreVersion" in project "StudentFormsApi.csproj".
       Target "_CheckForUnsupportedNETStandardVersion" skipped, due to false condition; ('$(TargetFrameworkIdentifier)' == '.NETStandard' And '$(NETStandardMaximumVersion)' != '') was evaluated as ('.NETCoreApp' == '.NETStandard' And '' != '').
       Target "_CheckForUnsupportedTargetFrameworkAndFeatureCombination" skipped, due to false condition; ('$(TargetFrameworkIdentifier)' == '.NETFramework') was evaluated as ('.NETCoreApp' == '.NETFramework').
   1:5>Target "UpdateAspNetToFrameworkReference" in file "C:\Program Files\dotnet\sdk\9.0.101\Sdks\Microsoft.NET.Sdk\targets\Microsoft.NET.Sdk.DefaultItems.Shared.targets" from project "D:\Personal\MS3\VedhamsMidway\SRM\srm\StudentFormsApi\StudentFormsApi.csproj" (target "ApplyImplicitVersions" depends on it):
       Using "CheckIfPackageReferenceShouldBeFrameworkReference" task from assembly "C:\Program Files\dotnet\sdk\9.0.101\Sdks\Microsoft.NET.Sdk\targets\..\tools\net9.0\Microsoft.NET.Build.Tasks.dll".
       Task "CheckIfPackageReferenceShouldBeFrameworkReference"
       Done executing task "CheckIfPackageReferenceShouldBeFrameworkReference".
       Task "NETSdkError" skipped, due to false condition; ('$(_ShouldRemoveAspNetCoreAll)' == 'true') was evaluated as ('False' == 'true').
       Task "CheckIfPackageReferenceShouldBeFrameworkReference"
       Done executing task "CheckIfPackageReferenceShouldBeFrameworkReference".
       Task "NETSdkWarning" skipped, due to false condition; ('$(_ShouldRemoveAspNetCoreApp)' == 'true') was evaluated as ('False' == 'true').
   1:5>Done building target "UpdateAspNetToFrameworkReference" in project "StudentFormsApi.csproj".
       Target "IncludeTargetingPackReference" skipped, due to false condition; ('$(TargetFrameworkMoniker)' != '' and '$(TargetFrameworkIdentifier)' == '.NETFramework' and '$(AutomaticallyUseReferenceAssemblyPackages)' == 'true') was evaluated as ('.NETCoreApp,Version=v8.0' != '' and '.NETCoreApp' == '.NETFramework' and 'true' == 'true').
   1:5>Target "CheckForImplicitPackageReferenceOverrides" in file "C:\Program Files\dotnet\sdk\9.0.101\Sdks\Microsoft.NET.Sdk\targets\Microsoft.NET.Sdk.DefaultItems.Shared.targets" from project "D:\Personal\MS3\VedhamsMidway\SRM\srm\StudentFormsApi\StudentFormsApi.csproj" (target "ApplyImplicitVersions" depends on it):
       Using "CheckForImplicitPackageReferenceOverrides" task from assembly "C:\Program Files\dotnet\sdk\9.0.101\Sdks\Microsoft.NET.Sdk\targets\..\tools\net9.0\Microsoft.NET.Build.Tasks.dll".
       Task "CheckForImplicitPackageReferenceOverrides"
       Done executing task "CheckForImplicitPackageReferenceOverrides".
   1:5>Done building target "CheckForImplicitPackageReferenceOverrides" in project "StudentFormsApi.csproj".
   1:5>Target "ApplyImplicitVersions" in file "C:\Program Files\dotnet\sdk\9.0.101\Sdks\Microsoft.NET.Sdk\targets\Microsoft.NET.Sdk.DefaultItems.Shared.targets" from project "D:\Personal\MS3\VedhamsMidway\SRM\srm\StudentFormsApi\StudentFormsApi.csproj" (target "CollectPackageReferences" depends on it):
       Using "ApplyImplicitVersions" task from assembly "C:\Program Files\dotnet\sdk\9.0.101\Sdks\Microsoft.NET.Sdk\targets\..\tools\net9.0\Microsoft.NET.Build.Tasks.dll".
       Task "ApplyImplicitVersions"
       Done executing task "ApplyImplicitVersions".
   1:5>Done building target "ApplyImplicitVersions" in project "StudentFormsApi.csproj".
       Target "CheckForImplicitPackageReferenceOverrides" skipped. Previously built successfully.
       Target "AddWindowsSdkKnownFrameworkReferences" skipped, due to false condition; ('$(TargetFrameworkIdentifier)' == '.NETCoreApp' And '$(TargetPlatformIdentifier)' == 'Windows') was evaluated as ('.NETCoreApp' == '.NETCoreApp' And '' == 'Windows').
       Target "_NormalizeTargetPlatformVersion" skipped, due to false condition; ('$(TargetPlatformVersion)' != '' and '$(TargetFrameworkIdentifier)' == '.NETCoreApp' and $([MSBuild]::VersionGreaterThanOrEquals($(TargetFrameworkVersion), 5.0)) and ('$(Language)' != 'C++' or '$(_EnablePackageReferencesInVCProjects)' == 'true')) was evaluated as ('' != '' and '.NETCoreApp' == '.NETCoreApp' and True and ('C#' != 'C++' or '' == 'true')).
   1:5>Target "_CheckForLanguageAndFeatureCombinationSupport" in file "C:\Program Files\dotnet\sdk\9.0.101\Sdks\Microsoft.NET.Sdk\targets\Microsoft.NET.RuntimeIdentifierInference.targets" from project "D:\Personal\MS3\VedhamsMidway\SRM\srm\StudentFormsApi\StudentFormsApi.csproj" (target "ProcessFrameworkReferences" depends on it):
       Task "NETSdkError" skipped, due to false condition; (('$(Language)' == 'C++' and '$(_EnablePackageReferencesInVCProjects)' != 'true') and $(OutputType) != 'library' and '$(TargetFrameworkIdentifier)' == '.NETCoreApp') was evaluated as (('C#' == 'C++' and '' != 'true') and Exe != 'library' and '.NETCoreApp' == '.NETCoreApp').
       Task "NETSdkError" skipped, due to false condition; (('$(Language)' == 'C++' and '$(_EnablePackageReferencesInVCProjects)' != 'true') and $(EnableComHosting) == 'true') was evaluated as (('C#' == 'C++' and '' != 'true') and  == 'true').
       Task "NETSdkError" skipped, due to false condition; (('$(Language)' == 'C++' and '$(_EnablePackageReferencesInVCProjects)' != 'true') and $(SelfContained) == 'true') was evaluated as (('C#' == 'C++' and '' != 'true') and false == 'true').
   1:5>Done building target "_CheckForLanguageAndFeatureCombinationSupport" in project "StudentFormsApi.csproj".
   1:5>Target "_ComputeToolPackInputsToProcessFrameworkReferences" in file "C:\Program Files\dotnet\sdk\9.0.101\Sdks\Microsoft.NET.Sdk\targets\Microsoft.NET.Publish.targets" from project "D:\Personal\MS3\VedhamsMidway\SRM\srm\StudentFormsApi\StudentFormsApi.csproj" (target "ProcessFrameworkReferences" depends on it):
   1:5>Done building target "_ComputeToolPackInputsToProcessFrameworkReferences" in project "StudentFormsApi.csproj".
   1:5>Target "ProcessFrameworkReferences" in file "C:\Program Files\dotnet\sdk\9.0.101\Sdks\Microsoft.NET.Sdk\targets\Microsoft.NET.Sdk.FrameworkReferenceResolution.targets" from project "D:\Personal\MS3\VedhamsMidway\SRM\srm\StudentFormsApi\StudentFormsApi.csproj" (target "CollectPackageReferences" depends on it):
       Using "CheckForDuplicateFrameworkReferences" task from assembly "C:\Program Files\dotnet\sdk\9.0.101\Sdks\Microsoft.NET.Sdk\targets\..\tools\net9.0\Microsoft.NET.Build.Tasks.dll".
       Task "CheckForDuplicateFrameworkReferences"
       Done executing task "CheckForDuplicateFrameworkReferences".
       Using "ProcessFrameworkReferences" task from assembly "C:\Program Files\dotnet\sdk\9.0.101\Sdks\Microsoft.NET.Sdk\targets\..\tools\net9.0\Microsoft.NET.Build.Tasks.dll".
       Task "ProcessFrameworkReferences"
       Done executing task "ProcessFrameworkReferences".
       Using "ResolveAppHosts" task from assembly "C:\Program Files\dotnet\sdk\9.0.101\Sdks\Microsoft.NET.Sdk\targets\..\tools\net9.0\Microsoft.NET.Build.Tasks.dll".
       Task "ResolveAppHosts"
       Done executing task "ResolveAppHosts".
   1:5>Done building target "ProcessFrameworkReferences" in project "StudentFormsApi.csproj".
       Target "IncludeTargetingPackReference" skipped, due to false condition; ('$(TargetFrameworkMoniker)' != '' and '$(TargetFrameworkIdentifier)' == '.NETFramework' and '$(AutomaticallyUseReferenceAssemblyPackages)' == 'true') was evaluated as ('.NETCoreApp,Version=v8.0' != '' and '.NETCoreApp' == '.NETFramework' and 'true' == 'true').
       Target "_CheckMicrosoftNetCompilersToolsetFrameworkPackageReference" skipped, due to false condition; ('$(MSBuildRuntimeType)' == 'Full') was evaluated as ('Core' == 'Full').
   1:5>Target "_CheckForObsoleteDotNetCliToolReferences" in file "C:\Program Files\dotnet\sdk\9.0.101\Sdks\Microsoft.NET.Sdk\targets\Microsoft.NET.ObsoleteReferences.targets" from project "D:\Personal\MS3\VedhamsMidway\SRM\srm\StudentFormsApi\StudentFormsApi.csproj" (target "CollectPackageReferences" depends on it):
       Task "NETSdkWarning" skipped, due to false condition; ( '%(_ReferenceToObsoleteDotNetCliTool.Identity)' != '' ) was evaluated as ( '' != '' ).
   1:5>Done building target "_CheckForObsoleteDotNetCliToolReferences" in project "StudentFormsApi.csproj".
   1:5>Target "CollectPackageReferences" in file "C:\Program Files\dotnet\sdk\9.0.101\NuGet.targets" from project "D:\Personal\MS3\VedhamsMidway\SRM\srm\StudentFormsApi\StudentFormsApi.csproj" (target "_GetRestoreProjectStyle" depends on it):
       Using "CheckForDuplicateNuGetItemsTask" task from assembly "C:\Program Files\dotnet\sdk\9.0.101\NuGet.Build.Tasks.dll".
       Task "CheckForDuplicateNuGetItemsTask"
       Done executing task "CheckForDuplicateNuGetItemsTask".
   1:5>Done building target "CollectPackageReferences" in project "StudentFormsApi.csproj".
   1:5>Target "_GetRestoreProjectStyle" in file "C:\Program Files\dotnet\sdk\9.0.101\NuGet.targets" from project "D:\Personal\MS3\VedhamsMidway\SRM\srm\StudentFormsApi\StudentFormsApi.csproj" (target "_GenerateRestoreSpecs" depends on it):
       Using "GetRestoreProjectStyleTask" task from assembly "C:\Program Files\dotnet\sdk\9.0.101\NuGet.Build.Tasks.dll".
       Task "GetRestoreProjectStyleTask"
       Done executing task "GetRestoreProjectStyleTask".
   1:5>Done building target "_GetRestoreProjectStyle" in project "StudentFormsApi.csproj".
   1:5>Target "_GenerateRestoreSpecs" in file "C:\Program Files\dotnet\sdk\9.0.101\NuGet.targets" from project "D:\Personal\MS3\VedhamsMidway\SRM\srm\StudentFormsApi\StudentFormsApi.csproj" (target "_GenerateRestoreGraphProjectEntry" depends on it):
       Task "Message"
         Restore entry point D:\Personal\MS3\VedhamsMidway\SRM\srm\StudentFormsApi\StudentFormsApi.csproj
       Done executing task "Message".
   1:5>Done building target "_GenerateRestoreSpecs" in project "StudentFormsApi.csproj".
   1:5>Target "_GetRestoreSettingsOverrides" in file "C:\Program Files\dotnet\sdk\9.0.101\NuGet.targets" from project "D:\Personal\MS3\VedhamsMidway\SRM\srm\StudentFormsApi\StudentFormsApi.csproj" (target "_GetRestoreSettings" depends on it):
       Task "MSBuild" skipped, due to false condition; ( '$(RestorePackagesPath)' != '' ) was evaluated as ( '' != '' ).
       Task "MSBuild" skipped, due to false condition; ( '$(RestoreRepositoryPathOverride)' != '' ) was evaluated as ( '' != '' ).
       Task "MSBuild" skipped, due to false condition; ( '$(RestoreSources)' != '' ) was evaluated as ( '' != '' ).
       Task "MSBuild" skipped, due to false condition; ( '$(RestoreFallbackFolders)' != '' ) was evaluated as ( '' != '' ).
   1:5>Done building target "_GetRestoreSettingsOverrides" in project "StudentFormsApi.csproj".
   1:5>Target "_GetRestoreSettingsPerFramework" in file "C:\Program Files\dotnet\sdk\9.0.101\NuGet.targets" from project "D:\Personal\MS3\VedhamsMidway\SRM\srm\StudentFormsApi\StudentFormsApi.csproj" (target "_GetRestoreSettingsCurrentProject" depends on it):
   1:5>Done building target "_GetRestoreSettingsPerFramework" in project "StudentFormsApi.csproj".
   1:5>Target "_GetRestoreSettingsCurrentProject" in file "C:\Program Files\dotnet\sdk\9.0.101\NuGet.targets" from project "D:\Personal\MS3\VedhamsMidway\SRM\srm\StudentFormsApi\StudentFormsApi.csproj" (target "_GetRestoreSettings" depends on it):
   1:5>Done building target "_GetRestoreSettingsCurrentProject" in project "StudentFormsApi.csproj".
       Target "_GetRestoreSettingsAllFrameworks" skipped, due to false condition; ( '$(TargetFrameworks)' != '' AND '$(PackageReferenceCompatibleProjectStyle)' == 'true' ) was evaluated as ( '' != '' AND 'True' == 'true' ).
   1:5>Target "_GetRestoreSettings" in file "C:\Program Files\dotnet\sdk\9.0.101\NuGet.targets" from project "D:\Personal\MS3\VedhamsMidway\SRM\srm\StudentFormsApi\StudentFormsApi.csproj" (target "_GenerateDotnetCliToolReferenceSpecs" depends on it):
       Using "GetRestoreSettingsTask" task from assembly "C:\Program Files\dotnet\sdk\9.0.101\NuGet.Build.Tasks.dll".
       Task "GetRestoreSettingsTask"
         Assembly loaded during TaskRun (NuGet.Build.Tasks.GetRestoreSettingsTask): NuGet.Configuration, Version=6.12.2.1, Culture=neutral, PublicKeyToken=31bf3856ad364e35 (location: C:\Program Files\dotnet\sdk\9.0.101\NuGet.Configuration.dll, MVID: c82213bc-833f-4bc7-a2f7-b140e375f94d, AssemblyLoadContext: MSBuild plugin C:\Program Files\dotnet\sdk\9.0.101\NuGet.Build.Tasks.dll)
       Done executing task "GetRestoreSettingsTask".
   1:5>Done building target "_GetRestoreSettings" in project "StudentFormsApi.csproj".
   1:5>Target "_GenerateDotnetCliToolReferenceSpecs" in file "C:\Program Files\dotnet\sdk\9.0.101\NuGet.targets" from project "D:\Personal\MS3\VedhamsMidway\SRM\srm\StudentFormsApi\StudentFormsApi.csproj" (target "_GenerateRestoreGraphProjectEntry" depends on it):
       Using "GetRestoreDotnetCliToolsTask" task from assembly "C:\Program Files\dotnet\sdk\9.0.101\NuGet.Build.Tasks.dll".
       Task "GetRestoreDotnetCliToolsTask"
       Done executing task "GetRestoreDotnetCliToolsTask".
   1:5>Done building target "_GenerateDotnetCliToolReferenceSpecs" in project "StudentFormsApi.csproj".
   1:5>Target "_GenerateRestoreGraphProjectEntry" in file "C:\Program Files\dotnet\sdk\9.0.101\NuGet.targets" from project "D:\Personal\MS3\VedhamsMidway\SRM\srm\StudentFormsApi\StudentFormsApi.csproj" (entry point):
   1:5>Done building target "_GenerateRestoreGraphProjectEntry" in project "StudentFormsApi.csproj".
   1:5>Done Building Project "D:\Personal\MS3\VedhamsMidway\SRM\srm\StudentFormsApi\StudentFormsApi.csproj" (_GenerateRestoreGraphProjectEntry target(s)).
     1>Done executing task "MSBuild".
       Task "MSBuild"
         Global Properties:
           ExcludeRestorePackageImports=true
     1>Project "D:\Personal\MS3\VedhamsMidway\SRM\srm\StudentFormsApi\StudentFormsApi.csproj" (1) is building "D:\Personal\MS3\VedhamsMidway\SRM\srm\StudentFormsApi\StudentFormsApi.csproj" (1:6) on node 1 (_GenerateProjectRestoreGraph target(s)).
   1:6>Target "_GetRestoreProjectStyle" skipped. Previously built successfully.
       Target "_GetRestoreProjectStyle" skipped. Previously built successfully.
       Target "_GetRestoreProjectStyle" skipped. Previously built successfully.
   1:6>Target "_GetRestoreTargetFrameworkOverride" in file "C:\Program Files\dotnet\sdk\9.0.101\NuGet.targets" from project "D:\Personal\MS3\VedhamsMidway\SRM\srm\StudentFormsApi\StudentFormsApi.csproj" (target "_GetRestoreTargetFrameworksOutput" depends on it):
       Task "GetGlobalPropertyValueTask" skipped, due to false condition; ( '$(TargetFrameworks)' != '' ) was evaluated as ( '' != '' ).
   1:6>Done building target "_GetRestoreTargetFrameworkOverride" in project "StudentFormsApi.csproj".
   1:6>Target "_GetRestoreTargetFrameworksOutput" in file "C:\Program Files\dotnet\sdk\9.0.101\NuGet.targets" from project "D:\Personal\MS3\VedhamsMidway\SRM\srm\StudentFormsApi\StudentFormsApi.csproj" (target "_GenerateRestoreProjectSpec" depends on it):
       Using "GetProjectTargetFrameworksTask" task from assembly "C:\Program Files\dotnet\sdk\9.0.101\NuGet.Build.Tasks.dll".
       Task "GetProjectTargetFrameworksTask"
       Done executing task "GetProjectTargetFrameworksTask".
   1:6>Done building target "_GetRestoreTargetFrameworksOutput" in project "StudentFormsApi.csproj".
       Target "_GetRestoreSettings" skipped. Previously built successfully.
   1:6>Target "_GenerateRestoreProjectSpec" in file "C:\Program Files\dotnet\sdk\9.0.101\NuGet.targets" from project "D:\Personal\MS3\VedhamsMidway\SRM\srm\StudentFormsApi\StudentFormsApi.csproj" (target "_GenerateProjectRestoreGraph" depends on it):
       Task "ConvertToAbsolutePath"
       Done executing task "ConvertToAbsolutePath".
   1:6>Done building target "_GenerateRestoreProjectSpec" in project "StudentFormsApi.csproj".
       Target "_GenerateProjectRestoreGraphAllFrameworks" skipped, due to false condition; ( '$(TargetFrameworks)' != '' ) was evaluated as ( '' != '' ).
       Target "_GetRestoreProjectStyle" skipped. Previously built successfully.
       Target "CollectPackageReferences" skipped. Previously built successfully.
   1:6>Target "CollectPackageDownloads" in file "C:\Program Files\dotnet\sdk\9.0.101\NuGet.targets" from project "D:\Personal\MS3\VedhamsMidway\SRM\srm\StudentFormsApi\StudentFormsApi.csproj" (target "_CollectRestoreInputs" depends on it):
       Task "CheckForDuplicateNuGetItemsTask"
       Done executing task "CheckForDuplicateNuGetItemsTask".
   1:6>Done building target "CollectPackageDownloads" in project "StudentFormsApi.csproj".
   1:6>Target "CollectFrameworkReferences" in file "C:\Program Files\dotnet\sdk\9.0.101\NuGet.targets" from project "D:\Personal\MS3\VedhamsMidway\SRM\srm\StudentFormsApi\StudentFormsApi.csproj" (target "_CollectRestoreInputs" depends on it):
   1:6>Done building target "CollectFrameworkReferences" in project "StudentFormsApi.csproj".
   1:6>Target "CollectCentralPackageVersions" in file "C:\Program Files\dotnet\sdk\9.0.101\NuGet.targets" from project "D:\Personal\MS3\VedhamsMidway\SRM\srm\StudentFormsApi\StudentFormsApi.csproj" (target "_CollectRestoreInputs" depends on it):
       Task "CheckForDuplicateNuGetItemsTask"
       Done executing task "CheckForDuplicateNuGetItemsTask".
   1:6>Done building target "CollectCentralPackageVersions" in project "StudentFormsApi.csproj".
   1:6>Target "CollectNuGetAuditSuppressions" in file "C:\Program Files\dotnet\sdk\9.0.101\NuGet.targets" from project "D:\Personal\MS3\VedhamsMidway\SRM\srm\StudentFormsApi\StudentFormsApi.csproj" (target "_CollectRestoreInputs" depends on it):
       Task "CheckForDuplicateNuGetItemsTask"
       Done executing task "CheckForDuplicateNuGetItemsTask".
   1:6>Done building target "CollectNuGetAuditSuppressions" in project "StudentFormsApi.csproj".
   1:6>Target "_CollectRestoreInputs" in file "C:\Program Files\dotnet\sdk\9.0.101\NuGet.targets" from project "D:\Personal\MS3\VedhamsMidway\SRM\srm\StudentFormsApi\StudentFormsApi.csproj" (target "_GenerateProjectRestoreGraphPerFramework" depends on it):
   1:6>Done building target "_CollectRestoreInputs" in project "StudentFormsApi.csproj".
       Target "PrepRestoreForStoreProjects" skipped, due to false condition; ('$(StorePackageName)' != '') was evaluated as ('' != '').
   1:6>Target "_GenerateProjectRestoreGraphPerFramework" in file "C:\Program Files\dotnet\sdk\9.0.101\NuGet.targets" from project "D:\Personal\MS3\VedhamsMidway\SRM\srm\StudentFormsApi\StudentFormsApi.csproj" (target "_GenerateProjectRestoreGraphCurrentProject" depends on it):
       Using "GetRestoreProjectReferencesTask" task from assembly "C:\Program Files\dotnet\sdk\9.0.101\NuGet.Build.Tasks.dll".
       Task "GetRestoreProjectReferencesTask"
       Done executing task "GetRestoreProjectReferencesTask".
       Using "GetRestorePackageReferencesTask" task from assembly "C:\Program Files\dotnet\sdk\9.0.101\NuGet.Build.Tasks.dll".
       Task "GetRestorePackageReferencesTask"
       Done executing task "GetRestorePackageReferencesTask".
       Task "GetCentralPackageVersionsTask" skipped, due to false condition; ( '$(PackageReferenceCompatibleProjectStyle)' == 'true' AND '$(_CentralPackageVersionsEnabled)' == 'true' ) was evaluated as ( 'True' == 'true' AND '' == 'true' ).
       Using "GetRestorePackageDownloadsTask" task from assembly "C:\Program Files\dotnet\sdk\9.0.101\NuGet.Build.Tasks.dll".
       Task "GetRestorePackageDownloadsTask"
       Done executing task "GetRestorePackageDownloadsTask".
       Using "GetRestoreFrameworkReferencesTask" task from assembly "C:\Program Files\dotnet\sdk\9.0.101\NuGet.Build.Tasks.dll".
       Task "GetRestoreFrameworkReferencesTask"
       Done executing task "GetRestoreFrameworkReferencesTask".
       Using "GetRestoreNuGetAuditSuppressionsTask" task from assembly "C:\Program Files\dotnet\sdk\9.0.101\NuGet.Build.Tasks.dll".
       Task "GetRestoreNuGetAuditSuppressionsTask"
       Done executing task "GetRestoreNuGetAuditSuppressionsTask".
   1:6>Done building target "_GenerateProjectRestoreGraphPerFramework" in project "StudentFormsApi.csproj".
   1:6>Target "_GenerateProjectRestoreGraphCurrentProject" in file "C:\Program Files\dotnet\sdk\9.0.101\NuGet.targets" from project "D:\Personal\MS3\VedhamsMidway\SRM\srm\StudentFormsApi\StudentFormsApi.csproj" (target "_GenerateRestoreDependencies" depends on it):
   1:6>Done building target "_GenerateProjectRestoreGraphCurrentProject" in project "StudentFormsApi.csproj".
   1:6>Target "_GenerateRestoreDependencies" in file "C:\Program Files\dotnet\sdk\9.0.101\NuGet.targets" from project "D:\Personal\MS3\VedhamsMidway\SRM\srm\StudentFormsApi\StudentFormsApi.csproj" (target "_GenerateProjectRestoreGraph" depends on it):
   1:6>Done building target "_GenerateRestoreDependencies" in project "StudentFormsApi.csproj".
   1:6>Target "_GenerateProjectRestoreGraph" in file "C:\Program Files\dotnet\sdk\9.0.101\NuGet.targets" from project "D:\Personal\MS3\VedhamsMidway\SRM\srm\StudentFormsApi\StudentFormsApi.csproj" (entry point):
   1:6>Done building target "_GenerateProjectRestoreGraph" in project "StudentFormsApi.csproj".
   1:6>Done Building Project "D:\Personal\MS3\VedhamsMidway\SRM\srm\StudentFormsApi\StudentFormsApi.csproj" (_GenerateProjectRestoreGraph target(s)).
     1>Done executing task "MSBuild".
     1>Done building target "_GenerateRestoreGraph" in project "StudentFormsApi.csproj".
       Target "_CheckForUnsupportedTargetFramework" skipped, due to false condition; ('$(_UnsupportedTargetFrameworkError)' == 'true') was evaluated as ('' == 'true').
     1>Target "_CollectTargetFrameworkForTelemetry" in file "C:\Program Files\dotnet\sdk\9.0.101\Sdks\Microsoft.NET.Sdk\targets\Microsoft.NET.TargetFrameworkInference.targets" from project "D:\Personal\MS3\VedhamsMidway\SRM\srm\StudentFormsApi\StudentFormsApi.csproj" (target "Restore" depends on it):
       Using "AllowEmptyTelemetry" task from assembly "C:\Program Files\dotnet\sdk\9.0.101\Sdks\Microsoft.NET.Sdk\targets\..\tools\net9.0\Microsoft.NET.Build.Tasks.dll".
       Task "AllowEmptyTelemetry"
       Done executing task "AllowEmptyTelemetry".
     1>Done building target "_CollectTargetFrameworkForTelemetry" in project "StudentFormsApi.csproj".
     1>Target "_CheckForUnsupportedNETCoreVersion" in file "C:\Program Files\dotnet\sdk\9.0.101\Sdks\Microsoft.NET.Sdk\targets\Microsoft.NET.TargetFrameworkInference.targets" from project "D:\Personal\MS3\VedhamsMidway\SRM\srm\StudentFormsApi\StudentFormsApi.csproj" (target "Restore" depends on it):
       Task "NETSdkError" skipped, due to false condition; ('$(_TargetFrameworkVersionWithoutV)' > '$(NETCoreAppMaximumVersion)' and '$(DisplayVSMessage)' != 'true') was evaluated as ('8.0' > '9.0' and '' != 'true').
       Task "NETSdkError" skipped, due to false condition; ('$(DisplayVSMessage)' == 'true') was evaluated as ('' == 'true').
     1>Done building target "_CheckForUnsupportedNETCoreVersion" in project "StudentFormsApi.csproj".
       Target "_CheckForEolTargetFrameworks" skipped, due to false condition; ('@(_EolNetCoreTargetFrameworkVersions->AnyHaveMetadataValue('Identity', '$(_TargetFrameworkVersionWithoutV)'))' and '$(TargetFrameworkIdentifier)' == '.NETCoreApp' and '$(CheckEolTargetFramework)' == 'true') was evaluated as ('false' and '.NETCoreApp' == '.NETCoreApp' and 'true' == 'true').
       Target "_CheckForEolWorkloads" skipped, due to false condition; ('@(EolWorkload)' != '' and '$(CheckEolWorkloads)' == 'true') was evaluated as ('' != '' and 'true' == 'true').
       Target "_CheckForNotRecommendedNETStandardVersion" skipped, due to false condition; ('$(TargetFrameworkIdentifier)' == '.NETStandard' and $([MSBuild]::VersionLessThan($(TargetFrameworkVersion), '2.0'))) was evaluated as ('.NETCoreApp' == '.NETStandard' and False).
     1>Target "_CheckForUnsupportedCppNETCoreVersion" in file "C:\Program Files\dotnet\sdk\9.0.101\Sdks\Microsoft.NET.Sdk\targets\Microsoft.NET.TargetFrameworkInference.targets" from project "D:\Personal\MS3\VedhamsMidway\SRM\srm\StudentFormsApi\StudentFormsApi.csproj" (target "Restore" depends on it):
       Task "NETSdkError" skipped, due to false condition; ('$(TargetFrameworkIdentifier)' == '.NETCoreApp' and '$(_TargetFrameworkVersionWithoutV)' < '3.1' and ('$(Language)' == 'C++' and '$(_EnablePackageReferencesInVCProjects)' != 'true')) was evaluated as ('.NETCoreApp' == '.NETCoreApp' and '8.0' < '3.1' and ('C#' == 'C++' and '' != 'true')).
     1>Done building target "_CheckForUnsupportedCppNETCoreVersion" in project "StudentFormsApi.csproj".
       Target "_CheckForUnsupportedNETStandardVersion" skipped, due to false condition; ('$(TargetFrameworkIdentifier)' == '.NETStandard' And '$(NETStandardMaximumVersion)' != '') was evaluated as ('.NETCoreApp' == '.NETStandard' And '' != '').
       Target "_CheckForUnsupportedTargetFrameworkAndFeatureCombination" skipped, due to false condition; ('$(TargetFrameworkIdentifier)' == '.NETFramework') was evaluated as ('.NETCoreApp' == '.NETFramework').
     1>Target "Restore" in file "C:\Program Files\dotnet\sdk\9.0.101\NuGet.targets" from project "D:\Personal\MS3\VedhamsMidway\SRM\srm\StudentFormsApi\StudentFormsApi.csproj" (entry point):
       Task "RemoveDuplicates"
       Done executing task "RemoveDuplicates".
       Using "RestoreTask" task from assembly "C:\Program Files\dotnet\sdk\9.0.101\NuGet.Build.Tasks.dll".
       Task "RestoreTask"
         Assembly loaded during TaskRun (NuGet.Build.Tasks.RestoreTask): NuGet.Packaging, Version=6.12.2.1, Culture=neutral, PublicKeyToken=31bf3856ad364e35 (location: C:\Program Files\dotnet\sdk\9.0.101\NuGet.Packaging.dll, MVID: cf73c4d5-9e6d-4f5e-b40b-7f604be0809d, AssemblyLoadContext: MSBuild plugin C:\Program Files\dotnet\sdk\9.0.101\NuGet.Build.Tasks.dll)
         Assembly loaded during TaskRun (NuGet.Build.Tasks.RestoreTask): NuGet.LibraryModel, Version=6.12.2.1, Culture=neutral, PublicKeyToken=31bf3856ad364e35 (location: C:\Program Files\dotnet\sdk\9.0.101\NuGet.LibraryModel.dll, MVID: c12c9d2b-1e00-414a-bf22-08010add0a0a, AssemblyLoadContext: MSBuild plugin C:\Program Files\dotnet\sdk\9.0.101\NuGet.Build.Tasks.dll)
         Assembly loaded during TaskRun (NuGet.Build.Tasks.RestoreTask): NuGet.Versioning, Version=6.12.2.1, Culture=neutral, PublicKeyToken=31bf3856ad364e35 (location: C:\Program Files\dotnet\sdk\9.0.101\NuGet.Versioning.dll, MVID: 3f7e47fe-3420-4788-b390-0485276b2191, AssemblyLoadContext: MSBuild plugin C:\Program Files\dotnet\sdk\9.0.101\NuGet.Build.Tasks.dll)
         Assembly loaded during TaskRun (NuGet.Build.Tasks.RestoreTask): NuGet.Frameworks, Version=6.12.2.1, Culture=neutral, PublicKeyToken=31bf3856ad364e35 (location: C:\Program Files\dotnet\sdk\9.0.101\NuGet.Frameworks.dll, MVID: fb8f68e7-3597-4073-947a-9a7774d31f17, AssemblyLoadContext: MSBuild plugin C:\Program Files\dotnet\sdk\9.0.101\NuGet.Build.Tasks.dll)
         Assembly loaded during TaskRun (NuGet.Build.Tasks.RestoreTask): NuGet.Protocol, Version=6.12.2.1, Culture=neutral, PublicKeyToken=31bf3856ad364e35 (location: C:\Program Files\dotnet\sdk\9.0.101\NuGet.Protocol.dll, MVID: b6a087d1-52aa-4b0b-8802-fc1d505c56bd, AssemblyLoadContext: MSBuild plugin C:\Program Files\dotnet\sdk\9.0.101\NuGet.Build.Tasks.dll)
         Assembly loaded during TaskRun (NuGet.Build.Tasks.RestoreTask): NuGet.Credentials, Version=6.12.2.1, Culture=neutral, PublicKeyToken=31bf3856ad364e35 (location: C:\Program Files\dotnet\sdk\9.0.101\NuGet.Credentials.dll, MVID: 4a9e0651-5752-4b69-b7e9-c3c2976ec4da, AssemblyLoadContext: MSBuild plugin C:\Program Files\dotnet\sdk\9.0.101\NuGet.Build.Tasks.dll)
         Assembly loaded during TaskRun (NuGet.Build.Tasks.RestoreTask): System.Runtime.InteropServices.RuntimeInformation, Version=9.0.0.0, Culture=neutral, PublicKeyToken=b03f5f7f11d50a3a (location: C:\Program Files\dotnet\shared\Microsoft.NETCore.App\9.0.0\System.Runtime.InteropServices.RuntimeInformation.dll, MVID: 9095a0f6-c0b7-4ce0-ad76-b9ccec4c85c7, AssemblyLoadContext: Default)
         X.509 certificate chain validation will use the default trust store selected by .NET for code signing.
         X.509 certificate chain validation will use the default trust store selected by .NET for timestamping.
         Assembly loaded during TaskRun (NuGet.Build.Tasks.RestoreTask): NuGet.DependencyResolver.Core, Version=6.12.2.1, Culture=neutral, PublicKeyToken=31bf3856ad364e35 (location: C:\Program Files\dotnet\sdk\9.0.101\NuGet.DependencyResolver.Core.dll, MVID: 50acb593-04e6-42a0-a537-13b4d5e0a2f7, AssemblyLoadContext: MSBuild plugin C:\Program Files\dotnet\sdk\9.0.101\NuGet.Build.Tasks.dll)
         Running restore with 12 concurrent jobs.
         Reading project file D:\Personal\MS3\VedhamsMidway\SRM\srm\StudentFormsApi\StudentFormsApi.csproj.
         Assembly loaded during TaskRun (NuGet.Build.Tasks.RestoreTask): Newtonsoft.Json, Version=13.0.0.0, Culture=neutral, PublicKeyToken=30ad4fe6b2a6aeed (location: C:\Program Files\dotnet\sdk\9.0.101\Newtonsoft.Json.dll, MVID: 7e62198b-eab2-4380-bbac-29171862d1d8, AssemblyLoadContext: MSBuild plugin C:\Program Files\dotnet\sdk\9.0.101\NuGet.Build.Tasks.dll)
         Assembly loaded during TaskRun (NuGet.Build.Tasks.RestoreTask): System.Runtime.Serialization.Primitives, Version=9.0.0.0, Culture=neutral, PublicKeyToken=b03f5f7f11d50a3a (location: C:\Program Files\dotnet\shared\Microsoft.NETCore.App\9.0.0\System.Runtime.Serialization.Primitives.dll, MVID: de6ddd95-fa46-4726-9211-cc6ff3be0b28, AssemblyLoadContext: Default)
         Assembly loaded during TaskRun (NuGet.Build.Tasks.RestoreTask): System.Runtime.Numerics, Version=9.0.0.0, Culture=neutral, PublicKeyToken=b03f5f7f11d50a3a (location: C:\Program Files\dotnet\shared\Microsoft.NETCore.App\9.0.0\System.Runtime.Numerics.dll, MVID: d1ad9248-fb74-4a6e-8d43-4ddfe3d8f452, AssemblyLoadContext: Default)
         The restore inputs for 'StudentFormsApi' have not changed. No further actions are required to complete the restore.
         Committing restore...
         Assets file has not changed. Skipping assets file writing. Path: D:\Personal\MS3\VedhamsMidway\SRM\srm\StudentFormsApi\obj\project.assets.json
         No-Op restore. The cache will not be updated. Path: D:\Personal\MS3\VedhamsMidway\SRM\srm\StudentFormsApi\obj\project.nuget.cache
         Restored D:\Personal\MS3\VedhamsMidway\SRM\srm\StudentFormsApi\StudentFormsApi.csproj (in 106 ms).
         
         NuGet Config files used:
             C:\Users\alaga\AppData\Roaming\NuGet\NuGet.Config
             C:\Program Files (x86)\NuGet\Config\DevExpress 21.2.config
             C:\Program Files (x86)\NuGet\Config\DevExpress 24.2.config
             C:\Program Files (x86)\NuGet\Config\Microsoft.VisualStudio.FallbackLocation.config
             C:\Program Files (x86)\NuGet\Config\Microsoft.VisualStudio.Offline.config
         
         Feeds used:
             https://api.nuget.org/v3/index.json
             https://nuget.devexpress.com/lXcvCDOjiO3V9kHIKvqMGsaoxLa9XRVWCsA1WbWb3yRFdPhcRB/api/v3/index.json
             C:\Program Files (x86)\DevExpress 21.2\Components\System\Components\Packages
             C:\Program Files\DevExpress 24.2\Components\System\Components\Packages
             C:\Program Files (x86)\Microsoft SDKs\NuGetPackages\
         All projects are up-to-date for restore.
       Done executing task "RestoreTask".
     1>Done building target "Restore" in project "StudentFormsApi.csproj".
     1>Done Building Project "D:\Personal\MS3\VedhamsMidway\SRM\srm\StudentFormsApi\StudentFormsApi.csproj" (Restore target(s)).
     0>The SDK "Microsoft.NET.Sdk.Web" was successfully resolved by the "DefaultSdkResolver" resolver to location "C:\Program Files\dotnet\sdk\9.0.101\Sdks\Microsoft.NET.Sdk.Web\Sdk" and version "".
       The SDK "Microsoft.NET.Sdk" was successfully resolved by the "DefaultSdkResolver" resolver to location "C:\Program Files\dotnet\sdk\9.0.101\Sdks\Microsoft.NET.Sdk\Sdk" and version "".
       C:\Program Files\dotnet\sdk\9.0.101\Sdks\Microsoft.NET.Sdk\Sdk\Sdk.props(49,11): message : Property 'MSBuildExtensionsPath' with value 'C:\Program Files\dotnet\sdk\9.0.101\' expanded from the environment.
       Property reassignment: $(MSBuildProjectExtensionsPath)="D:\Personal\MS3\VedhamsMidway\SRM\srm\StudentFormsApi\obj\" (previous value: "obj\") at C:\Program Files\dotnet\sdk\9.0.101\Current\Microsoft.Common.props (60,5)
       D:\Personal\MS3\VedhamsMidway\SRM\srm\StudentFormsApi\obj\StudentFormsApi.csproj.nuget.g.props(7,5): message : Property 'USERPROFILE' with value 'C:\Users\alaga' expanded from the environment.
       Property reassignment: $(OpenApiGenerateDocumentsOnBuild)="false" (previous value: "") at C:\Users\alaga\.nuget\packages\swashbuckle.aspnetcore\6.6.2\build\Swashbuckle.AspNetCore.props (3,5)
       C:\Program Files\dotnet\sdk\9.0.101\Current\Microsoft.Common.props(84,119): message : Property 'MSBuildUserExtensionsPath' with value 'C:\Users\alaga\AppData\Local\Microsoft\MSBuild' expanded from the environment.
       Property reassignment: $(AssemblySearchPaths)="{CandidateAssemblyFiles};{HintPathFromItem}" (previous value: "{CandidateAssemblyFiles}") at C:\Program Files\dotnet\sdk\9.0.101\Sdks\Microsoft.NET.Sdk\targets\Microsoft.NET.Sdk.props (90,5)
       Property reassignment: $(AssemblySearchPaths)="{CandidateAssemblyFiles};{HintPathFromItem};{TargetFrameworkDirectory}" (previous value: "{CandidateAssemblyFiles};{HintPathFromItem}") at C:\Program Files\dotnet\sdk\9.0.101\Sdks\Microsoft.NET.Sdk\targets\Microsoft.NET.Sdk.props (91,5)
       Property reassignment: $(AssemblySearchPaths)="{CandidateAssemblyFiles};{HintPathFromItem};{TargetFrameworkDirectory};{RawFileName}" (previous value: "{CandidateAssemblyFiles};{HintPathFromItem};{TargetFrameworkDirectory}") at C:\Program Files\dotnet\sdk\9.0.101\Sdks\Microsoft.NET.Sdk\targets\Microsoft.NET.Sdk.props (92,5)
       The "DefaultSdkResolver" resolver attempted to resolve the SDK "Microsoft.NET.SDK.WorkloadAutoImportPropsLocator".
       Warnings: null
       Errors: MSB4276: The default SDK resolver failed to resolve SDK "Microsoft.NET.SDK.WorkloadAutoImportPropsLocator" because directory "C:\Program Files\dotnet\sdk\9.0.101\Sdks\Microsoft.NET.SDK.WorkloadAutoImportPropsLocator\Sdk" did not exist.
       The SDK "Microsoft.NET.SDK.WorkloadAutoImportPropsLocator" was successfully resolved by the "Microsoft.DotNet.MSBuildWorkloadSdkResolver" resolver to location "C:\Program Files\dotnet\packs\Aspire.Hosting.Sdk\8.2.2\Sdk" and version "null".
       Property reassignment: $(TargetsForTfmSpecificContentInPackage)=";PackTool;_PackProjectToolValidation" (previous value: ";PackTool") at C:\Program Files\dotnet\sdk\9.0.101\Sdks\Microsoft.NET.Sdk\targets\Microsoft.NET.PackProjectTool.props (15,5)
       The SDK "Microsoft.NET.Sdk.Razor" was successfully resolved by the "DefaultSdkResolver" resolver to location "C:\Program Files\dotnet\sdk\9.0.101\Sdks\Microsoft.NET.Sdk.Razor\Sdk" and version "".
       The SDK "Microsoft.NET.Sdk.StaticWebAssets" was successfully resolved by the "DefaultSdkResolver" resolver to location "C:\Program Files\dotnet\sdk\9.0.101\Sdks\Microsoft.NET.Sdk.StaticWebAssets\Sdk" and version "".
       Property reassignment: $(DefaultItemExcludes)=";**\node_modules\**;node_modules\**;**\jspm_packages\**;jspm_packages\**" (previous value: ";**\node_modules\**;node_modules\**") at C:\Program Files\dotnet\sdk\9.0.101\Sdks\Microsoft.NET.Sdk.StaticWebAssets\Sdk\Sdk.StaticWebAssets.StaticAssets.ProjectSystem.props (23,5)
       Property reassignment: $(DefaultItemExcludes)=";**\node_modules\**;node_modules\**;**\jspm_packages\**;jspm_packages\**;**\bower_components\**;bower_components\**" (previous value: ";**\node_modules\**;node_modules\**;**\jspm_packages\**;jspm_packages\**") at C:\Program Files\dotnet\sdk\9.0.101\Sdks\Microsoft.NET.Sdk.StaticWebAssets\Sdk\Sdk.StaticWebAssets.StaticAssets.ProjectSystem.props (24,5)
       Property reassignment: $(DefaultItemExcludes)=";**\node_modules\**;node_modules\**;**\jspm_packages\**;jspm_packages\**;**\bower_components\**;bower_components\**;**\packages.lock.json" (previous value: ";**\node_modules\**;node_modules\**;**\jspm_packages\**;jspm_packages\**;**\bower_components\**;bower_components\**") at C:\Program Files\dotnet\sdk\9.0.101\Sdks\Microsoft.NET.Sdk.StaticWebAssets\Sdk\Sdk.StaticWebAssets.StaticAssets.ProjectSystem.props (25,5)
       The SDK "Microsoft.NET.Sdk.Web.ProjectSystem" was successfully resolved by the "DefaultSdkResolver" resolver to location "C:\Program Files\dotnet\sdk\9.0.101\Sdks\Microsoft.NET.Sdk.Web.ProjectSystem\Sdk" and version "".
       Property reassignment: $(OutputType)="Exe" (previous value: "Library") at C:\Program Files\dotnet\sdk\9.0.101\Sdks\Microsoft.NET.Sdk.Web.ProjectSystem\targets\Microsoft.NET.Sdk.Web.ProjectSystem.props (16,5)
       The SDK "Microsoft.NET.Sdk.Publish" was successfully resolved by the "DefaultSdkResolver" resolver to location "C:\Program Files\dotnet\sdk\9.0.101\Sdks\Microsoft.NET.Sdk.Publish\Sdk" and version "".
       Property reassignment: $(PublishProfileImported)="false" (previous value: "true") at C:\Program Files\dotnet\sdk\9.0.101\Sdks\Microsoft.NET.Sdk\targets\Microsoft.NET.Sdk.ImportPublishProfile.targets (28,5)
       Property reassignment: $(TargetPlatformVersion)="" (previous value: "0.0") at C:\Program Files\dotnet\sdk\9.0.101\Sdks\Microsoft.NET.Sdk\targets\Microsoft.NET.TargetFrameworkInference.targets (69,5)
       Property reassignment: $(DefaultItemExcludes)=";**\node_modules\**;node_modules\**;**\jspm_packages\**;jspm_packages\**;**\bower_components\**;bower_components\**;**\packages.lock.json;bin\Debug\/**" (previous value: ";**\node_modules\**;node_modules\**;**\jspm_packages\**;jspm_packages\**;**\bower_components\**;bower_components\**;**\packages.lock.json") at C:\Program Files\dotnet\sdk\9.0.101\Sdks\Microsoft.NET.Sdk\targets\Microsoft.NET.DefaultOutputPaths.targets (121,5)
       Property reassignment: $(DefaultItemExcludes)=";**\node_modules\**;node_modules\**;**\jspm_packages\**;jspm_packages\**;**\bower_components\**;bower_components\**;**\packages.lock.json;bin\Debug\/**;obj\Debug\/**" (previous value: ";**\node_modules\**;node_modules\**;**\jspm_packages\**;jspm_packages\**;**\bower_components\**;bower_components\**;**\packages.lock.json;bin\Debug\/**") at C:\Program Files\dotnet\sdk\9.0.101\Sdks\Microsoft.NET.Sdk\targets\Microsoft.NET.DefaultOutputPaths.targets (122,5)
       Property reassignment: $(OutputPath)="bin\Debug\net8.0\" (previous value: "bin\Debug\") at C:\Program Files\dotnet\sdk\9.0.101\Sdks\Microsoft.NET.Sdk\targets\Microsoft.NET.DefaultOutputPaths.targets (137,5)
       Property reassignment: $(IntermediateOutputPath)="obj\Debug\net8.0\" (previous value: "obj\Debug\") at C:\Program Files\dotnet\sdk\9.0.101\Sdks\Microsoft.NET.Sdk\targets\Microsoft.NET.DefaultOutputPaths.targets (142,5)
       The "DefaultSdkResolver" resolver attempted to resolve the SDK "Microsoft.NET.SDK.WorkloadManifestTargetsLocator".
       Warnings: null
       Errors: MSB4276: The default SDK resolver failed to resolve SDK "Microsoft.NET.SDK.WorkloadManifestTargetsLocator" because directory "C:\Program Files\dotnet\sdk\9.0.101\Sdks\Microsoft.NET.SDK.WorkloadManifestTargetsLocator\Sdk" did not exist.
       The SDK "Microsoft.NET.SDK.WorkloadManifestTargetsLocator" was successfully resolved by the "Microsoft.DotNet.MSBuildWorkloadSdkResolver" resolver to location "C:\Program Files\dotnet\sdk-manifests\9.0.100\microsoft.net.sdk.android\35.0.7" and version "null".
       Property reassignment: $(_FrameworkIdentifierForImplicitDefine)="NET" (previous value: "NETCOREAPP") at C:\Program Files\dotnet\sdk\9.0.101\Sdks\Microsoft.NET.Sdk\targets\Microsoft.NET.Sdk.BeforeCommon.targets (187,5)
       Property reassignment: $(_FrameworkVersionForImplicitDefine)="8_0" (previous value: "8.0") at C:\Program Files\dotnet\sdk\9.0.101\Sdks\Microsoft.NET.Sdk\targets\Microsoft.NET.Sdk.BeforeCommon.targets (192,5)
       Property reassignment: $(CommandLineArgsForDesignTimeEvaluation)="-langversion:12.0 -define:TRACE" (previous value: "-langversion:12.0") at C:\Program Files\dotnet\sdk\9.0.101\Roslyn\Microsoft.CSharp.Core.targets (205,5)
       Property reassignment: $(_DebugSymbolsProduced)="true" (previous value: "false") at C:\Program Files\dotnet\sdk\9.0.101\Microsoft.Common.CurrentVersion.targets (175,5)
       Property reassignment: $(_DocumentationFileProduced)="false" (previous value: "true") at C:\Program Files\dotnet\sdk\9.0.101\Microsoft.Common.CurrentVersion.targets (185,5)
       Property reassignment: $(MSBuildCopyMarkerName)="StudentF.E5209379" (previous value: "StudentFormsApi.csproj") at C:\Program Files\dotnet\sdk\9.0.101\Microsoft.Common.CurrentVersion.targets (392,5)
       Property reassignment: $(MSBuildCopyMarkerName)="StudentF.E5209379.Up2Date" (previous value: "StudentF.E5209379") at C:\Program Files\dotnet\sdk\9.0.101\Microsoft.Common.CurrentVersion.targets (393,5)
       Property reassignment: $(ProcessorArchitecture)="msil" (previous value: "") at C:\Program Files\dotnet\sdk\9.0.101\Microsoft.Common.CurrentVersion.targets (541,5)
       Property reassignment: $(DelaySign)="" (previous value: "false") at C:\Program Files\dotnet\sdk\9.0.101\Microsoft.Common.CurrentVersion.targets (580,5)
       C:\Program Files\dotnet\sdk\9.0.101\Microsoft.Common.CurrentVersion.targets(2579,5): message : Property 'LOCALAPPDATA' with value 'C:\Users\alaga\AppData\Local' expanded from the environment.
       Property reassignment: $(_SGenGenerateSerializationAssembliesConfig)="Auto" (previous value: "") at C:\Program Files\dotnet\sdk\9.0.101\Microsoft.Common.CurrentVersion.targets (3897,5)
       Property reassignment: $(_SGenGenerateSerializationAssembliesConfig)="Off" (previous value: "Auto") at C:\Program Files\dotnet\sdk\9.0.101\Microsoft.Common.CurrentVersion.targets (3898,5)
       Property reassignment: $(_TargetsThatPrepareProjectReferences)="
             AssignProjectConfiguration;
             _SplitProjectReferencesByFileExistence
           " (previous value: "_SplitProjectReferencesByFileExistence") at C:\Program Files\dotnet\sdk\9.0.101\Microsoft.Common.CurrentVersion.targets (5100,5)
       C:\Program Files\dotnet\sdk\9.0.101\Microsoft.Common.CurrentVersion.targets(6846,5): message : Property 'MSBuildExtensionsPath32' with value 'C:\Program Files\dotnet\sdk\9.0.101' expanded from the environment.
       Property reassignment: $(OpenApiGenerateDocuments)="true" (previous value: "") at C:\Users\alaga\.nuget\packages\microsoft.extensions.apidescription.server\6.0.5\build\Microsoft.Extensions.ApiDescription.Server.targets (9,5)
       Property reassignment: $(ProjectAssetsCacheFile)="D:\Personal\MS3\VedhamsMidway\SRM\srm\StudentFormsApi\obj\Debug\net8.0\StudentFormsApi.assets.cache" (previous value: "obj\Debug\net8.0\StudentFormsApi.assets.cache") at C:\Program Files\dotnet\sdk\9.0.101\Sdks\Microsoft.NET.Sdk\targets\Microsoft.PackageDependencyResolution.targets (29,5)
       Property reassignment: $(ResolveAssemblyReferencesDependsOn)="
             
             ResolveProjectReferences;
             FindInvalidProjectReferences;
             GetFrameworkPaths;
             GetReferenceAssemblyPaths;
             PrepareForBuild;
             ResolveSDKReferences;
             ExpandSDKReferences;
           ;
             ResolvePackageDependenciesForBuild;
             _HandlePackageFileConflicts;
           " (previous value: "
             ResolveProjectReferences;
             FindInvalidProjectReferences;
             GetFrameworkPaths;
             GetReferenceAssemblyPaths;
             PrepareForBuild;
             ResolveSDKReferences;
             ExpandSDKReferences;
           ") at C:\Program Files\dotnet\sdk\9.0.101\Sdks\Microsoft.NET.Sdk\targets\Microsoft.PackageDependencyResolution.targets (80,5)
       Property reassignment: $(PrepareResourcesDependsOn)="
             ResolvePackageDependenciesForBuild;
             _HandlePackageFileConflicts;
             
             ;
             PrepareResourceNames;
             ResGen;
             CompileLicxFiles
           
           " (previous value: "
             ;
             PrepareResourceNames;
             ResGen;
             CompileLicxFiles
           ") at C:\Program Files\dotnet\sdk\9.0.101\Sdks\Microsoft.NET.Sdk\targets\Microsoft.PackageDependencyResolution.targets (86,5)
       Property reassignment: $(DefaultItemExcludes)=";**\node_modules\**;node_modules\**;**\jspm_packages\**;jspm_packages\**;**\bower_components\**;bower_components\**;**\packages.lock.json;bin\Debug\/**;obj\Debug\/**;bin\/**" (previous value: ";**\node_modules\**;node_modules\**;**\jspm_packages\**;jspm_packages\**;**\bower_components\**;bower_components\**;**\packages.lock.json;bin\Debug\/**;obj\Debug\/**") at C:\Program Files\dotnet\sdk\9.0.101\Sdks\Microsoft.NET.Sdk\targets\Microsoft.NET.Sdk.DefaultItems.targets (27,5)
       Property reassignment: $(DefaultItemExcludes)=";**\node_modules\**;node_modules\**;**\jspm_packages\**;jspm_packages\**;**\bower_components\**;bower_components\**;**\packages.lock.json;bin\Debug\/**;obj\Debug\/**;bin\/**;obj\/**" (previous value: ";**\node_modules\**;node_modules\**;**\jspm_packages\**;jspm_packages\**;**\bower_components\**;bower_components\**;**\packages.lock.json;bin\Debug\/**;obj\Debug\/**;bin\/**") at C:\Program Files\dotnet\sdk\9.0.101\Sdks\Microsoft.NET.Sdk\targets\Microsoft.NET.Sdk.DefaultItems.targets (29,5)
       Property reassignment: $(DefaultItemExcludes)=";**\node_modules\**;node_modules\**;**\jspm_packages\**;jspm_packages\**;**\bower_components\**;bower_components\**;**\packages.lock.json;bin\Debug\/**;obj\Debug\/**;bin\/**;obj\/**;**/*.user" (previous value: ";**\node_modules\**;node_modules\**;**\jspm_packages\**;jspm_packages\**;**\bower_components\**;bower_components\**;**\packages.lock.json;bin\Debug\/**;obj\Debug\/**;bin\/**;obj\/**") at C:\Program Files\dotnet\sdk\9.0.101\Sdks\Microsoft.NET.Sdk\targets\Microsoft.NET.Sdk.DefaultItems.targets (32,5)
       Property reassignment: $(DefaultItemExcludes)=";**\node_modules\**;node_modules\**;**\jspm_packages\**;jspm_packages\**;**\bower_components\**;bower_components\**;**\packages.lock.json;bin\Debug\/**;obj\Debug\/**;bin\/**;obj\/**;**/*.user;**/*.*proj" (previous value: ";**\node_modules\**;node_modules\**;**\jspm_packages\**;jspm_packages\**;**\bower_components\**;bower_components\**;**\packages.lock.json;bin\Debug\/**;obj\Debug\/**;bin\/**;obj\/**;**/*.user") at C:\Program Files\dotnet\sdk\9.0.101\Sdks\Microsoft.NET.Sdk\targets\Microsoft.NET.Sdk.DefaultItems.targets (33,5)
       Property reassignment: $(DefaultItemExcludes)=";**\node_modules\**;node_modules\**;**\jspm_packages\**;jspm_packages\**;**\bower_components\**;bower_components\**;**\packages.lock.json;bin\Debug\/**;obj\Debug\/**;bin\/**;obj\/**;**/*.user;**/*.*proj;**/*.sln" (previous value: ";**\node_modules\**;node_modules\**;**\jspm_packages\**;jspm_packages\**;**\bower_components\**;bower_components\**;**\packages.lock.json;bin\Debug\/**;obj\Debug\/**;bin\/**;obj\/**;**/*.user;**/*.*proj") at C:\Program Files\dotnet\sdk\9.0.101\Sdks\Microsoft.NET.Sdk\targets\Microsoft.NET.Sdk.DefaultItems.targets (34,5)
       Property reassignment: $(DefaultItemExcludes)=";**\node_modules\**;node_modules\**;**\jspm_packages\**;jspm_packages\**;**\bower_components\**;bower_components\**;**\packages.lock.json;bin\Debug\/**;obj\Debug\/**;bin\/**;obj\/**;**/*.user;**/*.*proj;**/*.sln;**/*.vssscc" (previous value: ";**\node_modules\**;node_modules\**;**\jspm_packages\**;jspm_packages\**;**\bower_components\**;bower_components\**;**\packages.lock.json;bin\Debug\/**;obj\Debug\/**;bin\/**;obj\/**;**/*.user;**/*.*proj;**/*.sln") at C:\Program Files\dotnet\sdk\9.0.101\Sdks\Microsoft.NET.Sdk\targets\Microsoft.NET.Sdk.DefaultItems.targets (35,5)
       Property reassignment: $(DefaultItemExcludes)=";**\node_modules\**;node_modules\**;**\jspm_packages\**;jspm_packages\**;**\bower_components\**;bower_components\**;**\packages.lock.json;bin\Debug\/**;obj\Debug\/**;bin\/**;obj\/**;**/*.user;**/*.*proj;**/*.sln;**/*.vssscc;**/.DS_Store" (previous value: ";**\node_modules\**;node_modules\**;**\jspm_packages\**;jspm_packages\**;**\bower_components\**;bower_components\**;**\packages.lock.json;bin\Debug\/**;obj\Debug\/**;bin\/**;obj\/**;**/*.user;**/*.*proj;**/*.sln;**/*.vssscc") at C:\Program Files\dotnet\sdk\9.0.101\Sdks\Microsoft.NET.Sdk\targets\Microsoft.NET.Sdk.DefaultItems.targets (36,5)
       Property reassignment: $(ResolveAssemblyReferencesDependsOn)="
             
             
             ResolveProjectReferences;
             FindInvalidProjectReferences;
             GetFrameworkPaths;
             GetReferenceAssemblyPaths;
             PrepareForBuild;
             ResolveSDKReferences;
             ExpandSDKReferences;
           ;
             ResolvePackageDependenciesForBuild;
             _HandlePackageFileConflicts;
           ;
             ResolveTargetingPackAssets;
           " (previous value: "
             
             ResolveProjectReferences;
             FindInvalidProjectReferences;
             GetFrameworkPaths;
             GetReferenceAssemblyPaths;
             PrepareForBuild;
             ResolveSDKReferences;
             ExpandSDKReferences;
           ;
             ResolvePackageDependenciesForBuild;
             _HandlePackageFileConflicts;
           ") at C:\Program Files\dotnet\sdk\9.0.101\Sdks\Microsoft.NET.Sdk\targets\Microsoft.NET.Sdk.FrameworkReferenceResolution.targets (14,5)
       Property reassignment: $(_GenerateRuntimeConfigurationPropertyInputsCache)="D:\Personal\MS3\VedhamsMidway\SRM\srm\StudentFormsApi\obj\Debug\net8.0\StudentFormsApi.genruntimeconfig.cache" (previous value: "obj\Debug\net8.0\StudentFormsApi.genruntimeconfig.cache") at C:\Program Files\dotnet\sdk\9.0.101\Sdks\Microsoft.NET.Sdk\targets\Microsoft.NET.Sdk.targets (44,5)
       Property reassignment: $(_GeneratePublishDependencyFilePropertyInputsCache)="D:\Personal\MS3\VedhamsMidway\SRM\srm\StudentFormsApi\obj\Debug\net8.0\StudentFormsApi.genpublishdeps.cache" (previous value: "obj\Debug\net8.0\StudentFormsApi.genpublishdeps.cache") at C:\Program Files\dotnet\sdk\9.0.101\Sdks\Microsoft.NET.Sdk\targets\Microsoft.NET.Sdk.targets (46,5)
       Property reassignment: $(_GenerateSingleFileBundlePropertyInputsCache)="D:\Personal\MS3\VedhamsMidway\SRM\srm\StudentFormsApi\obj\Debug\net8.0\StudentFormsApi.genbundle.cache" (previous value: "obj\Debug\net8.0\StudentFormsApi.genbundle.cache") at C:\Program Files\dotnet\sdk\9.0.101\Sdks\Microsoft.NET.Sdk\targets\Microsoft.NET.Sdk.targets (48,5)
       Property reassignment: $(GenerateRuntimeConfigDevFile)="false" (previous value: "true") at C:\Program Files\dotnet\sdk\9.0.101\Sdks\Microsoft.NET.Sdk\targets\Microsoft.NET.Sdk.targets (81,5)
       Property reassignment: $(_DefaultUserProfileRuntimeStorePath)="C:\Users\alaga" (previous value: "") at C:\Program Files\dotnet\sdk\9.0.101\Sdks\Microsoft.NET.Sdk\targets\Microsoft.NET.Sdk.targets (97,5)
       Property reassignment: $(_DefaultUserProfileRuntimeStorePath)="C:\Users\alaga\.dotnet\store" (previous value: "C:\Users\alaga") at C:\Program Files\dotnet\sdk\9.0.101\Sdks\Microsoft.NET.Sdk\targets\Microsoft.NET.Sdk.targets (98,5)
       Property reassignment: $(AvailablePlatforms)="Any CPU,x86,x64,ARM32" (previous value: "Any CPU,x86,x64") at C:\Program Files\dotnet\sdk\9.0.101\Sdks\Microsoft.NET.Sdk\targets\Microsoft.NET.Sdk.targets (140,5)
       Property reassignment: $(AvailablePlatforms)="Any CPU,x86,x64,ARM32,ARM64" (previous value: "Any CPU,x86,x64,ARM32") at C:\Program Files\dotnet\sdk\9.0.101\Sdks\Microsoft.NET.Sdk\targets\Microsoft.NET.Sdk.targets (144,5)
       Property reassignment: $(CoreBuildDependsOn)="
             _CheckForBuildWithNoBuild;
             
             BuildOnlySettings;
             PrepareForBuild;
             PreBuildEvent;
             ResolveReferences;
             PrepareResources;
             ResolveKeySource;
             Compile;
             ExportWindowsMDFile;
             UnmanagedUnregistration;
             GenerateSerializationAssemblies;
             CreateSatelliteAssemblies;
             GenerateManifests;
             GetTargetPath;
             PrepareForRun;
             UnmanagedRegistration;
             IncrementalClean;
             PostBuildEvent
           ;
             GenerateBuildDependencyFile;
             GenerateBuildRuntimeConfigurationFiles
           " (previous value: "
             BuildOnlySettings;
             PrepareForBuild;
             PreBuildEvent;
             ResolveReferences;
             PrepareResources;
             ResolveKeySource;
             Compile;
             ExportWindowsMDFile;
             UnmanagedUnregistration;
             GenerateSerializationAssemblies;
             CreateSatelliteAssemblies;
             GenerateManifests;
             GetTargetPath;
             PrepareForRun;
             UnmanagedRegistration;
             IncrementalClean;
             PostBuildEvent
           ") at C:\Program Files\dotnet\sdk\9.0.101\Sdks\Microsoft.NET.Sdk\targets\Microsoft.NET.Sdk.targets (201,5)
       Property reassignment: $(CoreCleanDependsOn)="
             _SdkBeforeClean;
             
           " (previous value: "") at C:\Program Files\dotnet\sdk\9.0.101\Sdks\Microsoft.NET.Sdk\targets\Microsoft.NET.Sdk.targets (210,5)
       Property reassignment: $(RebuildDependsOn)="
             _SdkBeforeRebuild;
             
             BeforeRebuild;
             Clean;
             Build;
             AfterRebuild;
           
           " (previous value: "
             BeforeRebuild;
             Clean;
             Build;
             AfterRebuild;
           ") at C:\Program Files\dotnet\sdk\9.0.101\Sdks\Microsoft.NET.Sdk\targets\Microsoft.NET.Sdk.targets (217,5)
       Property reassignment: $(CompileDependsOn)="
             
             ResolveReferences;
             ResolveKeySource;
             SetWin32ManifestProperties;
             _SetPreferNativeArm64Win32ManifestProperties;
             FindReferenceAssembliesForReferences;
             _GenerateCompileInputs;
             BeforeCompile;
             _TimeStampBeforeCompile;
             _GenerateCompileDependencyCache;
             CoreCompile;
             _TimeStampAfterCompile;
             AfterCompile;
           ;
             _CreateAppHost;
             _CreateComHost;
             _GetIjwHostPaths;
           " (previous value: "
             ResolveReferences;
             ResolveKeySource;
             SetWin32ManifestProperties;
             _SetPreferNativeArm64Win32ManifestProperties;
             FindReferenceAssembliesForReferences;
             _GenerateCompileInputs;
             BeforeCompile;
             _TimeStampBeforeCompile;
             _GenerateCompileDependencyCache;
             CoreCompile;
             _TimeStampAfterCompile;
             AfterCompile;
           ") at C:\Program Files\dotnet\sdk\9.0.101\Sdks\Microsoft.NET.Sdk\targets\Microsoft.NET.Sdk.targets (783,5)
       Property reassignment: $(CreateSatelliteAssembliesDependsOn)="
             
             ;
             _GenerateSatelliteAssemblyInputs;
             ComputeIntermediateSatelliteAssemblies;
             GenerateSatelliteAssemblies
           ;
             CoreGenerateSatelliteAssemblies
           " (previous value: "
             ;
             _GenerateSatelliteAssemblyInputs;
             ComputeIntermediateSatelliteAssemblies;
             GenerateSatelliteAssemblies
           ") at C:\Program Files\dotnet\sdk\9.0.101\Sdks\Microsoft.NET.Sdk\targets\Microsoft.NET.Sdk.targets (1183,5)
       Property reassignment: $(SourceLinkUrlInitializerTargets)=";_InitializeGitHubSourceLinkUrl;_InitializeGitLabSourceLinkUrl" (previous value: ";_InitializeGitHubSourceLinkUrl") at C:\Program Files\dotnet\sdk\9.0.101\Sdks\Microsoft.SourceLink.GitLab\build\Microsoft.SourceLink.GitLab.targets (12,5)
       Property reassignment: $(SourceControlManagerUrlTranslationTargets)=";TranslateGitHubUrlsInSourceControlInformation;TranslateGitLabUrlsInSourceControlInformation" (previous value: ";TranslateGitHubUrlsInSourceControlInformation") at C:\Program Files\dotnet\sdk\9.0.101\Sdks\Microsoft.SourceLink.GitLab\build\Microsoft.SourceLink.GitLab.targets (13,5)
       Property reassignment: $(SourceLinkUrlInitializerTargets)=";_InitializeGitHubSourceLinkUrl;_InitializeGitLabSourceLinkUrl;_InitializeAzureReposGitSourceLinkUrl" (previous value: ";_InitializeGitHubSourceLinkUrl;_InitializeGitLabSourceLinkUrl") at C:\Program Files\dotnet\sdk\9.0.101\Sdks\Microsoft.SourceLink.AzureRepos.Git\build\Microsoft.SourceLink.AzureRepos.Git.targets (12,5)
       Property reassignment: $(SourceControlManagerUrlTranslationTargets)=";TranslateGitHubUrlsInSourceControlInformation;TranslateGitLabUrlsInSourceControlInformation;TranslateAzureReposGitUrlsInSourceControlInformation" (previous value: ";TranslateGitHubUrlsInSourceControlInformation;TranslateGitLabUrlsInSourceControlInformation") at C:\Program Files\dotnet\sdk\9.0.101\Sdks\Microsoft.SourceLink.AzureRepos.Git\build\Microsoft.SourceLink.AzureRepos.Git.targets (13,5)
       Property reassignment: $(SourceLinkUrlInitializerTargets)=";_InitializeGitHubSourceLinkUrl;_InitializeGitLabSourceLinkUrl;_InitializeAzureReposGitSourceLinkUrl;_InitializeBitbucketGitSourceLinkUrl" (previous value: ";_InitializeGitHubSourceLinkUrl;_InitializeGitLabSourceLinkUrl;_InitializeAzureReposGitSourceLinkUrl") at C:\Program Files\dotnet\sdk\9.0.101\Sdks\Microsoft.SourceLink.Bitbucket.Git\build\Microsoft.SourceLink.Bitbucket.Git.targets (12,5)
       Property reassignment: $(SourceControlManagerUrlTranslationTargets)=";TranslateGitHubUrlsInSourceControlInformation;TranslateGitLabUrlsInSourceControlInformation;TranslateAzureReposGitUrlsInSourceControlInformation;TranslateBitbucketGitUrlsInSourceControlInformation" (previous value: ";TranslateGitHubUrlsInSourceControlInformation;TranslateGitLabUrlsInSourceControlInformation;TranslateAzureReposGitUrlsInSourceControlInformation") at C:\Program Files\dotnet\sdk\9.0.101\Sdks\Microsoft.SourceLink.Bitbucket.Git\build\Microsoft.SourceLink.Bitbucket.Git.targets (13,5)
       Property reassignment: $(DesignerRuntimeImplementationProjectOutputGroupDependsOn)="
             
             ;
             
             ;
             BuildOnlySettings;
             PrepareForBuild;
             AssignTargetPaths;
             ResolveReferences
           
           ;
             _GenerateDesignerDepsFile;
             _GenerateDesignerRuntimeConfigFile;
             GetCopyToOutputDirectoryItems;
             _GatherDesignerShadowCopyFiles;
           " (previous value: "
             ;
             
             ;
             BuildOnlySettings;
             PrepareForBuild;
             AssignTargetPaths;
             ResolveReferences
           
           ") at C:\Program Files\dotnet\sdk\9.0.101\Sdks\Microsoft.NET.Sdk\targets\Microsoft.NET.DesignerSupport.targets (21,5)
       Property reassignment: $(_GenerateToolsSettingsFileCacheFile)="D:\Personal\MS3\VedhamsMidway\SRM\srm\StudentFormsApi\obj\Debug\net8.0\StudentFormsApi.toolssettingsinput.cache" (previous value: "obj\Debug\net8.0\StudentFormsApi.toolssettingsinput.cache") at C:\Program Files\dotnet\sdk\9.0.101\Sdks\Microsoft.NET.Sdk\targets\Microsoft.NET.PackTool.targets (68,5)
       Property reassignment: $(_ShimInputCacheFile)="D:\Personal\MS3\VedhamsMidway\SRM\srm\StudentFormsApi\obj\Debug\net8.0\StudentFormsApi.shiminput.cache" (previous value: "obj\Debug\net8.0\StudentFormsApi.shiminput.cache") at C:\Program Files\dotnet\sdk\9.0.101\Sdks\Microsoft.NET.Sdk\targets\Microsoft.NET.PackTool.targets (137,5)
       Property reassignment: $(_ShimCreatedSentinelFile)="D:\Personal\MS3\VedhamsMidway\SRM\srm\StudentFormsApi\obj\Debug\net8.0\StudentFormsApi.shimcreated.sentinel" (previous value: "obj\Debug\net8.0\StudentFormsApi.shimcreated.sentinel") at C:\Program Files\dotnet\sdk\9.0.101\Sdks\Microsoft.NET.Sdk\targets\Microsoft.NET.PackTool.targets (139,5)
       Property reassignment: $(DefineConstants)="TRACE;DEBUG" (previous value: "TRACE") at C:\Program Files\dotnet\sdk\9.0.101\Sdks\Microsoft.NET.Sdk\targets\Microsoft.NET.Sdk.CSharp.targets (31,5)
       Property reassignment: $(DefineConstants)="TRACE;DEBUG;NET;NET8_0;NETCOREAPP" (previous value: "TRACE;DEBUG") at C:\Program Files\dotnet\sdk\9.0.101\Sdks\Microsoft.NET.Sdk\targets\Microsoft.NET.Sdk.CSharp.targets (34,5)
       Property reassignment: $(WarningsAsErrors)=";NU1605;SYSLIB0011" (previous value: ";NU1605") at C:\Program Files\dotnet\sdk\9.0.101\Sdks\Microsoft.NET.Sdk\targets\Microsoft.NET.Sdk.CSharp.targets (48,5)
       Property reassignment: $(PackageDescription)="Package Description" (previous value: "") at C:\Program Files\dotnet\sdk\9.0.101\Sdks\NuGet.Build.Tasks.Pack\build\NuGet.Build.Tasks.Pack.targets (34,5)
       Property reassignment: $(GenerateNuspecDependsOn)="Build;_LoadPackInputItems; _GetTargetFrameworksOutput; _WalkEachTargetPerFramework; _GetPackageFiles; " (previous value: "_LoadPackInputItems; _GetTargetFrameworksOutput; _WalkEachTargetPerFramework; _GetPackageFiles; ") at C:\Program Files\dotnet\sdk\9.0.101\Sdks\NuGet.Build.Tasks.Pack\build\NuGet.Build.Tasks.Pack.targets (59,5)
       Property reassignment: $(_IsNotSetContainersTargetsDir)="true" (previous value: "false") at C:\Program Files\dotnet\sdk\9.0.101\Sdks\Microsoft.NET.Sdk\Sdk\Sdk.targets (60,5)
       Property reassignment: $(_IsSDKContainerAllowedVersion)="true" (previous value: "false") at C:\Program Files\dotnet\sdk\9.0.101\Containers\build\Microsoft.NET.Build.Containers.targets (5,5)
       Property reassignment: $(_ContainerIsTargetingNet8TFM)="true" (previous value: "false") at C:\Program Files\dotnet\sdk\9.0.101\Containers\build\Microsoft.NET.Build.Containers.targets (15,5)
       C:\Program Files\dotnet\sdk\9.0.101\Sdks\Microsoft.NET.Sdk.StaticWebAssets\targets\Sdk.StaticWebAssets.CurrentVersion.targets(37,18): message : Property 'DOTNET_HOST_PATH' with value 'C:\Program Files\dotnet\dotnet.exe' expanded from the environment.
       Property reassignment: $(PrepareForRunDependsOn)="StaticWebAssetsPrepareForRun;
             CopyFilesToOutputDirectory
           " (previous value: "
             CopyFilesToOutputDirectory
           ") at C:\Program Files\dotnet\sdk\9.0.101\Sdks\Microsoft.NET.Sdk.StaticWebAssets\targets\Microsoft.NET.Sdk.StaticWebAssets.targets (286,5)
       Property reassignment: $(GetCopyToOutputDirectoryItemsDependsOn)="
             AssignTargetPaths;
             
             AssignProjectConfiguration;
             _SplitProjectReferencesByFileExistence
           ;
             _GetProjectReferenceTargetFrameworkProperties;
             _PopulateCommonStateForGetCopyToOutputDirectoryItems
           ;AddStaticWebAssetsManifest;AddStaticWebAssetEndpointsBuildManifest" (previous value: "
             AssignTargetPaths;
             
             AssignProjectConfiguration;
             _SplitProjectReferencesByFileExistence
           ;
             _GetProjectReferenceTargetFrameworkProperties;
             _PopulateCommonStateForGetCopyToOutputDirectoryItems
           ") at C:\Program Files\dotnet\sdk\9.0.101\Sdks\Microsoft.NET.Sdk.StaticWebAssets\targets\Microsoft.NET.Sdk.StaticWebAssets.targets (323,5)
       Property reassignment: $(GenerateNuspecDependsOn)="
             IncludeStaticWebAssetsPackItems;
             Build;_LoadPackInputItems; _GetTargetFrameworksOutput; _WalkEachTargetPerFramework; _GetPackageFiles; ;
           " (previous value: "Build;_LoadPackInputItems; _GetTargetFrameworksOutput; _WalkEachTargetPerFramework; _GetPackageFiles; ") at C:\Program Files\dotnet\sdk\9.0.101\Sdks\Microsoft.NET.Sdk.StaticWebAssets\targets\Microsoft.NET.Sdk.StaticWebAssets.Pack.targets (46,5)
       Property reassignment: $(IncludeStaticWebAssetsPackItemsDependsOn)="
             Build;
             ResolveStaticWebAssetsConfiguration;LoadStaticWebAssetsBuildManifest
           ;
           " (previous value: "
             ResolveStaticWebAssetsConfiguration;LoadStaticWebAssetsBuildManifest
           ") at C:\Program Files\dotnet\sdk\9.0.101\Sdks\Microsoft.NET.Sdk.StaticWebAssets\targets\Microsoft.NET.Sdk.StaticWebAssets.Pack.targets (55,5)
       Property reassignment: $(ResolveStaticWebAssetsInputsDependsOn)="
           
             ResolveCoreStaticWebAssets;
             GenerateComputedBuildStaticWebAssets;
             
           ;
           ResolveScopedCssAssets;
         " (previous value: "
             ResolveCoreStaticWebAssets;
             GenerateComputedBuildStaticWebAssets;
             
           ") at C:\Program Files\dotnet\sdk\9.0.101\Sdks\Microsoft.NET.Sdk.StaticWebAssets\targets\Microsoft.NET.Sdk.StaticWebAssets.ScopedCss.targets (55,3)
       Property reassignment: $(GenerateComputedBuildStaticWebAssetsDependsOn)="
           ResolveCoreStaticWebAssets;;
           BundleScopedCssFiles;
         " (previous value: "ResolveCoreStaticWebAssets;") at C:\Program Files\dotnet\sdk\9.0.101\Sdks\Microsoft.NET.Sdk.StaticWebAssets\targets\Microsoft.NET.Sdk.StaticWebAssets.ScopedCss.targets (88,3)
       Property reassignment: $(ResolveCoreStaticWebAssetsDependsOn)="
             
             UpdateExistingPackageStaticWebAssets;
             ResolveProjectStaticWebAssets;
             ResolveEmbeddedProjectsStaticWebAssets;
             ResolveReferencedProjectsStaticWebAssets;
             ;
           ;
             ResolveJSModuleStaticWebAssets;
             ResolveJsInitializerModuleStaticWebAssets;
           " (previous value: "
             UpdateExistingPackageStaticWebAssets;
             ResolveProjectStaticWebAssets;
             ResolveEmbeddedProjectsStaticWebAssets;
             ResolveReferencedProjectsStaticWebAssets;
             ;
           ") at C:\Program Files\dotnet\sdk\9.0.101\Sdks\Microsoft.NET.Sdk.StaticWebAssets\targets\Microsoft.NET.Sdk.StaticWebAssets.JSModules.targets (37,5)
       Property reassignment: $(ResolveStaticWebAssetsInputsDependsOn)="
             ResolveJSModuleManifestBuildStaticWebAssets;
             
           
             ResolveCoreStaticWebAssets;
             GenerateComputedBuildStaticWebAssets;
             
           ;
           ResolveScopedCssAssets;
         
           " (previous value: "
           
             ResolveCoreStaticWebAssets;
             GenerateComputedBuildStaticWebAssets;
             
           ;
           ResolveScopedCssAssets;
         ") at C:\Program Files\dotnet\sdk\9.0.101\Sdks\Microsoft.NET.Sdk.StaticWebAssets\targets\Microsoft.NET.Sdk.StaticWebAssets.JSModules.targets (53,5)
       Property reassignment: $(ResolvePublishStaticWebAssetsDependsOn)="
             ResolveJSModuleManifestPublishStaticWebAssets;
             
             ResolveCorePublishStaticWebAssets;
             GenerateComputedPublishStaticWebAssets;
             ;
           
           " (previous value: "
             ResolveCorePublishStaticWebAssets;
             GenerateComputedPublishStaticWebAssets;
             ;
           ") at C:\Program Files\dotnet\sdk\9.0.101\Sdks\Microsoft.NET.Sdk.StaticWebAssets\targets\Microsoft.NET.Sdk.StaticWebAssets.JSModules.targets (72,5)
       Property reassignment: $(ResolveBuildRelatedStaticWebAssetsDependsOn)="
             ResolveBuildCompressedStaticWebAssets;
             
             ResolveStaticWebAssetsInputs;
             
           
           " (previous value: "
             ResolveStaticWebAssetsInputs;
             
           ") at C:\Program Files\dotnet\sdk\9.0.101\Sdks\Microsoft.NET.Sdk.StaticWebAssets\targets\Microsoft.NET.Sdk.StaticWebAssets.Compression.targets (179,5)
       Property reassignment: $(ResolvePublishRelatedStaticWebAssetsDependsOn)="
             ResolvePublishCompressedStaticWebAssets;
             
           " (previous value: "") at C:\Program Files\dotnet\sdk\9.0.101\Sdks\Microsoft.NET.Sdk.StaticWebAssets\targets\Microsoft.NET.Sdk.StaticWebAssets.Compression.targets (198,5)
       Property reassignment: $(DebugSymbolsProjectOutputGroupDependsOn)="
             ;
             _RazorAddDebugSymbolsProjectOutputGroupOutput
           " (previous value: "") at C:\Program Files\dotnet\sdk\9.0.101\Sdks\Microsoft.NET.Sdk.Razor\targets\Sdk.Razor.CurrentVersion.targets (205,5)
       Property reassignment: $(PrepareForBuildDependsOn)="
             ;GetFrameworkPaths;GetReferenceAssemblyPaths;AssignLinkMetadata;
             ResolveRazorGenerateInputs
           " (previous value: ";GetFrameworkPaths;GetReferenceAssemblyPaths;AssignLinkMetadata") at C:\Program Files\dotnet\sdk\9.0.101\Sdks\Microsoft.NET.Sdk.Razor\targets\Sdk.Razor.CurrentVersion.targets (210,5)
       Property reassignment: $(GenerateNuspecDependsOn)="
             ResolveRazorGenerateInputs;
             
             IncludeStaticWebAssetsPackItems;
             Build;_LoadPackInputItems; _GetTargetFrameworksOutput; _WalkEachTargetPerFramework; _GetPackageFiles; ;
           
           " (previous value: "
             IncludeStaticWebAssetsPackItems;
             Build;_LoadPackInputItems; _GetTargetFrameworksOutput; _WalkEachTargetPerFramework; _GetPackageFiles; ;
           ") at C:\Program Files\dotnet\sdk\9.0.101\Sdks\Microsoft.NET.Sdk.Razor\targets\Sdk.Razor.CurrentVersion.targets (215,5)
       Property reassignment: $(PrepareForRunDependsOn)="
             _RazorPrepareForRun;
             StaticWebAssetsPrepareForRun;
             CopyFilesToOutputDirectory
           
           " (previous value: "StaticWebAssetsPrepareForRun;
             CopyFilesToOutputDirectory
           ") at C:\Program Files\dotnet\sdk\9.0.101\Sdks\Microsoft.NET.Sdk.Razor\targets\Sdk.Razor.CurrentVersion.targets (220,5)
       Property reassignment: $(UseRazorBuildServer)="true" (previous value: "") at C:\Program Files\dotnet\sdk\9.0.101\Sdks\Microsoft.NET.Sdk.Razor\targets\Sdk.Razor.CurrentVersion.targets (311,5)
       Property reassignment: $(_RazorDebugSymbolsProduced)="true" (previous value: "false") at C:\Program Files\dotnet\sdk\9.0.101\Sdks\Microsoft.NET.Sdk.Razor\targets\Sdk.Razor.CurrentVersion.targets (317,5)
       Property reassignment: $(GenerateRazorTargetAssemblyInfoDependsOn)="
             _ResolveMvcAssemblyAttributes;
             
             GetRazorTargetAssemblyAttributes;
             _CreateRazorTargetAssemblyInfoInputsCacheFile;
             CoreGenerateRazorTargetAssemblyInfo
           
           " (previous value: "
             GetRazorTargetAssemblyAttributes;
             _CreateRazorTargetAssemblyInfoInputsCacheFile;
             CoreGenerateRazorTargetAssemblyInfo
           ") at C:\Program Files\dotnet\sdk\9.0.101\Sdks\Microsoft.NET.Sdk.Razor\targets\Microsoft.NET.Sdk.Razor.GenerateAssemblyInfo.targets (36,5)
       Property reassignment: $(CoreCompileDependsOn)="
             ;_ComputeNonExistentFileProperty;ResolveCodeAnalysisRuleSet;
             _GenerateRazorAssemblyInfo
           " (previous value: ";_ComputeNonExistentFileProperty;ResolveCodeAnalysisRuleSet") at C:\Program Files\dotnet\sdk\9.0.101\Sdks\Microsoft.NET.Sdk.Razor\targets\Microsoft.NET.Sdk.Razor.GenerateAssemblyInfo.targets (181,5)
       Property reassignment: $(_GenerateRazorAssemblyInfoDependsOn)="
             _ResolveMvcAssemblyAttributes;
             RazorGetAssemblyAttributes;PrepareForBuild;_CoreGenerateRazorAssemblyInfo;
           " (previous value: "RazorGetAssemblyAttributes;PrepareForBuild;_CoreGenerateRazorAssemblyInfo") at C:\Program Files\dotnet\sdk\9.0.101\Sdks\Microsoft.NET.Sdk.Razor\targets\Microsoft.NET.Sdk.Razor.GenerateAssemblyInfo.targets (189,5)
       Property reassignment: $(CoreCompileDependsOn)="
             _DiscoverMvcApplicationParts;
             
             ;_ComputeNonExistentFileProperty;ResolveCodeAnalysisRuleSet;
             _GenerateRazorAssemblyInfo
           ;
           " (previous value: "
             ;_ComputeNonExistentFileProperty;ResolveCodeAnalysisRuleSet;
             _GenerateRazorAssemblyInfo
           ") at C:\Program Files\dotnet\sdk\9.0.101\Sdks\Microsoft.NET.Sdk.Razor\targets\Microsoft.NET.Sdk.Razor.MvcApplicationPartsDiscovery.targets (22,5)
       Property reassignment: $(RazorDesignTimeTargets)="C:\Program Files\dotnet\sdk\9.0.101\Sdks\Microsoft.NET.Sdk.Razor\targets\Microsoft.NET.Sdk.Razor.DesignTime.targets" (previous value: "C:\Program Files\dotnet\sdk\9.0.101\\Microsoft\VisualStudio\Razor\Microsoft.NET.Sdk.Razor.DesignTime.targets") at C:\Program Files\dotnet\sdk\9.0.101\Sdks\Microsoft.NET.Sdk.Razor\targets\Sdk.Razor.CurrentVersion.targets (791,5)
       Property reassignment: $(RunWorkingDirectory)="D:\Personal\MS3\VedhamsMidway\SRM\srm\StudentFormsApi" (previous value: "") at C:\Program Files\dotnet\sdk\9.0.101\Sdks\Microsoft.NET.Sdk.Web.ProjectSystem\targets\Microsoft.NET.Sdk.Web.ProjectSystem.targets (21,5)
       Property reassignment: $(PublishProfileImported)="true" (previous value: "false") at C:\Program Files\dotnet\sdk\9.0.101\Sdks\Microsoft.NET.Sdk.Publish\targets\Microsoft.NET.Sdk.Publish.targets (60,5)
       Property reassignment: $(PublishConfiguration)="Debug" (previous value: "") at C:\Program Files\dotnet\sdk\9.0.101\Sdks\Microsoft.NET.Sdk.Publish\targets\Microsoft.NET.Sdk.Publish.targets (81,5)
       Property reassignment: $(BaseIntermediateOutputPath)="D:\Personal\MS3\VedhamsMidway\SRM\srm\StudentFormsApi\obj\" (previous value: "obj\") at C:\Program Files\dotnet\sdk\9.0.101\Sdks\Microsoft.NET.Sdk.Publish\targets\Microsoft.NET.Sdk.Publish.targets (87,5)
       Overriding target "ResolveFrameworkReferences" in project "C:\Program Files\dotnet\sdk\9.0.101\Microsoft.Common.CurrentVersion.targets" with target "ResolveFrameworkReferences" from project "C:\Program Files\dotnet\sdk\9.0.101\Sdks\Microsoft.NET.Sdk\targets\Microsoft.NET.Sdk.FrameworkReferenceResolution.targets".
       Overriding target "Run" in project "C:\Program Files\dotnet\sdk\9.0.101\Microsoft.Common.CurrentVersion.targets" with target "Run" from project "C:\Program Files\dotnet\sdk\9.0.101\Sdks\Microsoft.NET.Sdk\targets\Microsoft.NET.Sdk.targets".
       Overriding target "GenerateSupportedTargetFrameworkAlias" in project "C:\Program Files\dotnet\sdk\9.0.101\Microsoft.Common.CurrentVersion.targets" with target "GenerateSupportedTargetFrameworkAlias" from project "C:\Program Files\dotnet\sdk\9.0.101\Sdks\Microsoft.NET.Sdk\targets\Microsoft.NET.Sdk.targets".
       Overriding target "GetReferenceAssemblyPaths" in project "C:\Program Files\dotnet\sdk\9.0.101\Microsoft.Common.CurrentVersion.targets" with target "GetReferenceAssemblyPaths" from project "C:\Program Files\dotnet\sdk\9.0.101\Sdks\Microsoft.NET.Sdk\targets\Microsoft.NET.DisableStandardFrameworkResolution.targets".
       Overriding target "GetFrameworkPaths" in project "C:\Program Files\dotnet\sdk\9.0.101\Microsoft.Common.CurrentVersion.targets" with target "GetFrameworkPaths" from project "C:\Program Files\dotnet\sdk\9.0.101\Sdks\Microsoft.NET.Sdk\targets\Microsoft.NET.DisableStandardFrameworkResolution.targets".
       Overriding target "DesignerRuntimeImplementationProjectOutputGroup" in project "C:\Program Files\dotnet\sdk\9.0.101\Microsoft.Common.CurrentVersion.targets" with target "DesignerRuntimeImplementationProjectOutputGroup" from project "C:\Program Files\dotnet\sdk\9.0.101\Sdks\Microsoft.NET.Sdk\targets\Microsoft.NET.DesignerSupport.targets".
       Overriding target "Publish" in project "C:\Program Files\dotnet\sdk\9.0.101\Microsoft.Common.CurrentVersion.targets" with target "Publish" from project "C:\Program Files\dotnet\sdk\9.0.101\Sdks\Microsoft.NET.Sdk\targets\Microsoft.NET.Publish.targets".
       Overriding target "ResolveReadyToRunCompilers" in project "C:\Program Files\dotnet\sdk\9.0.101\Sdks\Microsoft.NET.Sdk\targets\Microsoft.NET.CrossGen.targets" with target "ResolveReadyToRunCompilers" from project "C:\Program Files\dotnet\sdk\9.0.101\Sdks\Microsoft.NET.Sdk\targets\Microsoft.NET.Publish.targets".
       Overriding target "GetCopyToPublishDirectoryItems" in project "C:\Program Files\dotnet\sdk\9.0.101\Microsoft.Common.CurrentVersion.targets" with target "GetCopyToPublishDirectoryItems" from project "C:\Program Files\dotnet\sdk\9.0.101\Sdks\Microsoft.NET.Sdk\targets\Microsoft.NET.Publish.targets".
       Overriding target "BeforePublish" in project "C:\Program Files\dotnet\sdk\9.0.101\Microsoft.Common.CurrentVersion.targets" with target "BeforePublish" from project "C:\Program Files\dotnet\sdk\9.0.101\Sdks\Microsoft.NET.Sdk.Publish\targets\Microsoft.NET.Sdk.Publish.targets".
       Overriding target "AfterPublish" in project "C:\Program Files\dotnet\sdk\9.0.101\Microsoft.Common.CurrentVersion.targets" with target "AfterPublish" from project "C:\Program Files\dotnet\sdk\9.0.101\Sdks\Microsoft.NET.Sdk.Publish\targets\Microsoft.NET.Sdk.Publish.targets".
       The target "ResolveNuGetPackageAssets" listed in an AfterTargets attribute at "C:\Users\alaga\.nuget\packages\system.text.json\8.0.0\buildTransitive\net6.0\System.Text.Json.targets (11,11)" does not exist in the project, and will be ignored.
       The target "ResolveNuGetPackageAssets" listed in an AfterTargets attribute at "C:\Users\alaga\.nuget\packages\system.text.json\8.0.0\buildTransitive\net6.0\System.Text.Json.targets (23,11)" does not exist in the project, and will be ignored.
       The target "ResolveNuGetPackageAssets" listed in an AfterTargets attribute at "C:\Users\alaga\.nuget\packages\microsoft.extensions.options\8.0.0\buildTransitive\net6.0\Microsoft.Extensions.Options.targets (11,11)" does not exist in the project, and will be ignored.
       The target "ResolveNuGetPackageAssets" listed in an AfterTargets attribute at "C:\Users\alaga\.nuget\packages\microsoft.extensions.options\8.0.0\buildTransitive\net6.0\Microsoft.Extensions.Options.targets (23,11)" does not exist in the project, and will be ignored.
       The target "ResolveNuGetPackageAssets" listed in an AfterTargets attribute at "C:\Users\alaga\.nuget\packages\microsoft.extensions.logging.abstractions\8.0.0\buildTransitive\net6.0\Microsoft.Extensions.Logging.Abstractions.targets (11,11)" does not exist in the project, and will be ignored.
       The target "ResolveNuGetPackageAssets" listed in an AfterTargets attribute at "C:\Users\alaga\.nuget\packages\microsoft.extensions.logging.abstractions\8.0.0\buildTransitive\net6.0\Microsoft.Extensions.Logging.Abstractions.targets (23,11)" does not exist in the project, and will be ignored.
       The target "CollectUpToDateCheckInputDesignTime" listed in a BeforeTargets attribute at "C:\Program Files\dotnet\sdk\9.0.101\Sdks\Microsoft.NET.Sdk.StaticWebAssets\targets\Microsoft.NET.Sdk.StaticWebAssets.ScopedCss.targets (171,5)" does not exist in the project, and will be ignored.
       The target "CollectUpToDateCheckBuiltDesignTime" listed in a BeforeTargets attribute at "C:\Program Files\dotnet\sdk\9.0.101\Sdks\Microsoft.NET.Sdk.StaticWebAssets\targets\Microsoft.NET.Sdk.StaticWebAssets.ScopedCss.targets (171,5)" does not exist in the project, and will be ignored.
       The target "RazorGenerateComponentDeclaration" listed in an AfterTargets attribute at "C:\Program Files\dotnet\sdk\9.0.101\Sdks\Microsoft.NET.Sdk.Razor\targets\Microsoft.NET.Sdk.Razor.DesignTime.targets (55,53)" does not exist in the project, and will be ignored.
   1:7>Project "D:\Personal\MS3\VedhamsMidway\SRM\srm\StudentFormsApi\StudentFormsApi.csproj" on node 1 (default targets).
   1:7>Target "_CheckForUnsupportedTargetFramework" skipped, due to false condition; ('$(_UnsupportedTargetFrameworkError)' == 'true') was evaluated as ('' == 'true').
   1:7>Target "_CollectTargetFrameworkForTelemetry" in file "C:\Program Files\dotnet\sdk\9.0.101\Sdks\Microsoft.NET.Sdk\targets\Microsoft.NET.TargetFrameworkInference.targets" from project "D:\Personal\MS3\VedhamsMidway\SRM\srm\StudentFormsApi\StudentFormsApi.csproj" (target "_CheckForInvalidConfigurationAndPlatform" depends on it):
       Using "AllowEmptyTelemetry" task from assembly "C:\Program Files\dotnet\sdk\9.0.101\Sdks\Microsoft.NET.Sdk\targets\..\tools\net9.0\Microsoft.NET.Build.Tasks.dll".
       Task "AllowEmptyTelemetry"
       Done executing task "AllowEmptyTelemetry".
   1:7>Done building target "_CollectTargetFrameworkForTelemetry" in project "StudentFormsApi.csproj".
       Target "_CheckForUnsupportedTargetPlatformIdentifier" skipped, due to false condition; ('$(TargetPlatformIdentifier)' != '' and '$(TargetFrameworkIdentifier)' == '.NETCoreApp' and $([MSBuild]::VersionGreaterThanOrEquals($(TargetFrameworkVersion), 5.0)) And ('$(DesignTimeBuild)' != 'true' Or '@(MissingWorkloadPack)' == '')) was evaluated as ('' != '' and '.NETCoreApp' == '.NETCoreApp' and True And ('' != 'true' Or '' == '')).
       Target "_CheckForMissingWorkload" skipped, due to false condition; ('@(MissingWorkloadPack)' != '' And '$(DesignTimeBuild)' != 'true') was evaluated as ('' != '' And '' != 'true').
   1:7>Target "_CheckForUnsupportedNETCoreVersion" in file "C:\Program Files\dotnet\sdk\9.0.101\Sdks\Microsoft.NET.Sdk\targets\Microsoft.NET.TargetFrameworkInference.targets" from project "D:\Personal\MS3\VedhamsMidway\SRM\srm\StudentFormsApi\StudentFormsApi.csproj" (target "_CheckForInvalidConfigurationAndPlatform" depends on it):
       Task "NETSdkError" skipped, due to false condition; ('$(_TargetFrameworkVersionWithoutV)' > '$(NETCoreAppMaximumVersion)' and '$(DisplayVSMessage)' != 'true') was evaluated as ('8.0' > '9.0' and '' != 'true').
       Task "NETSdkError" skipped, due to false condition; ('$(DisplayVSMessage)' == 'true') was evaluated as ('' == 'true').
   1:7>Done building target "_CheckForUnsupportedNETCoreVersion" in project "StudentFormsApi.csproj".
       Target "_CheckForEolTargetFrameworks" skipped, due to false condition; ('@(_EolNetCoreTargetFrameworkVersions->AnyHaveMetadataValue('Identity', '$(_TargetFrameworkVersionWithoutV)'))' and '$(TargetFrameworkIdentifier)' == '.NETCoreApp' and '$(CheckEolTargetFramework)' == 'true') was evaluated as ('false' and '.NETCoreApp' == '.NETCoreApp' and 'true' == 'true').
       Target "_CheckForEolWorkloads" skipped, due to false condition; ('@(EolWorkload)' != '' and '$(CheckEolWorkloads)' == 'true') was evaluated as ('' != '' and 'true' == 'true').
       Target "_CheckForNotRecommendedNETStandardVersion" skipped, due to false condition; ('$(TargetFrameworkIdentifier)' == '.NETStandard' and $([MSBuild]::VersionLessThan($(TargetFrameworkVersion), '2.0'))) was evaluated as ('.NETCoreApp' == '.NETStandard' and False).
   1:7>Target "_CheckForUnsupportedCppNETCoreVersion" in file "C:\Program Files\dotnet\sdk\9.0.101\Sdks\Microsoft.NET.Sdk\targets\Microsoft.NET.TargetFrameworkInference.targets" from project "D:\Personal\MS3\VedhamsMidway\SRM\srm\StudentFormsApi\StudentFormsApi.csproj" (target "_CheckForInvalidConfigurationAndPlatform" depends on it):
       Task "NETSdkError" skipped, due to false condition; ('$(TargetFrameworkIdentifier)' == '.NETCoreApp' and '$(_TargetFrameworkVersionWithoutV)' < '3.1' and ('$(Language)' == 'C++' and '$(_EnablePackageReferencesInVCProjects)' != 'true')) was evaluated as ('.NETCoreApp' == '.NETCoreApp' and '8.0' < '3.1' and ('C#' == 'C++' and '' != 'true')).
   1:7>Done building target "_CheckForUnsupportedCppNETCoreVersion" in project "StudentFormsApi.csproj".
       Target "_CheckForUnsupportedNETStandardVersion" skipped, due to false condition; ('$(TargetFrameworkIdentifier)' == '.NETStandard' And '$(NETStandardMaximumVersion)' != '') was evaluated as ('.NETCoreApp' == '.NETStandard' And '' != '').
       Target "_CheckForUnsupportedTargetFrameworkAndFeatureCombination" skipped, due to false condition; ('$(TargetFrameworkIdentifier)' == '.NETFramework') was evaluated as ('.NETCoreApp' == '.NETFramework').
       Target "_CheckForSupportedOSPlatformVersionHigherThanTargetPlatformVersion" skipped, due to false condition; ('$(TargetPlatformVersion)' != '' and '$(TargetFrameworkIdentifier)' == '.NETCoreApp' and $([MSBuild]::VersionGreaterThanOrEquals($(TargetFrameworkVersion), 5.0))) was evaluated as ('' != '' and '.NETCoreApp' == '.NETCoreApp' and True).
       Target "_CheckForInvalidTargetPlatformVersion" skipped, due to false condition; ('$(TargetPlatformVersion)' != '' and '$(TargetFrameworkIdentifier)' == '.NETCoreApp' and $([MSBuild]::VersionGreaterThanOrEquals($(TargetFrameworkVersion), 5.0)) and ('$(Language)' != 'C++' or '$(_EnablePackageReferencesInVCProjects)' == 'true')) was evaluated as ('' != '' and '.NETCoreApp' == '.NETCoreApp' and True and ('C#' != 'C++' or '' == 'true')).
   1:7>Target "_CheckForUnsupportedArtifactsPath" in file "C:\Program Files\dotnet\sdk\9.0.101\Sdks\Microsoft.NET.Sdk\targets\Microsoft.NET.DefaultOutputPaths.targets" from project "D:\Personal\MS3\VedhamsMidway\SRM\srm\StudentFormsApi\StudentFormsApi.csproj" (target "_CheckForInvalidConfigurationAndPlatform" depends on it):
       Task "NetSdkError" skipped, due to false condition; ('$(UseArtifactsOutput)' == 'true' and '$(_ArtifactsPathSetEarly)' != 'true') was evaluated as ('' == 'true' and '' != 'true').
       Task "NetSdkError" skipped, due to false condition; ('$(_ArtifactsPathLocationType)' == 'ProjectFolder') was evaluated as ('' == 'ProjectFolder').
   1:7>Done building target "_CheckForUnsupportedArtifactsPath" in project "StudentFormsApi.csproj".
       Target "_CheckForMissingWorkload" skipped, due to false condition; ('@(MissingWorkloadPack)' != '' And '$(DesignTimeBuild)' != 'true') was evaluated as ('' != '' And '' != 'true').
   1:7>Target "_CheckForUnsupportedAppHostUsage" in file "C:\Program Files\dotnet\sdk\9.0.101\Sdks\Microsoft.NET.Sdk\targets\Microsoft.NET.RuntimeIdentifierInference.targets" from project "D:\Personal\MS3\VedhamsMidway\SRM\srm\StudentFormsApi\StudentFormsApi.csproj" (target "_CheckForInvalidConfigurationAndPlatform" depends on it):
       Task "NETSdkError" skipped, due to false condition; ('$(SelfContained)' == 'true' and '$(RuntimeIdentifier)' == '' and '$(AllowSelfContainedWithoutRuntimeIdentifier)' != 'true') was evaluated as ('false' == 'true' and '' == '' and '' != 'true').
       Task "NETSdkError" skipped, due to false condition; ('$(PublishReadyToRun)' == 'true' and '$(RuntimeIdentifier)' == '' and '$(_IsPublishing)' == 'true') was evaluated as ('' == 'true' and '' == '' and '' == 'true').
       Task "NETSdkError" skipped, due to false condition; ('$(PublishSingleFile)' == 'true' and '$(RuntimeIdentifier)' == '' and '$(_IsPublishing)' == 'true') was evaluated as ('' == 'true' and '' == '' and '' == 'true').
       Task "NETSdkError" skipped, due to false condition; ('$(PublishAot)' == 'true' and '$(RuntimeIdentifier)' == '' and '$(_IsPublishing)' == 'true' and '$(AllowPublishAotWithoutRuntimeIdentifier)' != 'true') was evaluated as ('' == 'true' and '' == '' and '' == 'true' and '' != 'true').
       Task "NETSdkError" skipped, due to false condition; ('$(PublishSelfContained)' != 'true' and '$(PublishSelfContained)' != 'false' and '$(PublishSelfContained)' != '') was evaluated as ('' != 'true' and '' != 'false' and '' != '').
       Task "NETSdkError" skipped, due to false condition; ('$(SelfContained)' == 'true' and '$(UseAppHost)' != 'true' and '$(_RuntimeIdentifierUsesAppHost)' == 'true') was evaluated as ('false' == 'true' and 'true' != 'true' and 'true' == 'true').
       Task "NETSdkError" skipped, due to false condition; ('$(SelfContained)' != 'true' and '$(UseAppHost)' == 'true' and '$(_TargetFrameworkVersionWithoutV)' < '2.1') was evaluated as ('false' != 'true' and 'true' == 'true' and '8.0' < '2.1').
       Task "NETSdkError" skipped, due to false condition; ('$(PublishSingleFile)' == 'true' and '$(_TargetFrameworkVersionWithoutV)' < '3.0') was evaluated as ('' == 'true' and '8.0' < '3.0').
       Task "NETSdkWarning" skipped, due to false condition; ('$(PublishReadyToRun)' == 'true' and '$(_TargetFrameworkVersionWithoutV)' < '3.0') was evaluated as ('' == 'true' and '8.0' < '3.0').
       Task "NETSdkWarning" skipped, due to false condition; ('$(RuntimeIdentifier)' != '' and '$(_TargetFrameworkVersionWithoutV)' != '' and $([MSBuild]::VersionLessThan($(_TargetFrameworkVersionWithoutV), '8.0')) and '$(_SelfContainedWasSpecified)' != 'true') was evaluated as ('' != '' and '8.0' != '' and False and '' != 'true').
       Task "NetSdkError" skipped, due to false condition; (('$(UseWindowsForms)' == 'true') and ('$(PublishTrimmed)' == 'true') and ('$(_SuppressWinFormsTrimError)' != 'true')) was evaluated as (('' == 'true') and ('' == 'true') and ('' != 'true')).
       Task "NetSdkError" skipped, due to false condition; (('$(UseWpf)' == 'true') and ('$(PublishTrimmed)' == 'true') and ('$(_SuppressWpfTrimError)' != 'true')) was evaluated as (('' == 'true') and ('' == 'true') and ('' != 'true')).
   1:7>Done building target "_CheckForUnsupportedAppHostUsage" in project "StudentFormsApi.csproj".
   1:7>Target "_CheckForUnsupportedHostingUsage" in file "C:\Program Files\dotnet\sdk\9.0.101\Sdks\Microsoft.NET.Sdk\targets\Microsoft.NET.RuntimeIdentifierInference.targets" from project "D:\Personal\MS3\VedhamsMidway\SRM\srm\StudentFormsApi\StudentFormsApi.csproj" (target "_CheckForInvalidConfigurationAndPlatform" depends on it):
       Task "NETSdkWarning" skipped, due to false condition; ('$(SelfContained)' == 'true' and '$(EnableComHosting)' == 'true') was evaluated as ('false' == 'true' and '' == 'true').
   1:7>Done building target "_CheckForUnsupportedHostingUsage" in project "StudentFormsApi.csproj".
   1:7>Target "_CheckAndUnsetUnsupportedPrefer32Bit" in file "C:\Program Files\dotnet\sdk\9.0.101\Sdks\Microsoft.NET.Sdk\targets\Microsoft.NET.RuntimeIdentifierInference.targets" from project "D:\Personal\MS3\VedhamsMidway\SRM\srm\StudentFormsApi\StudentFormsApi.csproj" (target "_CheckForInvalidConfigurationAndPlatform" depends on it):
       Task "NETSdkWarning" skipped, due to false condition; ('$(Prefer32Bit)' == 'true') was evaluated as ('false' == 'true').
   1:7>Done building target "_CheckAndUnsetUnsupportedPrefer32Bit" in project "StudentFormsApi.csproj".
       Target "_CheckAndUnsetUnsupportedPreferNativeArm64" skipped, due to false condition; ('$(TargetFrameworkIdentifier)' == '.NETCoreApp' and '$(PreferNativeArm64)' == 'true') was evaluated as ('.NETCoreApp' == '.NETCoreApp' and 'false' == 'true').
       Target "_CheckForMismatchingPlatform" skipped, due to false condition; ('$(RuntimeIdentifier)' != '' and '$(PlatformTarget)' != '') was evaluated as ('' != '' and '' != '').
   1:7>Target "_CheckForLanguageAndFeatureCombinationSupport" in file "C:\Program Files\dotnet\sdk\9.0.101\Sdks\Microsoft.NET.Sdk\targets\Microsoft.NET.RuntimeIdentifierInference.targets" from project "D:\Personal\MS3\VedhamsMidway\SRM\srm\StudentFormsApi\StudentFormsApi.csproj" (target "_CheckForInvalidConfigurationAndPlatform" depends on it):
       Task "NETSdkError" skipped, due to false condition; (('$(Language)' == 'C++' and '$(_EnablePackageReferencesInVCProjects)' != 'true') and $(OutputType) != 'library' and '$(TargetFrameworkIdentifier)' == '.NETCoreApp') was evaluated as (('C#' == 'C++' and '' != 'true') and Exe != 'library' and '.NETCoreApp' == '.NETCoreApp').
       Task "NETSdkError" skipped, due to false condition; (('$(Language)' == 'C++' and '$(_EnablePackageReferencesInVCProjects)' != 'true') and $(EnableComHosting) == 'true') was evaluated as (('C#' == 'C++' and '' != 'true') and  == 'true').
       Task "NETSdkError" skipped, due to false condition; (('$(Language)' == 'C++' and '$(_EnablePackageReferencesInVCProjects)' != 'true') and $(SelfContained) == 'true') was evaluated as (('C#' == 'C++' and '' != 'true') and false == 'true').
   1:7>Done building target "_CheckForLanguageAndFeatureCombinationSupport" in project "StudentFormsApi.csproj".
       Target "_CheckForNETCoreSdkIsPreview" skipped, due to false condition; ( '$(_NETCoreSdkIsPreview)' == 'true' AND '$(SuppressNETCoreSdkPreviewMessage)' != 'true' ) was evaluated as ( 'false' == 'true' AND '' != 'true' ).
   1:7>Target "_GetProjectJsonPath" in file "C:\Program Files\dotnet\sdk\9.0.101\NuGet.targets" from project "D:\Personal\MS3\VedhamsMidway\SRM\srm\StudentFormsApi\StudentFormsApi.csproj" (target "_GetRestoreProjectStyle" depends on it):
       Task "GetRestoreProjectJsonPathTask" skipped, due to false condition; ( '$(RestoreProjectStyle)' == 'ProjectJson' OR '$(RestoreProjectStyle)' == '' ) was evaluated as ( 'PackageReference' == 'ProjectJson' OR 'PackageReference' == '' ).
   1:7>Done building target "_GetProjectJsonPath" in project "StudentFormsApi.csproj".
       Target "_CheckForUnsupportedTargetPlatformIdentifier" skipped, due to false condition; ('$(TargetPlatformIdentifier)' != '' and '$(TargetFrameworkIdentifier)' == '.NETCoreApp' and $([MSBuild]::VersionGreaterThanOrEquals($(TargetFrameworkVersion), 5.0)) And ('$(DesignTimeBuild)' != 'true' Or '@(MissingWorkloadPack)' == '')) was evaluated as ('' != '' and '.NETCoreApp' == '.NETCoreApp' and True And ('' != 'true' Or '' == '')).
       Target "_CheckForMissingWorkload" skipped, due to false condition; ('@(MissingWorkloadPack)' != '' And '$(DesignTimeBuild)' != 'true') was evaluated as ('' != '' And '' != 'true').
       Target "_CheckForNotRecommendedNETStandardVersion" skipped, due to false condition; ('$(TargetFrameworkIdentifier)' == '.NETStandard' and $([MSBuild]::VersionLessThan($(TargetFrameworkVersion), '2.0'))) was evaluated as ('.NETCoreApp' == '.NETStandard' and False).
       Target "_CheckForUnsupportedNETStandardVersion" skipped, due to false condition; ('$(TargetFrameworkIdentifier)' == '.NETStandard' And '$(NETStandardMaximumVersion)' != '') was evaluated as ('.NETCoreApp' == '.NETStandard' And '' != '').
       Target "_CheckForUnsupportedTargetFrameworkAndFeatureCombination" skipped, due to false condition; ('$(TargetFrameworkIdentifier)' == '.NETFramework') was evaluated as ('.NETCoreApp' == '.NETFramework').
   1:7>Target "UpdateAspNetToFrameworkReference" in file "C:\Program Files\dotnet\sdk\9.0.101\Sdks\Microsoft.NET.Sdk\targets\Microsoft.NET.Sdk.DefaultItems.Shared.targets" from project "D:\Personal\MS3\VedhamsMidway\SRM\srm\StudentFormsApi\StudentFormsApi.csproj" (target "ApplyImplicitVersions" depends on it):
       Using "CheckIfPackageReferenceShouldBeFrameworkReference" task from assembly "C:\Program Files\dotnet\sdk\9.0.101\Sdks\Microsoft.NET.Sdk\targets\..\tools\net9.0\Microsoft.NET.Build.Tasks.dll".
       Task "CheckIfPackageReferenceShouldBeFrameworkReference"
       Done executing task "CheckIfPackageReferenceShouldBeFrameworkReference".
       Task "NETSdkError" skipped, due to false condition; ('$(_ShouldRemoveAspNetCoreAll)' == 'true') was evaluated as ('False' == 'true').
       Task "CheckIfPackageReferenceShouldBeFrameworkReference"
       Done executing task "CheckIfPackageReferenceShouldBeFrameworkReference".
       Task "NETSdkWarning" skipped, due to false condition; ('$(_ShouldRemoveAspNetCoreApp)' == 'true') was evaluated as ('False' == 'true').
   1:7>Done building target "UpdateAspNetToFrameworkReference" in project "StudentFormsApi.csproj".
       Target "IncludeTargetingPackReference" skipped, due to false condition; ('$(TargetFrameworkMoniker)' != '' and '$(TargetFrameworkIdentifier)' == '.NETFramework' and '$(AutomaticallyUseReferenceAssemblyPackages)' == 'true') was evaluated as ('.NETCoreApp,Version=v8.0' != '' and '.NETCoreApp' == '.NETFramework' and 'true' == 'true').
   1:7>Target "CheckForImplicitPackageReferenceOverrides" in file "C:\Program Files\dotnet\sdk\9.0.101\Sdks\Microsoft.NET.Sdk\targets\Microsoft.NET.Sdk.DefaultItems.Shared.targets" from project "D:\Personal\MS3\VedhamsMidway\SRM\srm\StudentFormsApi\StudentFormsApi.csproj" (target "ApplyImplicitVersions" depends on it):
       Using "CheckForImplicitPackageReferenceOverrides" task from assembly "C:\Program Files\dotnet\sdk\9.0.101\Sdks\Microsoft.NET.Sdk\targets\..\tools\net9.0\Microsoft.NET.Build.Tasks.dll".
       Task "CheckForImplicitPackageReferenceOverrides"
       Done executing task "CheckForImplicitPackageReferenceOverrides".
   1:7>Done building target "CheckForImplicitPackageReferenceOverrides" in project "StudentFormsApi.csproj".
   1:7>Target "ApplyImplicitVersions" in file "C:\Program Files\dotnet\sdk\9.0.101\Sdks\Microsoft.NET.Sdk\targets\Microsoft.NET.Sdk.DefaultItems.Shared.targets" from project "D:\Personal\MS3\VedhamsMidway\SRM\srm\StudentFormsApi\StudentFormsApi.csproj" (target "CollectPackageReferences" depends on it):
       Using "ApplyImplicitVersions" task from assembly "C:\Program Files\dotnet\sdk\9.0.101\Sdks\Microsoft.NET.Sdk\targets\..\tools\net9.0\Microsoft.NET.Build.Tasks.dll".
       Task "ApplyImplicitVersions"
       Done executing task "ApplyImplicitVersions".
   1:7>Done building target "ApplyImplicitVersions" in project "StudentFormsApi.csproj".
       Target "CheckForImplicitPackageReferenceOverrides" skipped. Previously built successfully.
       Target "AddWindowsSdkKnownFrameworkReferences" skipped, due to false condition; ('$(TargetFrameworkIdentifier)' == '.NETCoreApp' And '$(TargetPlatformIdentifier)' == 'Windows') was evaluated as ('.NETCoreApp' == '.NETCoreApp' And '' == 'Windows').
       Target "_NormalizeTargetPlatformVersion" skipped, due to false condition; ('$(TargetPlatformVersion)' != '' and '$(TargetFrameworkIdentifier)' == '.NETCoreApp' and $([MSBuild]::VersionGreaterThanOrEquals($(TargetFrameworkVersion), 5.0)) and ('$(Language)' != 'C++' or '$(_EnablePackageReferencesInVCProjects)' == 'true')) was evaluated as ('' != '' and '.NETCoreApp' == '.NETCoreApp' and True and ('C#' != 'C++' or '' == 'true')).
   1:7>Target "_ComputeToolPackInputsToProcessFrameworkReferences" in file "C:\Program Files\dotnet\sdk\9.0.101\Sdks\Microsoft.NET.Sdk\targets\Microsoft.NET.Publish.targets" from project "D:\Personal\MS3\VedhamsMidway\SRM\srm\StudentFormsApi\StudentFormsApi.csproj" (target "ProcessFrameworkReferences" depends on it):
   1:7>Done building target "_ComputeToolPackInputsToProcessFrameworkReferences" in project "StudentFormsApi.csproj".
   1:7>Target "ProcessFrameworkReferences" in file "C:\Program Files\dotnet\sdk\9.0.101\Sdks\Microsoft.NET.Sdk\targets\Microsoft.NET.Sdk.FrameworkReferenceResolution.targets" from project "D:\Personal\MS3\VedhamsMidway\SRM\srm\StudentFormsApi\StudentFormsApi.csproj" (target "CollectPackageReferences" depends on it):
       Using "CheckForDuplicateFrameworkReferences" task from assembly "C:\Program Files\dotnet\sdk\9.0.101\Sdks\Microsoft.NET.Sdk\targets\..\tools\net9.0\Microsoft.NET.Build.Tasks.dll".
       Task "CheckForDuplicateFrameworkReferences"
       Done executing task "CheckForDuplicateFrameworkReferences".
       Using "ProcessFrameworkReferences" task from assembly "C:\Program Files\dotnet\sdk\9.0.101\Sdks\Microsoft.NET.Sdk\targets\..\tools\net9.0\Microsoft.NET.Build.Tasks.dll".
       Task "ProcessFrameworkReferences"
       Done executing task "ProcessFrameworkReferences".
       Using "ResolveAppHosts" task from assembly "C:\Program Files\dotnet\sdk\9.0.101\Sdks\Microsoft.NET.Sdk\targets\..\tools\net9.0\Microsoft.NET.Build.Tasks.dll".
       Task "ResolveAppHosts"
       Done executing task "ResolveAppHosts".
   1:7>Done building target "ProcessFrameworkReferences" in project "StudentFormsApi.csproj".
       Target "IncludeTargetingPackReference" skipped, due to false condition; ('$(TargetFrameworkMoniker)' != '' and '$(TargetFrameworkIdentifier)' == '.NETFramework' and '$(AutomaticallyUseReferenceAssemblyPackages)' == 'true') was evaluated as ('.NETCoreApp,Version=v8.0' != '' and '.NETCoreApp' == '.NETFramework' and 'true' == 'true').
       Target "_CheckMicrosoftNetCompilersToolsetFrameworkPackageReference" skipped, due to false condition; ('$(MSBuildRuntimeType)' == 'Full') was evaluated as ('Core' == 'Full').
   1:7>Target "_CheckForObsoleteDotNetCliToolReferences" in file "C:\Program Files\dotnet\sdk\9.0.101\Sdks\Microsoft.NET.Sdk\targets\Microsoft.NET.ObsoleteReferences.targets" from project "D:\Personal\MS3\VedhamsMidway\SRM\srm\StudentFormsApi\StudentFormsApi.csproj" (target "CollectPackageReferences" depends on it):
       Task "NETSdkWarning" skipped, due to false condition; ( '%(_ReferenceToObsoleteDotNetCliTool.Identity)' != '' ) was evaluated as ( '' != '' ).
   1:7>Done building target "_CheckForObsoleteDotNetCliToolReferences" in project "StudentFormsApi.csproj".
   1:7>Target "CollectPackageReferences" in file "C:\Program Files\dotnet\sdk\9.0.101\NuGet.targets" from project "D:\Personal\MS3\VedhamsMidway\SRM\srm\StudentFormsApi\StudentFormsApi.csproj" (target "_GetRestoreProjectStyle" depends on it):
       Using "CheckForDuplicateNuGetItemsTask" task from assembly "C:\Program Files\dotnet\sdk\9.0.101\NuGet.Build.Tasks.dll".
       Task "CheckForDuplicateNuGetItemsTask"
       Done executing task "CheckForDuplicateNuGetItemsTask".
   1:7>Done building target "CollectPackageReferences" in project "StudentFormsApi.csproj".
   1:7>Target "_GetRestoreProjectStyle" in file "C:\Program Files\dotnet\sdk\9.0.101\NuGet.targets" from project "D:\Personal\MS3\VedhamsMidway\SRM\srm\StudentFormsApi\StudentFormsApi.csproj" (target "EnableIntermediateOutputPathMismatchWarning" depends on it):
       Using "GetRestoreProjectStyleTask" task from assembly "C:\Program Files\dotnet\sdk\9.0.101\NuGet.Build.Tasks.dll".
       Task "GetRestoreProjectStyleTask"
       Done executing task "GetRestoreProjectStyleTask".
   1:7>Done building target "_GetRestoreProjectStyle" in project "StudentFormsApi.csproj".
   1:7>Target "EnableIntermediateOutputPathMismatchWarning" in file "C:\Program Files\dotnet\sdk\9.0.101\NuGet.targets" from project "D:\Personal\MS3\VedhamsMidway\SRM\srm\StudentFormsApi\StudentFormsApi.csproj" (target "_CheckForInvalidConfigurationAndPlatform" depends on it):
   1:7>Done building target "EnableIntermediateOutputPathMismatchWarning" in project "StudentFormsApi.csproj".
       Target "ApplyImplicitVersions" skipped. Previously built successfully.
       Target "CheckForImplicitPackageReferenceOverrides" skipped. Previously built successfully.
   1:7>Target "CheckForDuplicateItems" in file "C:\Program Files\dotnet\sdk\9.0.101\Sdks\Microsoft.NET.Sdk\targets\Microsoft.NET.Sdk.DefaultItems.Shared.targets" from project "D:\Personal\MS3\VedhamsMidway\SRM\srm\StudentFormsApi\StudentFormsApi.csproj" (target "_CheckForInvalidConfigurationAndPlatform" depends on it):
       Using "CheckForDuplicateItems" task from assembly "C:\Program Files\dotnet\sdk\9.0.101\Sdks\Microsoft.NET.Sdk\targets\..\tools\net9.0\Microsoft.NET.Build.Tasks.dll".
       Task "CheckForDuplicateItems"
       Done executing task "CheckForDuplicateItems".
       Task "CheckForDuplicateItems"
       Done executing task "CheckForDuplicateItems".
       Task "CheckForDuplicateItems"
       Done executing task "CheckForDuplicateItems".
   1:7>Done building target "CheckForDuplicateItems" in project "StudentFormsApi.csproj".
       Target "WarnForExplicitVersions" skipped, due to false condition; ('@(SdkBuildWarning)' != '') was evaluated as ('' != '').
       Target "_CheckForFailedSDKResolution" skipped, due to false condition; ('$(SdkResolverHonoredGlobalJson)' == 'false') was evaluated as ('' == 'false').
       Target "_WarnWhenUsingNET9AndVSPriorTo1712" skipped, due to false condition; ($([MSBuild]::VersionLessThan($(MSBuildVersion), '17.12.0')) and '$(TargetFrameworkIdentifier)' == '.NETCoreApp' and $([MSBuild]::VersionGreaterThanOrEquals($(_TargetFrameworkVersionWithoutV), '9.0'))) was evaluated as (False and '.NETCoreApp' == '.NETCoreApp' and False).
       Target "_CheckForInvalidWindowsDesktopTargetingConfiguration" skipped, due to false condition; ('$(TargetFrameworkIdentifier)' == '.NETCoreApp' and $([MSBuild]::VersionGreaterThanOrEquals($(_TargetFrameworkVersionWithoutV), '5.0')) and ('$(UseWindowsForms)' == 'true' or '$(UseWPF)' == 'true')) was evaluated as ('.NETCoreApp' == '.NETCoreApp' and True and ('' == 'true' or '' == 'true')).
       Target "_CheckForUnnecessaryWindowsDesktopSDK" skipped, due to false condition; ('$(TargetFrameworkIdentifier)' == '.NETCoreApp' and $([MSBuild]::VersionGreaterThanOrEquals($(_TargetFrameworkVersionWithoutV), '5.0')) and '$(_MicrosoftWindowsDesktopSdkImported)' == 'true' and '$(TargetFrameworks)' == '') was evaluated as ('.NETCoreApp' == '.NETCoreApp' and True and '' == 'true' and '' == '').
       Target "ProcessFrameworkReferences" skipped. Previously built successfully.
       Target "IncludeTargetingPackReference" skipped, due to false condition; ('$(TargetFrameworkMoniker)' != '' and '$(TargetFrameworkIdentifier)' == '.NETFramework' and '$(AutomaticallyUseReferenceAssemblyPackages)' == 'true') was evaluated as ('.NETCoreApp,Version=v8.0' != '' and '.NETCoreApp' == '.NETFramework' and 'true' == 'true').
   1:7>Target "_CheckForInvalidConfigurationAndPlatform" in file "C:\Program Files\dotnet\sdk\9.0.101\Microsoft.Common.CurrentVersion.targets" from project "D:\Personal\MS3\VedhamsMidway\SRM\srm\StudentFormsApi\StudentFormsApi.csproj" (target "BeforeBuild" depends on it):
       Task "Error" skipped, due to false condition; ( '$(_InvalidConfigurationError)' == 'true' ) was evaluated as ( '' == 'true' ).
       Task "Warning" skipped, due to false condition; ( '$(_InvalidConfigurationWarning)' == 'true' ) was evaluated as ( '' == 'true' ).
       Task "Message"
         Configuration=Debug
       Done executing task "Message".
       Task "Message"
         Platform=AnyCPU
       Done executing task "Message".
       Task "Error" skipped, due to false condition; ('$(OutDir)' != '' and !HasTrailingSlash('$(OutDir)')) was evaluated as ('bin\Debug\net8.0\' != '' and !HasTrailingSlash('bin\Debug\net8.0\')).
       Task "Error" skipped, due to false condition; ('$(IntermediateOutputPath)' != '' and !HasTrailingSlash('$(IntermediateOutputPath)')) was evaluated as ('obj\Debug\net8.0\' != '' and !HasTrailingSlash('obj\Debug\net8.0\')).
       Task "Error" skipped, due to false condition; ('$(BaseIntermediateOutputPath)' != '' and !HasTrailingSlash('$(BaseIntermediateOutputPath)')) was evaluated as ('D:\Personal\MS3\VedhamsMidway\SRM\srm\StudentFormsApi\obj\' != '' and !HasTrailingSlash('D:\Personal\MS3\VedhamsMidway\SRM\srm\StudentFormsApi\obj\')).
       Task "MSBuildInternalMessage" skipped, due to false condition; ( '$(Prefer32Bit)' == 'true' and '$(PreferNativeArm64)' == 'true' ) was evaluated as ( 'false' == 'true' and 'false' == 'true' ).
       Task "MSBuildInternalMessage" skipped, due to false condition; ( '$(NoWin32Manifest)' == 'true' and '$(PreferNativeArm64)' == 'true' ) was evaluated as ( '' == 'true' and 'false' == 'true' ).
       Task "MSBuildInternalMessage" skipped, due to false condition; ( '$(PreferNativeArm64)' == 'true' and '$(Platform)' != 'AnyCPU' ) was evaluated as ( 'false' == 'true' and 'AnyCPU' != 'AnyCPU' ).
       Task "Error" skipped, due to false condition; ( '$(_InitialMSBuildProjectExtensionsPath)' != '' And '$(MSBuildProjectExtensionsPath)' != '$(_InitialMSBuildProjectExtensionsPath)' ) was evaluated as ( 'D:\Personal\MS3\VedhamsMidway\SRM\srm\StudentFormsApi\obj\' != '' And 'D:\Personal\MS3\VedhamsMidway\SRM\srm\StudentFormsApi\obj\' != 'D:\Personal\MS3\VedhamsMidway\SRM\srm\StudentFormsApi\obj\' ).
       Task "Warning" skipped, due to false condition; ( '$(EnableBaseIntermediateOutputPathMismatchWarning)' == 'true' And '$(_InitialBaseIntermediateOutputPath)' != '$(BaseIntermediateOutputPath)' And '$(BaseIntermediateOutputPath)' != '$(MSBuildProjectExtensionsPath)' ) was evaluated as ( 'true' == 'true' And 'obj\' != 'D:\Personal\MS3\VedhamsMidway\SRM\srm\StudentFormsApi\obj\' And 'D:\Personal\MS3\VedhamsMidway\SRM\srm\StudentFormsApi\obj\' != 'D:\Personal\MS3\VedhamsMidway\SRM\srm\StudentFormsApi\obj\' ).
   1:7>Done building target "_CheckForInvalidConfigurationAndPlatform" in project "StudentFormsApi.csproj".
   1:7>Target "ValidateCommandLineProperties" in file "C:\Program Files\dotnet\sdk\9.0.101\Sdks\Microsoft.NET.Sdk\targets\Microsoft.NET.Sdk.targets" from project "D:\Personal\MS3\VedhamsMidway\SRM\srm\StudentFormsApi\StudentFormsApi.csproj" (target "BeforeBuild" depends on it):
   1:7>Done building target "ValidateCommandLineProperties" in project "StudentFormsApi.csproj".
   1:7>Target "BeforeBuild" in file "C:\Program Files\dotnet\sdk\9.0.101\Microsoft.Common.CurrentVersion.targets" from project "D:\Personal\MS3\VedhamsMidway\SRM\srm\StudentFormsApi\StudentFormsApi.csproj" (target "Build" depends on it):
   1:7>Done building target "BeforeBuild" in project "StudentFormsApi.csproj".
       Target "_CheckForBuildWithNoBuild" skipped, due to false condition; ('$(NoBuild)' == 'true' and '$(GeneratePackageOnBuild)' != 'true') was evaluated as ('' == 'true' and 'false' != 'true').
   1:7>Target "BuildOnlySettings" in file "C:\Program Files\dotnet\sdk\9.0.101\Microsoft.Common.CurrentVersion.targets" from project "D:\Personal\MS3\VedhamsMidway\SRM\srm\StudentFormsApi\StudentFormsApi.csproj" (target "CoreBuild" depends on it):
   1:7>Done building target "BuildOnlySettings" in project "StudentFormsApi.csproj".
       Target "_CheckForUnsupportedTargetFramework" skipped, due to false condition; ('$(_UnsupportedTargetFrameworkError)' == 'true') was evaluated as ('' == 'true').
       Target "_CheckForUnsupportedTargetPlatformIdentifier" skipped, due to false condition; ('$(TargetPlatformIdentifier)' != '' and '$(TargetFrameworkIdentifier)' == '.NETCoreApp' and $([MSBuild]::VersionGreaterThanOrEquals($(TargetFrameworkVersion), 5.0)) And ('$(DesignTimeBuild)' != 'true' Or '@(MissingWorkloadPack)' == '')) was evaluated as ('' != '' and '.NETCoreApp' == '.NETCoreApp' and True And ('' != 'true' Or '' == '')).
       Target "_CheckForMissingWorkload" skipped, due to false condition; ('@(MissingWorkloadPack)' != '' And '$(DesignTimeBuild)' != 'true') was evaluated as ('' != '' And '' != 'true').
   1:7>Target "GetFrameworkPaths" in file "C:\Program Files\dotnet\sdk\9.0.101\Sdks\Microsoft.NET.Sdk\targets\Microsoft.NET.DisableStandardFrameworkResolution.targets" from project "D:\Personal\MS3\VedhamsMidway\SRM\srm\StudentFormsApi\StudentFormsApi.csproj" (target "PrepareForBuild" depends on it):
   1:7>Done building target "GetFrameworkPaths" in project "StudentFormsApi.csproj".
       Target "_CheckForUnsupportedTargetFramework" skipped, due to false condition; ('$(_UnsupportedTargetFrameworkError)' == 'true') was evaluated as ('' == 'true').
       Target "_CheckForUnsupportedTargetPlatformIdentifier" skipped, due to false condition; ('$(TargetPlatformIdentifier)' != '' and '$(TargetFrameworkIdentifier)' == '.NETCoreApp' and $([MSBuild]::VersionGreaterThanOrEquals($(TargetFrameworkVersion), 5.0)) And ('$(DesignTimeBuild)' != 'true' Or '@(MissingWorkloadPack)' == '')) was evaluated as ('' != '' and '.NETCoreApp' == '.NETCoreApp' and True And ('' != 'true' Or '' == '')).
       Target "_CheckForMissingWorkload" skipped, due to false condition; ('@(MissingWorkloadPack)' != '' And '$(DesignTimeBuild)' != 'true') was evaluated as ('' != '' And '' != 'true').
   1:7>Target "GetReferenceAssemblyPaths" in file "C:\Program Files\dotnet\sdk\9.0.101\Sdks\Microsoft.NET.Sdk\targets\Microsoft.NET.DisableStandardFrameworkResolution.targets" from project "D:\Personal\MS3\VedhamsMidway\SRM\srm\StudentFormsApi\StudentFormsApi.csproj" (target "PrepareForBuild" depends on it):
   1:7>Done building target "GetReferenceAssemblyPaths" in project "StudentFormsApi.csproj".
       Target "AssignLinkMetadata" skipped, due to false condition; ( '$(SynthesizeLinkMetadata)' == 'true' ) was evaluated as ( '' == 'true' ).
   1:7>Target "ResolveRazorGenerateInputs" in file "C:\Program Files\dotnet\sdk\9.0.101\Sdks\Microsoft.NET.Sdk.Razor\targets\Sdk.Razor.CurrentVersion.targets" from project "D:\Personal\MS3\VedhamsMidway\SRM\srm\StudentFormsApi\StudentFormsApi.csproj" (target "PrepareForBuild" depends on it):
   1:7>Done building target "ResolveRazorGenerateInputs" in project "StudentFormsApi.csproj".
       Target "_VerifyPackReleaseConfigurations" skipped, due to false condition; ('$(_IsPacking)' == 'true' and '$(DOTNET_CLI_DISABLE_PUBLISH_AND_PACK_RELEASE)' != 'true' and '$(DOTNET_CLI_LAZY_PUBLISH_AND_PACK_RELEASE_FOR_SOLUTIONS)' == 'true') was evaluated as ('' == 'true' and '' != 'true' and '' == 'true').
   1:7>Target "PrepareForBuild" in file "C:\Program Files\dotnet\sdk\9.0.101\Microsoft.Common.CurrentVersion.targets" from project "D:\Personal\MS3\VedhamsMidway\SRM\srm\StudentFormsApi\StudentFormsApi.csproj" (target "CoreBuild" depends on it):
       Using "FindAppConfigFile" task from assembly "Microsoft.Build.Tasks.Core, Version=15.1.0.0, Culture=neutral, PublicKeyToken=b03f5f7f11d50a3a".
       Task "FindAppConfigFile"
       Done executing task "FindAppConfigFile".
       Using "MakeDir" task from assembly "Microsoft.Build.Tasks.Core, Version=15.1.0.0, Culture=neutral, PublicKeyToken=b03f5f7f11d50a3a".
       Task "MakeDir"
       Done executing task "MakeDir".
   1:7>Done building target "PrepareForBuild" in project "StudentFormsApi.csproj".
   1:7>Target "GenerateGlobalUsings" in file "C:\Program Files\dotnet\sdk\9.0.101\Sdks\Microsoft.NET.Sdk\targets\Microsoft.NET.GenerateGlobalUsings.targets" from project "D:\Personal\MS3\VedhamsMidway\SRM\srm\StudentFormsApi\StudentFormsApi.csproj" (target "CoreBuild" depends on it):
       Using "GenerateGlobalUsings" task from assembly "C:\Program Files\dotnet\sdk\9.0.101\Sdks\Microsoft.NET.Sdk\targets\..\tools\net9.0\Microsoft.NET.Build.Tasks.dll".
       Task "GenerateGlobalUsings"
       Done executing task "GenerateGlobalUsings".
       Using "WriteLinesToFile" task from assembly "Microsoft.Build.Tasks.Core, Version=15.1.0.0, Culture=neutral, PublicKeyToken=b03f5f7f11d50a3a".
       Task "WriteLinesToFile"
         Skipping write to file "obj\Debug\net8.0\StudentFormsApi.GlobalUsings.g.cs" because content would not change.
       Done executing task "WriteLinesToFile".
   1:7>Done building target "GenerateGlobalUsings" in project "StudentFormsApi.csproj".
       Target "PreBuildEvent" skipped, due to false condition; ('$(PreBuildEvent)'!='') was evaluated as (''!='').
   1:7>Target "BeforeResolveReferences" in file "C:\Program Files\dotnet\sdk\9.0.101\Microsoft.Common.CurrentVersion.targets" from project "D:\Personal\MS3\VedhamsMidway\SRM\srm\StudentFormsApi\StudentFormsApi.csproj" (target "ResolveReferences" depends on it):
   1:7>Done building target "BeforeResolveReferences" in project "StudentFormsApi.csproj".
       Target "AssignProjectConfiguration" skipped, due to false condition; ('$(CurrentSolutionConfigurationContents)' != '' or '@(ProjectReference)'!='') was evaluated as ('' != '' or ''!='').
   1:7>Target "IgnoreJavaScriptOutputAssembly" in file "C:\Program Files\dotnet\sdk\9.0.101\Microsoft.Common.CurrentVersion.targets" from project "D:\Personal\MS3\VedhamsMidway\SRM\srm\StudentFormsApi\StudentFormsApi.csproj" (target "AssignProjectConfiguration" depends on it):
   1:7>Done building target "IgnoreJavaScriptOutputAssembly" in project "StudentFormsApi.csproj".
       Target "ProcessFrameworkReferences" skipped. Previously built successfully.
   1:7>Target "_DefaultMicrosoftNETPlatformLibrary" in file "C:\Program Files\dotnet\sdk\9.0.101\Sdks\Microsoft.NET.Sdk\targets\Microsoft.NET.Sdk.Shared.targets" from project "D:\Personal\MS3\VedhamsMidway\SRM\srm\StudentFormsApi\StudentFormsApi.csproj" (target "ResolvePackageAssets" depends on it):
   1:7>Done building target "_DefaultMicrosoftNETPlatformLibrary" in project "StudentFormsApi.csproj".
   1:7>Target "_ComputePackageReferencePublish" in file "C:\Program Files\dotnet\sdk\9.0.101\Sdks\Microsoft.NET.Sdk\targets\Microsoft.NET.Sdk.Shared.targets" from project "D:\Personal\MS3\VedhamsMidway\SRM\srm\StudentFormsApi\StudentFormsApi.csproj" (target "ResolvePackageAssets" depends on it):
   1:7>Done building target "_ComputePackageReferencePublish" in project "StudentFormsApi.csproj".
       Target "_ResolveCompilerVersion" skipped, due to false condition; ('$(CompilerApiVersion)' == '' And
                            ('$(Language)' == 'C#' Or '$(Language)' == 'VB') And
                            Exists('$(RoslynTargetsPath)\Microsoft.Build.Tasks.CodeAnalysis.dll')) was evaluated as ('roslyn4.12' == '' And
                            ('C#' == 'C#' Or 'C#' == 'VB') And
                            Exists('C:\Program Files\dotnet\sdk\9.0.101\Roslyn\Microsoft.Build.Tasks.CodeAnalysis.dll')).
   1:7>Target "ResolvePackageAssets" in file "C:\Program Files\dotnet\sdk\9.0.101\Sdks\Microsoft.NET.Sdk\targets\Microsoft.PackageDependencyResolution.targets" from project "D:\Personal\MS3\VedhamsMidway\SRM\srm\StudentFormsApi\StudentFormsApi.csproj" (target "ResolveLockFileReferences" depends on it):
       Using "ResolvePackageAssets" task from assembly "C:\Program Files\dotnet\sdk\9.0.101\Sdks\Microsoft.NET.Sdk\targets\..\tools\net9.0\Microsoft.NET.Build.Tasks.dll".
       Task "ResolvePackageAssets"
       Done executing task "ResolvePackageAssets".
   1:7>Done building target "ResolvePackageAssets" in project "StudentFormsApi.csproj".
       Target "AdjustDefaultPlatformTargetForNetFrameworkExeWithNoNativeCopyLocalItems" skipped, due to false condition; ('$(_UsingDefaultPlatformTarget)' == 'true' and
                            '$(_UsingDefaultRuntimeIdentifier)' == 'true') was evaluated as ('true' == 'true' and
                            '' == 'true').
   1:7>Target "_CheckForTransitiveWindowsDesktopDependencies" in file "C:\Program Files\dotnet\sdk\9.0.101\Sdks\Microsoft.NET.Sdk\targets\Microsoft.NET.Sdk.DefaultItems.Shared.targets" from project "D:\Personal\MS3\VedhamsMidway\SRM\srm\StudentFormsApi\StudentFormsApi.csproj" (target "ResolveLockFileReferences" depends on it):
       Task "NetSdkError" skipped, due to false condition; ('@(_WindowsDesktopTransitiveFrameworkReference)' != '') was evaluated as ('' != '').
   1:7>Done building target "_CheckForTransitiveWindowsDesktopDependencies" in project "StudentFormsApi.csproj".
   1:7>Target "AddTransitiveFrameworkReferences" in file "C:\Program Files\dotnet\sdk\9.0.101\Sdks\Microsoft.NET.Sdk\targets\Microsoft.NET.Sdk.FrameworkReferenceResolution.targets" from project "D:\Personal\MS3\VedhamsMidway\SRM\srm\StudentFormsApi\StudentFormsApi.csproj" (target "ResolveLockFileReferences" depends on it):
   1:7>Done building target "AddTransitiveFrameworkReferences" in project "StudentFormsApi.csproj".
   1:7>Target "ResolveLockFileReferences" in file "C:\Program Files\dotnet\sdk\9.0.101\Sdks\Microsoft.NET.Sdk\targets\Microsoft.PackageDependencyResolution.targets" from project "D:\Personal\MS3\VedhamsMidway\SRM\srm\StudentFormsApi\StudentFormsApi.csproj" (target "ResolvePackageDependenciesForBuild" depends on it):
       Using "JoinItems" task from assembly "C:\Program Files\dotnet\sdk\9.0.101\Sdks\Microsoft.NET.Sdk\targets\..\tools\net9.0\Microsoft.NET.Build.Tasks.dll".
       Task "JoinItems"
       Done executing task "JoinItems".
   1:7>Done building target "ResolveLockFileReferences" in project "StudentFormsApi.csproj".
       Target "ResolvePackageAssets" skipped. Previously built successfully.
   1:7>Target "ResolveLockFileAnalyzers" in file "C:\Program Files\dotnet\sdk\9.0.101\Sdks\Microsoft.NET.Sdk\targets\Microsoft.PackageDependencyResolution.targets" from project "D:\Personal\MS3\VedhamsMidway\SRM\srm\StudentFormsApi\StudentFormsApi.csproj" (target "ResolvePackageDependenciesForBuild" depends on it):
   1:7>Done building target "ResolveLockFileAnalyzers" in project "StudentFormsApi.csproj".
       Target "ResolvePackageAssets" skipped. Previously built successfully.
       Target "RunProduceContentAssets" skipped, due to false condition; ('@(_ContentFilesToPreprocess)' != '' and '$(_CleaningWithoutRebuilding)' != 'true') was evaluated as ('' != '' and '' != 'true').
   1:7>Target "ResolveLockFileCopyLocalFiles" in file "C:\Program Files\dotnet\sdk\9.0.101\Sdks\Microsoft.NET.Sdk\targets\Microsoft.PackageDependencyResolution.targets" from project "D:\Personal\MS3\VedhamsMidway\SRM\srm\StudentFormsApi\StudentFormsApi.csproj" (target "ResolvePackageDependenciesForBuild" depends on it):
   1:7>Done building target "ResolveLockFileCopyLocalFiles" in project "StudentFormsApi.csproj".
       Target "ResolveRuntimePackAssets" skipped, due to false condition; ('@(RuntimePack)' != '') was evaluated as ('' != '').
       Target "RunProduceContentAssets" skipped, due to false condition; ('@(_ContentFilesToPreprocess)' != '' and '$(_CleaningWithoutRebuilding)' != 'true') was evaluated as ('' != '' and '' != 'true').
       Target "ResolvePackageAssets" skipped. Previously built successfully.
   1:7>Target "IncludeTransitiveProjectReferences" in file "C:\Program Files\dotnet\sdk\9.0.101\Sdks\Microsoft.NET.Sdk\targets\Microsoft.PackageDependencyResolution.targets" from project "D:\Personal\MS3\VedhamsMidway\SRM\srm\StudentFormsApi\StudentFormsApi.csproj" (target "ResolvePackageDependenciesForBuild" depends on it):
   1:7>Done building target "IncludeTransitiveProjectReferences" in project "StudentFormsApi.csproj".
   1:7>Target "ResolvePackageDependenciesForBuild" in file "C:\Program Files\dotnet\sdk\9.0.101\Sdks\Microsoft.NET.Sdk\targets\Microsoft.PackageDependencyResolution.targets" from project "D:\Personal\MS3\VedhamsMidway\SRM\srm\StudentFormsApi\StudentFormsApi.csproj" (target "AssignProjectConfiguration" depends on it):
   1:7>Done building target "ResolvePackageDependenciesForBuild" in project "StudentFormsApi.csproj".
       Target "_System_Text_JsonAnalyzerMultiTargeting" skipped, due to false condition; ('$(SupportsRoslynComponentVersioning)' != 'true') was evaluated as ('true' != 'true').
       Target "_System_Text_JsonRemoveAnalyzers" skipped, due to false condition; ('$(DisableSystemTextJsonSourceGenerator)' == 'true') was evaluated as ('' == 'true').
       Target "_Microsoft_Extensions_OptionsAnalyzerMultiTargeting" skipped, due to false condition; ('$(SupportsRoslynComponentVersioning)' != 'true') was evaluated as ('true' != 'true').
       Target "_Microsoft_Extensions_OptionsRemoveAnalyzers" skipped, due to false condition; ('$(DisableMicrosoftExtensionsOptionsSourceGenerator)' == 'true') was evaluated as ('' == 'true').
       Target "_Microsoft_Extensions_Logging_AbstractionsAnalyzerMultiTargeting" skipped, due to false condition; ('$(SupportsRoslynComponentVersioning)' != 'true') was evaluated as ('true' != 'true').
       Target "_Microsoft_Extensions_Logging_AbstractionsRemoveAnalyzers" skipped, due to false condition; ('$(DisableMicrosoftExtensionsLoggingSourceGenerator)' == 'true') was evaluated as ('' == 'true').
       Target "AssignProjectConfiguration" skipped, due to false condition; ('$(CurrentSolutionConfigurationContents)' != '' or '@(ProjectReference)'!='') was evaluated as ('' != '' or ''!='').
   1:7>Target "_SplitProjectReferencesByFileExistence" in file "C:\Program Files\dotnet\sdk\9.0.101\Microsoft.Common.CurrentVersion.targets" from project "D:\Personal\MS3\VedhamsMidway\SRM\srm\StudentFormsApi\StudentFormsApi.csproj" (target "PrepareProjectReferences" depends on it):
       Task "ResolveNonMSBuildProjectOutput" skipped, due to false condition; ('$(BuildingInsideVisualStudio)'=='true' and '@(ProjectReferenceWithConfiguration)'!='') was evaluated as (''=='true' and ''!='').
   1:7>Done building target "_SplitProjectReferencesByFileExistence" in project "StudentFormsApi.csproj".
   1:7>Target "_AddOutputPathToGlobalPropertiesToRemove" in file "C:\Program Files\dotnet\sdk\9.0.101\Microsoft.Common.CurrentVersion.targets" from project "D:\Personal\MS3\VedhamsMidway\SRM\srm\StudentFormsApi\StudentFormsApi.csproj" (target "_GetProjectReferenceTargetFrameworkProperties" depends on it):
   1:7>Done building target "_AddOutputPathToGlobalPropertiesToRemove" in project "StudentFormsApi.csproj".
   1:7>Target "_GetProjectReferenceTargetFrameworkProperties" in file "C:\Program Files\dotnet\sdk\9.0.101\Microsoft.Common.CurrentVersion.targets" from project "D:\Personal\MS3\VedhamsMidway\SRM\srm\StudentFormsApi\StudentFormsApi.csproj" (target "PrepareProjectReferences" depends on it):
       Task "MSBuild"
       Done executing task "MSBuild".
       Task "MSBuild" skipped, due to false condition; ('%(_MSBuildProjectReferenceExistent.SkipGetTargetFrameworkProperties)' != 'true' and '$(EnableDynamicPlatformResolution)' == 'true') was evaluated as ('' != 'true' and '' == 'true').
       Task "GetReferenceNearestTargetFrameworkTask" skipped, due to false condition; ('@(_ProjectReferenceTargetFrameworkPossibilities)' != '' and '$(ReferringTargetFrameworkForProjectReferences)' != ''
                                                               And '$(GetReferenceNearestTargetFrameworkTaskSupportsTargetPlatformParameter)' == 'true' and '%(_ProjectReferenceTargetFrameworkPossibilities.IsVcxOrNativeProj)' != 'true') was evaluated as ('' != '' and '.NETCoreApp,Version=v8.0' != ''
                                                               And 'true' == 'true' and '' != 'true').
       Task "GetReferenceNearestTargetFrameworkTask" skipped, due to false condition; ('@(_ProjectReferenceTargetFrameworkPossibilities)' != '' and '$(ReferringTargetFrameworkForProjectReferences)' != ''
                                                               And '$(GetReferenceNearestTargetFrameworkTaskSupportsTargetPlatformParameter)' != 'true' and '%(_ProjectReferenceTargetFrameworkPossibilities.IsVcxOrNativeProj)' != 'true') was evaluated as ('' != '' and '.NETCoreApp,Version=v8.0' != ''
                                                               And 'true' != 'true' and '' != 'true').
       Using "SetRidAgnosticValueForProjects" task from assembly "Microsoft.Build.Tasks.Core, Version=15.1.0.0, Culture=neutral, PublicKeyToken=b03f5f7f11d50a3a".
       Task "SetRidAgnosticValueForProjects"
       Done executing task "SetRidAgnosticValueForProjects".
   1:7>Done building target "_GetProjectReferenceTargetFrameworkProperties" in project "StudentFormsApi.csproj".
   1:7>Target "ValidateExecutableReferences" in file "C:\Program Files\dotnet\sdk\9.0.101\Sdks\Microsoft.NET.Sdk\targets\Microsoft.NET.Sdk.targets" from project "D:\Personal\MS3\VedhamsMidway\SRM\srm\StudentFormsApi\StudentFormsApi.csproj" (target "PrepareProjectReferences" depends on it):
       Using "ValidateExecutableReferences" task from assembly "C:\Program Files\dotnet\sdk\9.0.101\Sdks\Microsoft.NET.Sdk\targets\..\tools\net9.0\Microsoft.NET.Build.Tasks.dll".
       Task "ValidateExecutableReferences"
       Done executing task "ValidateExecutableReferences".
   1:7>Done building target "ValidateExecutableReferences" in project "StudentFormsApi.csproj".
       Target "_GetProjectReferencePlatformProperties" skipped, due to false condition; ('$(EnableDynamicPlatformResolution)' == 'true'
                            and '@(_MSBuildProjectReferenceExistent)' != '') was evaluated as ('' == 'true'
                            and '' != '').
   1:7>Target "PrepareProjectReferences" in file "C:\Program Files\dotnet\sdk\9.0.101\Microsoft.Common.CurrentVersion.targets" from project "D:\Personal\MS3\VedhamsMidway\SRM\srm\StudentFormsApi\StudentFormsApi.csproj" (target "ResolveProjectReferences" depends on it):
   1:7>Done building target "PrepareProjectReferences" in project "StudentFormsApi.csproj".
   1:7>Target "ResolveProjectReferences" in file "C:\Program Files\dotnet\sdk\9.0.101\Microsoft.Common.CurrentVersion.targets" from project "D:\Personal\MS3\VedhamsMidway\SRM\srm\StudentFormsApi\StudentFormsApi.csproj" (target "ResolveReferences" depends on it):
       Task "MSBuild" skipped, due to false condition; ('%(_MSBuildProjectReferenceExistent.BuildReference)' == 'true' and '@(ProjectReferenceWithConfiguration)' != '' and ('$(BuildingInsideVisualStudio)' == 'true' or '$(BuildProjectReferences)' != 'true') and '$(VisualStudioVersion)' != '10.0' and '@(_MSBuildProjectReferenceExistent)' != '') was evaluated as ('' == 'true' and '' != '' and ('' == 'true' or 'true' != 'true') and '17.0' != '10.0' and '' != '').
       Task "MSBuild" skipped, due to false condition; ('%(_MSBuildProjectReferenceExistent.BuildReference)' == 'true' and '@(ProjectReferenceWithConfiguration)' != '' and '$(BuildingInsideVisualStudio)' != 'true' and '$(BuildProjectReferences)' == 'true' and '@(_MSBuildProjectReferenceExistent)' != '') was evaluated as ('' == 'true' and '' != '' and '' != 'true' and 'true' == 'true' and '' != '').
       Task "MSBuild" skipped, due to false condition; ('%(_MSBuildProjectReferenceExistent.BuildReference)' == 'true' and '@(ProjectReferenceWithConfiguration)' != '' and '$(BuildingProject)' == 'true' and '@(_MSBuildProjectReferenceExistent)' != '') was evaluated as ('' == 'true' and '' != '' and 'true' == 'true' and '' != '').
       Task "Warning" skipped, due to false condition; ('@(ProjectReferenceWithConfiguration)' != '' and '@(_MSBuildProjectReferenceNonexistent)' != '' and '$(ErrorOnMissingProjectReference)' != 'True') was evaluated as ('' != '' and '' != '' and '' != 'True').
       Task "Error" skipped, due to false condition; ('@(ProjectReferenceWithConfiguration)' != '' and '@(_MSBuildProjectReferenceNonexistent)' != '' and '$(ErrorOnMissingProjectReference)' == 'True') was evaluated as ('' != '' and '' != '' and '' == 'True').
   1:7>Done building target "ResolveProjectReferences" in project "StudentFormsApi.csproj".
       Target "FindInvalidProjectReferences" skipped, due to false condition; ('$(FindInvalidProjectReferences)' == 'true') was evaluated as ('' == 'true').
       Target "ResolveNativeReferences" skipped, due to false condition; ('@(NativeReference)'!='') was evaluated as (''!='').
       Target "ResolveProjectReferences" skipped. Previously built successfully.
       Target "FindInvalidProjectReferences" skipped, due to false condition; ('$(FindInvalidProjectReferences)' == 'true') was evaluated as ('' == 'true').
       Target "GetFrameworkPaths" skipped. Previously built successfully.
       Target "GetReferenceAssemblyPaths" skipped. Previously built successfully.
       Target "PrepareForBuild" skipped. Previously built successfully.
       Target "GetInstalledSDKLocations" skipped, due to false condition; ('@(SDKReference)' != '') was evaluated as ('' != '').
   1:7>Target "ResolveSDKReferences" in file "C:\Program Files\dotnet\sdk\9.0.101\Microsoft.Common.CurrentVersion.targets" from project "D:\Personal\MS3\VedhamsMidway\SRM\srm\StudentFormsApi\StudentFormsApi.csproj" (target "ResolveAssemblyReferences" depends on it):
       Task "ResolveSDKReference" skipped, due to false condition; ('@(SDKReference)'!='') was evaluated as (''!='').
   1:7>Done building target "ResolveSDKReferences" in project "StudentFormsApi.csproj".
       Target "ResolveSDKReferences" skipped. Previously built successfully.
   1:7>Target "ExpandSDKReferences" in file "C:\Program Files\dotnet\sdk\9.0.101\Microsoft.Common.CurrentVersion.targets" from project "D:\Personal\MS3\VedhamsMidway\SRM\srm\StudentFormsApi\StudentFormsApi.csproj" (target "ResolveAssemblyReferences" depends on it):
       Task "GetSDKReferenceFiles" skipped, due to false condition; ('@(ResolvedSDKReference)'!='') was evaluated as (''!='').
   1:7>Done building target "ExpandSDKReferences" in project "StudentFormsApi.csproj".
       Target "ResolvePackageDependenciesForBuild" skipped. Previously built successfully.
       Target "GetFrameworkPaths" skipped. Previously built successfully.
       Target "GetReferenceAssemblyPaths" skipped. Previously built successfully.
       Target "ProcessFrameworkReferences" skipped. Previously built successfully.
       Target "ResolvePackageAssets" skipped. Previously built successfully.
   1:7>Target "ResolveFrameworkReferences" in file "C:\Program Files\dotnet\sdk\9.0.101\Sdks\Microsoft.NET.Sdk\targets\Microsoft.NET.Sdk.FrameworkReferenceResolution.targets" from project "D:\Personal\MS3\VedhamsMidway\SRM\srm\StudentFormsApi\StudentFormsApi.csproj" (target "ResolveTargetingPackAssets" depends on it):
       Using "GetPackageDirectory" task from assembly "C:\Program Files\dotnet\sdk\9.0.101\Sdks\Microsoft.NET.Sdk\targets\..\tools\net9.0\Microsoft.NET.Build.Tasks.dll".
       Task "GetPackageDirectory"
       Done executing task "GetPackageDirectory".
       Task "GetPackageDirectory"
       Done executing task "GetPackageDirectory".
       Task "GetPackageDirectory"
       Done executing task "GetPackageDirectory".
       Task "GetPackageDirectory"
       Done executing task "GetPackageDirectory".
       Task "GetPackageDirectory"
       Done executing task "GetPackageDirectory".
       Task "GetPackageDirectory"
       Done executing task "GetPackageDirectory".
       Task "GetPackageDirectory"
       Done executing task "GetPackageDirectory".
       Task "GetPackageDirectory"
       Done executing task "GetPackageDirectory".
       Task "GetPackageDirectory"
       Done executing task "GetPackageDirectory".
       Task "GetPackageDirectory"
       Done executing task "GetPackageDirectory".
       Using "ResolveFrameworkReferences" task from assembly "C:\Program Files\dotnet\sdk\9.0.101\Sdks\Microsoft.NET.Sdk\targets\..\tools\net9.0\Microsoft.NET.Build.Tasks.dll".
       Task "ResolveFrameworkReferences"
       Done executing task "ResolveFrameworkReferences".
   1:7>Done building target "ResolveFrameworkReferences" in project "StudentFormsApi.csproj".
   1:7>Target "ResolveTargetingPackAssets" in file "C:\Program Files\dotnet\sdk\9.0.101\Sdks\Microsoft.NET.Sdk\targets\Microsoft.NET.Sdk.FrameworkReferenceResolution.targets" from project "D:\Personal\MS3\VedhamsMidway\SRM\srm\StudentFormsApi\StudentFormsApi.csproj" (target "_HandlePackageFileConflicts" depends on it):
       Using "ResolveTargetingPackAssets" task from assembly "C:\Program Files\dotnet\sdk\9.0.101\Sdks\Microsoft.NET.Sdk\targets\..\tools\net9.0\Microsoft.NET.Build.Tasks.dll".
       Task "ResolveTargetingPackAssets"
       Done executing task "ResolveTargetingPackAssets".
   1:7>Done building target "ResolveTargetingPackAssets" in project "StudentFormsApi.csproj".
   1:7>Target "ResolveOffByDefaultAnalyzers" in file "C:\Program Files\dotnet\sdk\9.0.101\Sdks\Microsoft.NET.Sdk\targets\Microsoft.NET.Sdk.FrameworkReferenceResolution.targets" from project "D:\Personal\MS3\VedhamsMidway\SRM\srm\StudentFormsApi\StudentFormsApi.csproj" (target "_HandlePackageFileConflicts" depends on it):
   1:7>Done building target "ResolveOffByDefaultAnalyzers" in project "StudentFormsApi.csproj".
   1:7>Target "_HandlePackageFileConflicts" in file "C:\Program Files\dotnet\sdk\9.0.101\Sdks\Microsoft.NET.Sdk\targets\Microsoft.NET.ConflictResolution.targets" from project "D:\Personal\MS3\VedhamsMidway\SRM\srm\StudentFormsApi\StudentFormsApi.csproj" (target "ResolveAssemblyReferences" depends on it):
       Using "ResolvePackageFileConflicts" task from assembly "C:\Program Files\dotnet\sdk\9.0.101\Sdks\Microsoft.NET.Sdk\targets\..\tools\net9.0\Microsoft.NET.Build.Tasks.dll".
       Task "ResolvePackageFileConflicts"
         Encountered conflict between 'Reference:C:\Users\alaga\.nuget\packages\system.diagnostics.diagnosticsource\6.0.0\lib\net6.0\System.Diagnostics.DiagnosticSource.dll' and 'Reference:C:\Program Files\dotnet\packs\Microsoft.NETCore.App.Ref\8.0.11\ref/net8.0/System.Diagnostics.DiagnosticSource.dll'. Choosing 'Reference:C:\Program Files\dotnet\packs\Microsoft.NETCore.App.Ref\8.0.11\ref/net8.0/System.Diagnostics.DiagnosticSource.dll' because AssemblyVersion '8.0.0.0' is greater than '6.0.0.0'.
         Encountered conflict between 'Reference:C:\Users\alaga\.nuget\packages\system.runtime.compilerservices.unsafe\6.0.0\lib\net6.0\System.Runtime.CompilerServices.Unsafe.dll' and 'Reference:C:\Program Files\dotnet\packs\Microsoft.NETCore.App.Ref\8.0.11\ref/net8.0/System.Runtime.CompilerServices.Unsafe.dll'. Choosing 'Reference:C:\Program Files\dotnet\packs\Microsoft.NETCore.App.Ref\8.0.11\ref/net8.0/System.Runtime.CompilerServices.Unsafe.dll' because AssemblyVersion '8.0.0.0' is greater than '6.0.0.0'.
         Encountered conflict between 'Reference:C:\Users\alaga\.nuget\packages\system.security.cryptography.cng\5.0.0\ref\netcoreapp3.0\System.Security.Cryptography.Cng.dll' and 'Reference:C:\Program Files\dotnet\packs\Microsoft.NETCore.App.Ref\8.0.11\ref/net8.0/System.Security.Cryptography.Cng.dll'. Choosing 'Reference:C:\Program Files\dotnet\packs\Microsoft.NETCore.App.Ref\8.0.11\ref/net8.0/System.Security.Cryptography.Cng.dll' because AssemblyVersion '8.0.0.0' is greater than '5.0.0.0'.
         Encountered conflict between 'Reference:C:\Users\alaga\.nuget\packages\system.text.encodings.web\8.0.0\lib\net8.0\System.Text.Encodings.Web.dll' and 'Reference:C:\Program Files\dotnet\packs\Microsoft.NETCore.App.Ref\8.0.11\ref/net8.0/System.Text.Encodings.Web.dll'. Choosing 'Reference:C:\Program Files\dotnet\packs\Microsoft.NETCore.App.Ref\8.0.11\ref/net8.0/System.Text.Encodings.Web.dll' because file version '8.0.1124.51707' is greater than '8.0.23.53103'.
         Encountered conflict between 'Reference:C:\Users\alaga\.nuget\packages\system.text.json\8.0.0\lib\net8.0\System.Text.Json.dll' and 'Reference:C:\Program Files\dotnet\packs\Microsoft.NETCore.App.Ref\8.0.11\ref/net8.0/System.Text.Json.dll'. Choosing 'Reference:C:\Program Files\dotnet\packs\Microsoft.NETCore.App.Ref\8.0.11\ref/net8.0/System.Text.Json.dll' because file version '8.0.1124.51707' is greater than '8.0.23.53103'.
         Encountered conflict between 'Analyzer:C:\Users\alaga\.nuget\packages\system.text.json\8.0.0\analyzers\dotnet\roslyn4.4\cs\System.Text.Json.SourceGeneration.dll' and 'Analyzer:C:\Program Files\dotnet\packs\Microsoft.NETCore.App.Ref\8.0.11\analyzers/dotnet/cs/System.Text.Json.SourceGeneration.dll'. Choosing 'Analyzer:C:\Program Files\dotnet\packs\Microsoft.NETCore.App.Ref\8.0.11\analyzers/dotnet/cs/System.Text.Json.SourceGeneration.dll' because AssemblyVersion '8.0.11.1707' is greater than '8.0.9.3103'.
         Encountered conflict between 'Platform:System.Collections.Immutable.dll' and 'CopyLocal:C:\Users\alaga\.nuget\packages\system.collections.immutable\6.0.0\lib\net6.0\System.Collections.Immutable.dll'. Choosing 'Platform:System.Collections.Immutable.dll' because AssemblyVersion '8.0.0.0' is greater than '6.0.0.0'.
         Encountered conflict between 'Platform:System.Diagnostics.DiagnosticSource.dll' and 'CopyLocal:C:\Users\alaga\.nuget\packages\system.diagnostics.diagnosticsource\6.0.0\lib\net6.0\System.Diagnostics.DiagnosticSource.dll'. Choosing 'Platform:System.Diagnostics.DiagnosticSource.dll' because AssemblyVersion '8.0.0.0' is greater than '6.0.0.0'.
         Encountered conflict between 'Platform:System.Formats.Asn1.dll' and 'CopyLocal:C:\Users\alaga\.nuget\packages\system.formats.asn1\5.0.0\lib\netstandard2.0\System.Formats.Asn1.dll'. Choosing 'Platform:System.Formats.Asn1.dll' because AssemblyVersion '8.0.0.0' is greater than '5.0.0.0'.
         Encountered conflict between 'Platform:System.Reflection.Metadata.dll' and 'CopyLocal:C:\Users\alaga\.nuget\packages\system.reflection.metadata\6.0.1\lib\net6.0\System.Reflection.Metadata.dll'. Choosing 'Platform:System.Reflection.Metadata.dll' because AssemblyVersion '8.0.0.0' is greater than '6.0.0.0'.
         Encountered conflict between 'Platform:System.Runtime.CompilerServices.Unsafe.dll' and 'CopyLocal:C:\Users\alaga\.nuget\packages\system.runtime.compilerservices.unsafe\6.0.0\lib\net6.0\System.Runtime.CompilerServices.Unsafe.dll'. Choosing 'Platform:System.Runtime.CompilerServices.Unsafe.dll' because AssemblyVersion '8.0.0.0' is greater than '6.0.0.0'.
         Encountered conflict between 'Platform:System.Security.AccessControl.dll' and 'CopyLocal:C:\Users\alaga\.nuget\packages\system.security.accesscontrol\6.0.0\lib\net6.0\System.Security.AccessControl.dll'. Choosing 'Platform:System.Security.AccessControl.dll' because AssemblyVersion '8.0.0.0' is greater than '6.0.0.0'.
         Encountered conflict between 'Platform:System.Security.Cryptography.Cng.dll' and 'CopyLocal:C:\Users\alaga\.nuget\packages\system.security.cryptography.cng\5.0.0\lib\netcoreapp3.0\System.Security.Cryptography.Cng.dll'. Choosing 'Platform:System.Security.Cryptography.Cng.dll' because AssemblyVersion '8.0.0.0' is greater than '5.0.0.0'.
         Encountered conflict between 'Platform:System.Security.Principal.Windows.dll' and 'CopyLocal:C:\Users\alaga\.nuget\packages\system.security.principal.windows\5.0.0\lib\netstandard2.0\System.Security.Principal.Windows.dll'. Choosing 'Platform:System.Security.Principal.Windows.dll' because AssemblyVersion '8.0.0.0' is greater than '5.0.0.0'.
         Encountered conflict between 'Platform:System.Text.Encoding.CodePages.dll' and 'CopyLocal:C:\Users\alaga\.nuget\packages\system.text.encoding.codepages\6.0.0\lib\net6.0\System.Text.Encoding.CodePages.dll'. Choosing 'Platform:System.Text.Encoding.CodePages.dll' because AssemblyVersion '8.0.0.0' is greater than '6.0.0.0'.
         Encountered conflict between 'Platform:System.Text.Encodings.Web.dll' and 'CopyLocal:C:\Users\alaga\.nuget\packages\system.text.encodings.web\8.0.0\lib\net8.0\System.Text.Encodings.Web.dll'. Choosing 'Platform:System.Text.Encodings.Web.dll' because file version '8.0.1124.51707' is greater than '8.0.23.53103'.
         Encountered conflict between 'Platform:System.Text.Json.dll' and 'CopyLocal:C:\Users\alaga\.nuget\packages\system.text.json\8.0.0\lib\net8.0\System.Text.Json.dll'. Choosing 'Platform:System.Text.Json.dll' because file version '8.0.1124.51707' is greater than '8.0.23.53103'.
         Encountered conflict between 'Platform:System.Threading.Channels.dll' and 'CopyLocal:C:\Users\alaga\.nuget\packages\system.threading.channels\6.0.0\lib\net6.0\System.Threading.Channels.dll'. Choosing 'Platform:System.Threading.Channels.dll' because AssemblyVersion '8.0.0.0' is greater than '6.0.0.0'.
         Encountered conflict between 'Platform:System.Security.AccessControl.dll' and 'CopyLocal:C:\Users\alaga\.nuget\packages\system.security.accesscontrol\6.0.0\runtimes\win\lib\net6.0\System.Security.AccessControl.dll'. Choosing 'Platform:System.Security.AccessControl.dll' because AssemblyVersion '8.0.0.0' is greater than '6.0.0.0'.
         Encountered conflict between 'Platform:System.Security.Cryptography.Cng.dll' and 'CopyLocal:C:\Users\alaga\.nuget\packages\system.security.cryptography.cng\5.0.0\runtimes\win\lib\netcoreapp3.0\System.Security.Cryptography.Cng.dll'. Choosing 'Platform:System.Security.Cryptography.Cng.dll' because AssemblyVersion '8.0.0.0' is greater than '5.0.0.0'.
         Encountered conflict between 'Platform:System.Security.Principal.Windows.dll' and 'CopyLocal:C:\Users\alaga\.nuget\packages\system.security.principal.windows\5.0.0\runtimes\unix\lib\netcoreapp2.1\System.Security.Principal.Windows.dll'. Choosing 'Platform:System.Security.Principal.Windows.dll' because AssemblyVersion '8.0.0.0' is greater than '5.0.0.0'.
         Encountered conflict between 'Platform:System.Security.Principal.Windows.dll' and 'CopyLocal:C:\Users\alaga\.nuget\packages\system.security.principal.windows\5.0.0\runtimes\win\lib\netcoreapp2.1\System.Security.Principal.Windows.dll'. Choosing 'Platform:System.Security.Principal.Windows.dll' because AssemblyVersion '8.0.0.0' is greater than '5.0.0.0'.
         Encountered conflict between 'Platform:System.Text.Encoding.CodePages.dll' and 'CopyLocal:C:\Users\alaga\.nuget\packages\system.text.encoding.codepages\6.0.0\runtimes\win\lib\net6.0\System.Text.Encoding.CodePages.dll'. Choosing 'Platform:System.Text.Encoding.CodePages.dll' because AssemblyVersion '8.0.0.0' is greater than '6.0.0.0'.
         Encountered conflict between 'Platform:System.Text.Encodings.Web.dll' and 'CopyLocal:C:\Users\alaga\.nuget\packages\system.text.encodings.web\8.0.0\runtimes\browser\lib\net8.0\System.Text.Encodings.Web.dll'. Choosing 'Platform:System.Text.Encodings.Web.dll' because file version '8.0.1124.51707' is greater than '8.0.23.53103'.
         Encountered conflict between 'Platform:mscorlib.dll' and 'Platform:mscorlib.dll'. Could not determine winner due to equal file and assembly versions.
         Encountered conflict between 'Platform:Microsoft.VisualBasic.dll' and 'Platform:Microsoft.VisualBasic.dll'. Could not determine winner due to equal file and assembly versions.
         Encountered conflict between 'Platform:System.dll' and 'Platform:System.dll'. Could not determine winner due to equal file and assembly versions.
         Encountered conflict between 'Platform:System.ComponentModel.DataAnnotations.dll' and 'Platform:System.ComponentModel.DataAnnotations.dll'. Could not determine winner due to equal file and assembly versions.
         Encountered conflict between 'Platform:System.Configuration.dll' and 'Platform:System.Configuration.dll'. Could not determine winner due to equal file and assembly versions.
         Encountered conflict between 'Platform:System.Core.dll' and 'Platform:System.Core.dll'. Could not determine winner due to equal file and assembly versions.
         Encountered conflict between 'Platform:System.Data.dll' and 'Platform:System.Data.dll'. Could not determine winner due to equal file and assembly versions.
         Encountered conflict between 'Platform:System.Drawing.dll' and 'Platform:System.Drawing.dll'. Could not determine winner due to equal file and assembly versions.
         Encountered conflict between 'Platform:System.IO.Compression.FileSystem.dll' and 'Platform:System.IO.Compression.FileSystem.dll'. Could not determine winner due to equal file and assembly versions.
         Encountered conflict between 'Platform:System.Net.dll' and 'Platform:System.Net.dll'. Could not determine winner due to equal file and assembly versions.
         Encountered conflict between 'Platform:System.Numerics.dll' and 'Platform:System.Numerics.dll'. Could not determine winner due to equal file and assembly versions.
         Encountered conflict between 'Platform:System.Runtime.Serialization.dll' and 'Platform:System.Runtime.Serialization.dll'. Could not determine winner due to equal file and assembly versions.
         Encountered conflict between 'Platform:System.Security.dll' and 'Platform:System.Security.dll'. Could not determine winner due to equal file and assembly versions.
         Encountered conflict between 'Platform:System.ServiceProcess.dll' and 'Platform:System.ServiceProcess.dll'. Could not determine winner due to equal file and assembly versions.
         Encountered conflict between 'Platform:System.ServiceModel.Web.dll' and 'Platform:System.ServiceModel.Web.dll'. Could not determine winner due to equal file and assembly versions.
         Encountered conflict between 'Platform:System.Transactions.dll' and 'Platform:System.Transactions.dll'. Could not determine winner due to equal file and assembly versions.
         Encountered conflict between 'Platform:System.Web.dll' and 'Platform:System.Web.dll'. Could not determine winner due to equal file and assembly versions.
         Encountered conflict between 'Platform:System.Windows.dll' and 'Platform:System.Windows.dll'. Could not determine winner due to equal file and assembly versions.
         Encountered conflict between 'Platform:System.Xml.dll' and 'Platform:System.Xml.dll'. Could not determine winner due to equal file and assembly versions.
         Encountered conflict between 'Platform:System.Xml.Serialization.dll' and 'Platform:System.Xml.Serialization.dll'. Could not determine winner due to equal file and assembly versions.
         Encountered conflict between 'Platform:System.Xml.Linq.dll' and 'Platform:System.Xml.Linq.dll'. Could not determine winner due to equal file and assembly versions.
         Encountered conflict between 'Platform:WindowsBase.dll' and 'Platform:WindowsBase.dll'. Could not determine winner due to equal file and assembly versions.
         Encountered conflict between 'Platform:netstandard.dll' and 'Platform:netstandard.dll'. Could not determine winner due to equal file and assembly versions.
         Encountered conflict between 'Platform:System.Private.CoreLib.dll' and 'Platform:System.Private.CoreLib.dll'. Could not determine winner due to equal file and assembly versions.
         Encountered conflict between 'Platform:System.Private.DataContractSerialization.dll' and 'Platform:System.Private.DataContractSerialization.dll'. Could not determine winner due to equal file and assembly versions.
         Encountered conflict between 'Platform:System.Private.Uri.dll' and 'Platform:System.Private.Uri.dll'. Could not determine winner due to equal file and assembly versions.
         Encountered conflict between 'Platform:System.Private.Xml.dll' and 'Platform:System.Private.Xml.dll'. Could not determine winner due to equal file and assembly versions.
         Encountered conflict between 'Platform:System.Private.Xml.Linq.dll' and 'Platform:System.Private.Xml.Linq.dll'. Could not determine winner due to equal file and assembly versions.
         Encountered conflict between 'Platform:mscordaccore_amd64_amd64_8.0.1124.51707.dll' and 'Platform:mscordaccore_amd64_amd64_8.0.1124.51707.dll'. Could not determine winner due to equal file and assembly versions.
       Done executing task "ResolvePackageFileConflicts".
   1:7>Done building target "_HandlePackageFileConflicts" in project "StudentFormsApi.csproj".
       Target "ResolveTargetingPackAssets" skipped. Previously built successfully.
   1:7>Target "ResolveAssemblyReferences" in file "C:\Program Files\dotnet\sdk\9.0.101\Microsoft.Common.CurrentVersion.targets" from project "D:\Personal\MS3\VedhamsMidway\SRM\srm\StudentFormsApi\StudentFormsApi.csproj" (target "ResolveReferences" depends on it):
       Using "ResolveAssemblyReference" task from assembly "Microsoft.Build.Tasks.Core, Version=15.1.0.0, Culture=neutral, PublicKeyToken=b03f5f7f11d50a3a".
       Task "ResolveAssemblyReference"
         TargetFrameworkMoniker:
             .NETCoreApp,Version=v8.0
         TargetFrameworkMonikerDisplayName:
             .NET 8.0
         TargetedRuntimeVersion:
             
         Assemblies:
             C:\Users\alaga\.nuget\packages\azure.core\1.25.0\lib\net5.0\Azure.Core.dll
                 Private = 'false'
                 HintPath = 'C:\Users\alaga\.nuget\packages\azure.core\1.25.0\lib\net5.0\Azure.Core.dll'
             C:\Users\alaga\.nuget\packages\azure.identity\1.7.0\lib\netstandard2.0\Azure.Identity.dll
                 Private = 'false'
                 HintPath = 'C:\Users\alaga\.nuget\packages\azure.identity\1.7.0\lib\netstandard2.0\Azure.Identity.dll'
             C:\Users\alaga\.nuget\packages\microsoft.aspnetcore.authentication.jwtbearer\8.0.0\lib\net8.0\Microsoft.AspNetCore.Authentication.JwtBearer.dll
                 Private = 'false'
                 HintPath = 'C:\Users\alaga\.nuget\packages\microsoft.aspnetcore.authentication.jwtbearer\8.0.0\lib\net8.0\Microsoft.AspNetCore.Authentication.JwtBearer.dll'
             C:\Users\alaga\.nuget\packages\microsoft.aspnetcore.openapi\8.0.11\lib\net8.0\Microsoft.AspNetCore.OpenApi.dll
                 Private = 'false'
                 HintPath = 'C:\Users\alaga\.nuget\packages\microsoft.aspnetcore.openapi\8.0.11\lib\net8.0\Microsoft.AspNetCore.OpenApi.dll'
             C:\Users\alaga\.nuget\packages\microsoft.bcl.asyncinterfaces\6.0.0\lib\netstandard2.1\Microsoft.Bcl.AsyncInterfaces.dll
                 Private = 'false'
                 HintPath = 'C:\Users\alaga\.nuget\packages\microsoft.bcl.asyncinterfaces\6.0.0\lib\netstandard2.1\Microsoft.Bcl.AsyncInterfaces.dll'
             C:\Users\alaga\.nuget\packages\microsoft.data.sqlclient\5.1.1\ref\net6.0\Microsoft.Data.SqlClient.dll
                 Private = 'false'
                 HintPath = 'C:\Users\alaga\.nuget\packages\microsoft.data.sqlclient\5.1.1\ref\net6.0\Microsoft.Data.SqlClient.dll'
             C:\Users\alaga\.nuget\packages\microsoft.entityframeworkcore\8.0.0\lib\net8.0\Microsoft.EntityFrameworkCore.dll
                 Private = 'false'
                 HintPath = 'C:\Users\alaga\.nuget\packages\microsoft.entityframeworkcore\8.0.0\lib\net8.0\Microsoft.EntityFrameworkCore.dll'
             C:\Users\alaga\.nuget\packages\microsoft.entityframeworkcore.abstractions\8.0.0\lib\net8.0\Microsoft.EntityFrameworkCore.Abstractions.dll
                 Private = 'false'
                 HintPath = 'C:\Users\alaga\.nuget\packages\microsoft.entityframeworkcore.abstractions\8.0.0\lib\net8.0\Microsoft.EntityFrameworkCore.Abstractions.dll'
             C:\Users\alaga\.nuget\packages\microsoft.entityframeworkcore.relational\8.0.0\lib\net8.0\Microsoft.EntityFrameworkCore.Relational.dll
                 Private = 'false'
                 HintPath = 'C:\Users\alaga\.nuget\packages\microsoft.entityframeworkcore.relational\8.0.0\lib\net8.0\Microsoft.EntityFrameworkCore.Relational.dll'
             C:\Users\alaga\.nuget\packages\microsoft.entityframeworkcore.sqlserver\8.0.0\lib\net8.0\Microsoft.EntityFrameworkCore.SqlServer.dll
                 Private = 'false'
                 HintPath = 'C:\Users\alaga\.nuget\packages\microsoft.entityframeworkcore.sqlserver\8.0.0\lib\net8.0\Microsoft.EntityFrameworkCore.SqlServer.dll'
             C:\Users\alaga\.nuget\packages\microsoft.identity.client\4.47.2\lib\netcoreapp2.1\Microsoft.Identity.Client.dll
                 Private = 'false'
                 HintPath = 'C:\Users\alaga\.nuget\packages\microsoft.identity.client\4.47.2\lib\netcoreapp2.1\Microsoft.Identity.Client.dll'
             C:\Users\alaga\.nuget\packages\microsoft.identity.client.extensions.msal\2.19.3\lib\netcoreapp2.1\Microsoft.Identity.Client.Extensions.Msal.dll
                 Private = 'false'
                 HintPath = 'C:\Users\alaga\.nuget\packages\microsoft.identity.client.extensions.msal\2.19.3\lib\netcoreapp2.1\Microsoft.Identity.Client.Extensions.Msal.dll'
             C:\Users\alaga\.nuget\packages\microsoft.identitymodel.abstractions\7.0.3\lib\net8.0\Microsoft.IdentityModel.Abstractions.dll
                 Private = 'false'
                 HintPath = 'C:\Users\alaga\.nuget\packages\microsoft.identitymodel.abstractions\7.0.3\lib\net8.0\Microsoft.IdentityModel.Abstractions.dll'
             C:\Users\alaga\.nuget\packages\microsoft.identitymodel.jsonwebtokens\7.0.3\lib\net8.0\Microsoft.IdentityModel.JsonWebTokens.dll
                 Private = 'false'
                 HintPath = 'C:\Users\alaga\.nuget\packages\microsoft.identitymodel.jsonwebtokens\7.0.3\lib\net8.0\Microsoft.IdentityModel.JsonWebTokens.dll'
             C:\Users\alaga\.nuget\packages\microsoft.identitymodel.logging\7.0.3\lib\net8.0\Microsoft.IdentityModel.Logging.dll
                 Private = 'false'
                 HintPath = 'C:\Users\alaga\.nuget\packages\microsoft.identitymodel.logging\7.0.3\lib\net8.0\Microsoft.IdentityModel.Logging.dll'
             C:\Users\alaga\.nuget\packages\microsoft.identitymodel.protocols\7.0.3\lib\net8.0\Microsoft.IdentityModel.Protocols.dll
                 Private = 'false'
                 HintPath = 'C:\Users\alaga\.nuget\packages\microsoft.identitymodel.protocols\7.0.3\lib\net8.0\Microsoft.IdentityModel.Protocols.dll'
             C:\Users\alaga\.nuget\packages\microsoft.identitymodel.protocols.openidconnect\7.0.3\lib\net8.0\Microsoft.IdentityModel.Protocols.OpenIdConnect.dll
                 Private = 'false'
                 HintPath = 'C:\Users\alaga\.nuget\packages\microsoft.identitymodel.protocols.openidconnect\7.0.3\lib\net8.0\Microsoft.IdentityModel.Protocols.OpenIdConnect.dll'
             C:\Users\alaga\.nuget\packages\microsoft.identitymodel.tokens\7.0.3\lib\net8.0\Microsoft.IdentityModel.Tokens.dll
                 Private = 'false'
                 HintPath = 'C:\Users\alaga\.nuget\packages\microsoft.identitymodel.tokens\7.0.3\lib\net8.0\Microsoft.IdentityModel.Tokens.dll'
             C:\Users\alaga\.nuget\packages\microsoft.openapi\1.6.14\lib\netstandard2.0\Microsoft.OpenApi.dll
                 Private = 'false'
                 HintPath = 'C:\Users\alaga\.nuget\packages\microsoft.openapi\1.6.14\lib\netstandard2.0\Microsoft.OpenApi.dll'
             C:\Users\alaga\.nuget\packages\microsoft.sqlserver.server\1.0.0\lib\netstandard2.0\Microsoft.SqlServer.Server.dll
                 Private = 'false'
                 HintPath = 'C:\Users\alaga\.nuget\packages\microsoft.sqlserver.server\1.0.0\lib\netstandard2.0\Microsoft.SqlServer.Server.dll'
             C:\Users\alaga\.nuget\packages\swashbuckle.aspnetcore.swagger\6.6.2\lib\net8.0\Swashbuckle.AspNetCore.Swagger.dll
                 Private = 'false'
                 HintPath = 'C:\Users\alaga\.nuget\packages\swashbuckle.aspnetcore.swagger\6.6.2\lib\net8.0\Swashbuckle.AspNetCore.Swagger.dll'
             C:\Users\alaga\.nuget\packages\swashbuckle.aspnetcore.swaggergen\6.6.2\lib\net8.0\Swashbuckle.AspNetCore.SwaggerGen.dll
                 Private = 'false'
                 HintPath = 'C:\Users\alaga\.nuget\packages\swashbuckle.aspnetcore.swaggergen\6.6.2\lib\net8.0\Swashbuckle.AspNetCore.SwaggerGen.dll'
             C:\Users\alaga\.nuget\packages\swashbuckle.aspnetcore.swaggerui\6.6.2\lib\net8.0\Swashbuckle.AspNetCore.SwaggerUI.dll
                 Private = 'false'
                 HintPath = 'C:\Users\alaga\.nuget\packages\swashbuckle.aspnetcore.swaggerui\6.6.2\lib\net8.0\Swashbuckle.AspNetCore.SwaggerUI.dll'
             C:\Users\alaga\.nuget\packages\system.identitymodel.tokens.jwt\7.0.3\lib\net8.0\System.IdentityModel.Tokens.Jwt.dll
                 Private = 'false'
                 HintPath = 'C:\Users\alaga\.nuget\packages\system.identitymodel.tokens.jwt\7.0.3\lib\net8.0\System.IdentityModel.Tokens.Jwt.dll'
             C:\Users\alaga\.nuget\packages\system.memory.data\1.0.2\lib\netstandard2.0\System.Memory.Data.dll
                 Private = 'false'
                 HintPath = 'C:\Users\alaga\.nuget\packages\system.memory.data\1.0.2\lib\netstandard2.0\System.Memory.Data.dll'
             C:\Users\alaga\.nuget\packages\system.security.cryptography.protecteddata\6.0.0\lib\net6.0\System.Security.Cryptography.ProtectedData.dll
                 Private = 'false'
                 HintPath = 'C:\Users\alaga\.nuget\packages\system.security.cryptography.protecteddata\6.0.0\lib\net6.0\System.Security.Cryptography.ProtectedData.dll'
             C:\Program Files\dotnet\packs\Microsoft.NETCore.App.Ref\8.0.11\ref/net8.0/Microsoft.CSharp.dll
                 Private = 'false'
             C:\Program Files\dotnet\packs\Microsoft.NETCore.App.Ref\8.0.11\ref/net8.0/Microsoft.VisualBasic.Core.dll
                 Private = 'false'
             C:\Program Files\dotnet\packs\Microsoft.NETCore.App.Ref\8.0.11\ref/net8.0/Microsoft.VisualBasic.dll
                 Private = 'false'
             C:\Program Files\dotnet\packs\Microsoft.NETCore.App.Ref\8.0.11\ref/net8.0/Microsoft.Win32.Primitives.dll
                 Private = 'false'
             C:\Program Files\dotnet\packs\Microsoft.NETCore.App.Ref\8.0.11\ref/net8.0/Microsoft.Win32.Registry.dll
                 Private = 'false'
             C:\Program Files\dotnet\packs\Microsoft.NETCore.App.Ref\8.0.11\ref/net8.0/System.AppContext.dll
                 Private = 'false'
             C:\Program Files\dotnet\packs\Microsoft.NETCore.App.Ref\8.0.11\ref/net8.0/System.Buffers.dll
                 Private = 'false'
             C:\Program Files\dotnet\packs\Microsoft.NETCore.App.Ref\8.0.11\ref/net8.0/System.Collections.Concurrent.dll
                 Private = 'false'
             C:\Program Files\dotnet\packs\Microsoft.NETCore.App.Ref\8.0.11\ref/net8.0/System.Collections.Immutable.dll
                 Private = 'false'
             C:\Program Files\dotnet\packs\Microsoft.NETCore.App.Ref\8.0.11\ref/net8.0/System.Collections.NonGeneric.dll
                 Private = 'false'
             C:\Program Files\dotnet\packs\Microsoft.NETCore.App.Ref\8.0.11\ref/net8.0/System.Collections.Specialized.dll
                 Private = 'false'
             C:\Program Files\dotnet\packs\Microsoft.NETCore.App.Ref\8.0.11\ref/net8.0/System.Collections.dll
                 Private = 'false'
             C:\Program Files\dotnet\packs\Microsoft.NETCore.App.Ref\8.0.11\ref/net8.0/System.ComponentModel.Annotations.dll
                 Private = 'false'
             C:\Program Files\dotnet\packs\Microsoft.NETCore.App.Ref\8.0.11\ref/net8.0/System.ComponentModel.DataAnnotations.dll
                 Private = 'false'
             C:\Program Files\dotnet\packs\Microsoft.NETCore.App.Ref\8.0.11\ref/net8.0/System.ComponentModel.EventBasedAsync.dll
                 Private = 'false'
             C:\Program Files\dotnet\packs\Microsoft.NETCore.App.Ref\8.0.11\ref/net8.0/System.ComponentModel.Primitives.dll
                 Private = 'false'
             C:\Program Files\dotnet\packs\Microsoft.NETCore.App.Ref\8.0.11\ref/net8.0/System.ComponentModel.TypeConverter.dll
                 Private = 'false'
             C:\Program Files\dotnet\packs\Microsoft.NETCore.App.Ref\8.0.11\ref/net8.0/System.ComponentModel.dll
                 Private = 'false'
             C:\Program Files\dotnet\packs\Microsoft.NETCore.App.Ref\8.0.11\ref/net8.0/System.Configuration.dll
                 Private = 'false'
             C:\Program Files\dotnet\packs\Microsoft.NETCore.App.Ref\8.0.11\ref/net8.0/System.Console.dll
                 Private = 'false'
             C:\Program Files\dotnet\packs\Microsoft.NETCore.App.Ref\8.0.11\ref/net8.0/System.Core.dll
                 Private = 'false'
             C:\Program Files\dotnet\packs\Microsoft.NETCore.App.Ref\8.0.11\ref/net8.0/System.Data.Common.dll
                 Private = 'false'
             C:\Program Files\dotnet\packs\Microsoft.NETCore.App.Ref\8.0.11\ref/net8.0/System.Data.DataSetExtensions.dll
                 Private = 'false'
             C:\Program Files\dotnet\packs\Microsoft.NETCore.App.Ref\8.0.11\ref/net8.0/System.Data.dll
                 Private = 'false'
             C:\Program Files\dotnet\packs\Microsoft.NETCore.App.Ref\8.0.11\ref/net8.0/System.Diagnostics.Contracts.dll
                 Private = 'false'
             C:\Program Files\dotnet\packs\Microsoft.NETCore.App.Ref\8.0.11\ref/net8.0/System.Diagnostics.Debug.dll
                 Private = 'false'
             C:\Program Files\dotnet\packs\Microsoft.NETCore.App.Ref\8.0.11\ref/net8.0/System.Diagnostics.DiagnosticSource.dll
                 Private = 'false'
             C:\Program Files\dotnet\packs\Microsoft.NETCore.App.Ref\8.0.11\ref/net8.0/System.Diagnostics.FileVersionInfo.dll
                 Private = 'false'
             C:\Program Files\dotnet\packs\Microsoft.NETCore.App.Ref\8.0.11\ref/net8.0/System.Diagnostics.Process.dll
                 Private = 'false'
             C:\Program Files\dotnet\packs\Microsoft.NETCore.App.Ref\8.0.11\ref/net8.0/System.Diagnostics.StackTrace.dll
                 Private = 'false'
             C:\Program Files\dotnet\packs\Microsoft.NETCore.App.Ref\8.0.11\ref/net8.0/System.Diagnostics.TextWriterTraceListener.dll
                 Private = 'false'
             C:\Program Files\dotnet\packs\Microsoft.NETCore.App.Ref\8.0.11\ref/net8.0/System.Diagnostics.Tools.dll
                 Private = 'false'
             C:\Program Files\dotnet\packs\Microsoft.NETCore.App.Ref\8.0.11\ref/net8.0/System.Diagnostics.TraceSource.dll
                 Private = 'false'
             C:\Program Files\dotnet\packs\Microsoft.NETCore.App.Ref\8.0.11\ref/net8.0/System.Diagnostics.Tracing.dll
                 Private = 'false'
             C:\Program Files\dotnet\packs\Microsoft.NETCore.App.Ref\8.0.11\ref/net8.0/System.Drawing.Primitives.dll
                 Private = 'false'
             C:\Program Files\dotnet\packs\Microsoft.NETCore.App.Ref\8.0.11\ref/net8.0/System.Drawing.dll
                 Private = 'false'
             C:\Program Files\dotnet\packs\Microsoft.NETCore.App.Ref\8.0.11\ref/net8.0/System.Dynamic.Runtime.dll
                 Private = 'false'
             C:\Program Files\dotnet\packs\Microsoft.NETCore.App.Ref\8.0.11\ref/net8.0/System.Formats.Asn1.dll
                 Private = 'false'
             C:\Program Files\dotnet\packs\Microsoft.NETCore.App.Ref\8.0.11\ref/net8.0/System.Formats.Tar.dll
                 Private = 'false'
             C:\Program Files\dotnet\packs\Microsoft.NETCore.App.Ref\8.0.11\ref/net8.0/System.Globalization.Calendars.dll
                 Private = 'false'
             C:\Program Files\dotnet\packs\Microsoft.NETCore.App.Ref\8.0.11\ref/net8.0/System.Globalization.Extensions.dll
                 Private = 'false'
             C:\Program Files\dotnet\packs\Microsoft.NETCore.App.Ref\8.0.11\ref/net8.0/System.Globalization.dll
                 Private = 'false'
             C:\Program Files\dotnet\packs\Microsoft.NETCore.App.Ref\8.0.11\ref/net8.0/System.IO.Compression.Brotli.dll
                 Private = 'false'
             C:\Program Files\dotnet\packs\Microsoft.NETCore.App.Ref\8.0.11\ref/net8.0/System.IO.Compression.FileSystem.dll
                 Private = 'false'
             C:\Program Files\dotnet\packs\Microsoft.NETCore.App.Ref\8.0.11\ref/net8.0/System.IO.Compression.ZipFile.dll
                 Private = 'false'
             C:\Program Files\dotnet\packs\Microsoft.NETCore.App.Ref\8.0.11\ref/net8.0/System.IO.Compression.dll
                 Private = 'false'
             C:\Program Files\dotnet\packs\Microsoft.NETCore.App.Ref\8.0.11\ref/net8.0/System.IO.FileSystem.AccessControl.dll
                 Private = 'false'
             C:\Program Files\dotnet\packs\Microsoft.NETCore.App.Ref\8.0.11\ref/net8.0/System.IO.FileSystem.DriveInfo.dll
                 Private = 'false'
             C:\Program Files\dotnet\packs\Microsoft.NETCore.App.Ref\8.0.11\ref/net8.0/System.IO.FileSystem.Primitives.dll
                 Private = 'false'
             C:\Program Files\dotnet\packs\Microsoft.NETCore.App.Ref\8.0.11\ref/net8.0/System.IO.FileSystem.Watcher.dll
                 Private = 'false'
             C:\Program Files\dotnet\packs\Microsoft.NETCore.App.Ref\8.0.11\ref/net8.0/System.IO.FileSystem.dll
                 Private = 'false'
             C:\Program Files\dotnet\packs\Microsoft.NETCore.App.Ref\8.0.11\ref/net8.0/System.IO.IsolatedStorage.dll
                 Private = 'false'
             C:\Program Files\dotnet\packs\Microsoft.NETCore.App.Ref\8.0.11\ref/net8.0/System.IO.MemoryMappedFiles.dll
                 Private = 'false'
             C:\Program Files\dotnet\packs\Microsoft.NETCore.App.Ref\8.0.11\ref/net8.0/System.IO.Pipes.AccessControl.dll
                 Private = 'false'
             C:\Program Files\dotnet\packs\Microsoft.NETCore.App.Ref\8.0.11\ref/net8.0/System.IO.Pipes.dll
                 Private = 'false'
             C:\Program Files\dotnet\packs\Microsoft.NETCore.App.Ref\8.0.11\ref/net8.0/System.IO.UnmanagedMemoryStream.dll
                 Private = 'false'
             C:\Program Files\dotnet\packs\Microsoft.NETCore.App.Ref\8.0.11\ref/net8.0/System.IO.dll
                 Private = 'false'
             C:\Program Files\dotnet\packs\Microsoft.NETCore.App.Ref\8.0.11\ref/net8.0/System.Linq.Expressions.dll
                 Private = 'false'
             C:\Program Files\dotnet\packs\Microsoft.NETCore.App.Ref\8.0.11\ref/net8.0/System.Linq.Parallel.dll
                 Private = 'false'
             C:\Program Files\dotnet\packs\Microsoft.NETCore.App.Ref\8.0.11\ref/net8.0/System.Linq.Queryable.dll
                 Private = 'false'
             C:\Program Files\dotnet\packs\Microsoft.NETCore.App.Ref\8.0.11\ref/net8.0/System.Linq.dll
                 Private = 'false'
             C:\Program Files\dotnet\packs\Microsoft.NETCore.App.Ref\8.0.11\ref/net8.0/System.Memory.dll
                 Private = 'false'
             C:\Program Files\dotnet\packs\Microsoft.NETCore.App.Ref\8.0.11\ref/net8.0/System.Net.Http.Json.dll
                 Private = 'false'
             C:\Program Files\dotnet\packs\Microsoft.NETCore.App.Ref\8.0.11\ref/net8.0/System.Net.Http.dll
                 Private = 'false'
             C:\Program Files\dotnet\packs\Microsoft.NETCore.App.Ref\8.0.11\ref/net8.0/System.Net.HttpListener.dll
                 Private = 'false'
             C:\Program Files\dotnet\packs\Microsoft.NETCore.App.Ref\8.0.11\ref/net8.0/System.Net.Mail.dll
                 Private = 'false'
             C:\Program Files\dotnet\packs\Microsoft.NETCore.App.Ref\8.0.11\ref/net8.0/System.Net.NameResolution.dll
                 Private = 'false'
             C:\Program Files\dotnet\packs\Microsoft.NETCore.App.Ref\8.0.11\ref/net8.0/System.Net.NetworkInformation.dll
                 Private = 'false'
             C:\Program Files\dotnet\packs\Microsoft.NETCore.App.Ref\8.0.11\ref/net8.0/System.Net.Ping.dll
                 Private = 'false'
             C:\Program Files\dotnet\packs\Microsoft.NETCore.App.Ref\8.0.11\ref/net8.0/System.Net.Primitives.dll
                 Private = 'false'
             C:\Program Files\dotnet\packs\Microsoft.NETCore.App.Ref\8.0.11\ref/net8.0/System.Net.Quic.dll
                 Private = 'false'
             C:\Program Files\dotnet\packs\Microsoft.NETCore.App.Ref\8.0.11\ref/net8.0/System.Net.Requests.dll
                 Private = 'false'
             C:\Program Files\dotnet\packs\Microsoft.NETCore.App.Ref\8.0.11\ref/net8.0/System.Net.Security.dll
                 Private = 'false'
             C:\Program Files\dotnet\packs\Microsoft.NETCore.App.Ref\8.0.11\ref/net8.0/System.Net.ServicePoint.dll
                 Private = 'false'
             C:\Program Files\dotnet\packs\Microsoft.NETCore.App.Ref\8.0.11\ref/net8.0/System.Net.Sockets.dll
                 Private = 'false'
             C:\Program Files\dotnet\packs\Microsoft.NETCore.App.Ref\8.0.11\ref/net8.0/System.Net.WebClient.dll
                 Private = 'false'
             C:\Program Files\dotnet\packs\Microsoft.NETCore.App.Ref\8.0.11\ref/net8.0/System.Net.WebHeaderCollection.dll
                 Private = 'false'
             C:\Program Files\dotnet\packs\Microsoft.NETCore.App.Ref\8.0.11\ref/net8.0/System.Net.WebProxy.dll
                 Private = 'false'
             C:\Program Files\dotnet\packs\Microsoft.NETCore.App.Ref\8.0.11\ref/net8.0/System.Net.WebSockets.Client.dll
                 Private = 'false'
             C:\Program Files\dotnet\packs\Microsoft.NETCore.App.Ref\8.0.11\ref/net8.0/System.Net.WebSockets.dll
                 Private = 'false'
             C:\Program Files\dotnet\packs\Microsoft.NETCore.App.Ref\8.0.11\ref/net8.0/System.Net.dll
                 Private = 'false'
             C:\Program Files\dotnet\packs\Microsoft.NETCore.App.Ref\8.0.11\ref/net8.0/System.Numerics.Vectors.dll
                 Private = 'false'
             C:\Program Files\dotnet\packs\Microsoft.NETCore.App.Ref\8.0.11\ref/net8.0/System.Numerics.dll
                 Private = 'false'
             C:\Program Files\dotnet\packs\Microsoft.NETCore.App.Ref\8.0.11\ref/net8.0/System.ObjectModel.dll
                 Private = 'false'
             C:\Program Files\dotnet\packs\Microsoft.NETCore.App.Ref\8.0.11\ref/net8.0/System.Reflection.DispatchProxy.dll
                 Private = 'false'
             C:\Program Files\dotnet\packs\Microsoft.NETCore.App.Ref\8.0.11\ref/net8.0/System.Reflection.Emit.ILGeneration.dll
                 Private = 'false'
             C:\Program Files\dotnet\packs\Microsoft.NETCore.App.Ref\8.0.11\ref/net8.0/System.Reflection.Emit.Lightweight.dll
                 Private = 'false'
             C:\Program Files\dotnet\packs\Microsoft.NETCore.App.Ref\8.0.11\ref/net8.0/System.Reflection.Emit.dll
                 Private = 'false'
             C:\Program Files\dotnet\packs\Microsoft.NETCore.App.Ref\8.0.11\ref/net8.0/System.Reflection.Extensions.dll
                 Private = 'false'
             C:\Program Files\dotnet\packs\Microsoft.NETCore.App.Ref\8.0.11\ref/net8.0/System.Reflection.Metadata.dll
                 Private = 'false'
             C:\Program Files\dotnet\packs\Microsoft.NETCore.App.Ref\8.0.11\ref/net8.0/System.Reflection.Primitives.dll
                 Private = 'false'
             C:\Program Files\dotnet\packs\Microsoft.NETCore.App.Ref\8.0.11\ref/net8.0/System.Reflection.TypeExtensions.dll
                 Private = 'false'
             C:\Program Files\dotnet\packs\Microsoft.NETCore.App.Ref\8.0.11\ref/net8.0/System.Reflection.dll
                 Private = 'false'
             C:\Program Files\dotnet\packs\Microsoft.NETCore.App.Ref\8.0.11\ref/net8.0/System.Resources.Reader.dll
                 Private = 'false'
             C:\Program Files\dotnet\packs\Microsoft.NETCore.App.Ref\8.0.11\ref/net8.0/System.Resources.ResourceManager.dll
                 Private = 'false'
             C:\Program Files\dotnet\packs\Microsoft.NETCore.App.Ref\8.0.11\ref/net8.0/System.Resources.Writer.dll
                 Private = 'false'
             C:\Program Files\dotnet\packs\Microsoft.NETCore.App.Ref\8.0.11\ref/net8.0/System.Runtime.CompilerServices.Unsafe.dll
                 Private = 'false'
             C:\Program Files\dotnet\packs\Microsoft.NETCore.App.Ref\8.0.11\ref/net8.0/System.Runtime.CompilerServices.VisualC.dll
                 Private = 'false'
             C:\Program Files\dotnet\packs\Microsoft.NETCore.App.Ref\8.0.11\ref/net8.0/System.Runtime.Extensions.dll
                 Private = 'false'
             C:\Program Files\dotnet\packs\Microsoft.NETCore.App.Ref\8.0.11\ref/net8.0/System.Runtime.Handles.dll
                 Private = 'false'
             C:\Program Files\dotnet\packs\Microsoft.NETCore.App.Ref\8.0.11\ref/net8.0/System.Runtime.InteropServices.JavaScript.dll
                 Private = 'false'
             C:\Program Files\dotnet\packs\Microsoft.NETCore.App.Ref\8.0.11\ref/net8.0/System.Runtime.InteropServices.RuntimeInformation.dll
                 Private = 'false'
             C:\Program Files\dotnet\packs\Microsoft.NETCore.App.Ref\8.0.11\ref/net8.0/System.Runtime.InteropServices.dll
                 Private = 'false'
             C:\Program Files\dotnet\packs\Microsoft.NETCore.App.Ref\8.0.11\ref/net8.0/System.Runtime.Intrinsics.dll
                 Private = 'false'
             C:\Program Files\dotnet\packs\Microsoft.NETCore.App.Ref\8.0.11\ref/net8.0/System.Runtime.Loader.dll
                 Private = 'false'
             C:\Program Files\dotnet\packs\Microsoft.NETCore.App.Ref\8.0.11\ref/net8.0/System.Runtime.Numerics.dll
                 Private = 'false'
             C:\Program Files\dotnet\packs\Microsoft.NETCore.App.Ref\8.0.11\ref/net8.0/System.Runtime.Serialization.Formatters.dll
                 Private = 'false'
             C:\Program Files\dotnet\packs\Microsoft.NETCore.App.Ref\8.0.11\ref/net8.0/System.Runtime.Serialization.Json.dll
                 Private = 'false'
             C:\Program Files\dotnet\packs\Microsoft.NETCore.App.Ref\8.0.11\ref/net8.0/System.Runtime.Serialization.Primitives.dll
                 Private = 'false'
             C:\Program Files\dotnet\packs\Microsoft.NETCore.App.Ref\8.0.11\ref/net8.0/System.Runtime.Serialization.Xml.dll
                 Private = 'false'
             C:\Program Files\dotnet\packs\Microsoft.NETCore.App.Ref\8.0.11\ref/net8.0/System.Runtime.Serialization.dll
                 Private = 'false'
             C:\Program Files\dotnet\packs\Microsoft.NETCore.App.Ref\8.0.11\ref/net8.0/System.Runtime.dll
                 Private = 'false'
             C:\Program Files\dotnet\packs\Microsoft.NETCore.App.Ref\8.0.11\ref/net8.0/System.Security.AccessControl.dll
                 Private = 'false'
             C:\Program Files\dotnet\packs\Microsoft.NETCore.App.Ref\8.0.11\ref/net8.0/System.Security.Claims.dll
                 Private = 'false'
             C:\Program Files\dotnet\packs\Microsoft.NETCore.App.Ref\8.0.11\ref/net8.0/System.Security.Cryptography.Algorithms.dll
                 Private = 'false'
             C:\Program Files\dotnet\packs\Microsoft.NETCore.App.Ref\8.0.11\ref/net8.0/System.Security.Cryptography.Cng.dll
                 Private = 'false'
             C:\Program Files\dotnet\packs\Microsoft.NETCore.App.Ref\8.0.11\ref/net8.0/System.Security.Cryptography.Csp.dll
                 Private = 'false'
             C:\Program Files\dotnet\packs\Microsoft.NETCore.App.Ref\8.0.11\ref/net8.0/System.Security.Cryptography.Encoding.dll
                 Private = 'false'
             C:\Program Files\dotnet\packs\Microsoft.NETCore.App.Ref\8.0.11\ref/net8.0/System.Security.Cryptography.OpenSsl.dll
                 Private = 'false'
             C:\Program Files\dotnet\packs\Microsoft.NETCore.App.Ref\8.0.11\ref/net8.0/System.Security.Cryptography.Primitives.dll
                 Private = 'false'
             C:\Program Files\dotnet\packs\Microsoft.NETCore.App.Ref\8.0.11\ref/net8.0/System.Security.Cryptography.X509Certificates.dll
                 Private = 'false'
             C:\Program Files\dotnet\packs\Microsoft.NETCore.App.Ref\8.0.11\ref/net8.0/System.Security.Cryptography.dll
                 Private = 'false'
             C:\Program Files\dotnet\packs\Microsoft.NETCore.App.Ref\8.0.11\ref/net8.0/System.Security.Principal.Windows.dll
                 Private = 'false'
             C:\Program Files\dotnet\packs\Microsoft.NETCore.App.Ref\8.0.11\ref/net8.0/System.Security.Principal.dll
                 Private = 'false'
             C:\Program Files\dotnet\packs\Microsoft.NETCore.App.Ref\8.0.11\ref/net8.0/System.Security.SecureString.dll
                 Private = 'false'
             C:\Program Files\dotnet\packs\Microsoft.NETCore.App.Ref\8.0.11\ref/net8.0/System.Security.dll
                 Private = 'false'
             C:\Program Files\dotnet\packs\Microsoft.NETCore.App.Ref\8.0.11\ref/net8.0/System.ServiceModel.Web.dll
                 Private = 'false'
             C:\Program Files\dotnet\packs\Microsoft.NETCore.App.Ref\8.0.11\ref/net8.0/System.ServiceProcess.dll
                 Private = 'false'
             C:\Program Files\dotnet\packs\Microsoft.NETCore.App.Ref\8.0.11\ref/net8.0/System.Text.Encoding.CodePages.dll
                 Private = 'false'
             C:\Program Files\dotnet\packs\Microsoft.NETCore.App.Ref\8.0.11\ref/net8.0/System.Text.Encoding.Extensions.dll
                 Private = 'false'
             C:\Program Files\dotnet\packs\Microsoft.NETCore.App.Ref\8.0.11\ref/net8.0/System.Text.Encoding.dll
                 Private = 'false'
             C:\Program Files\dotnet\packs\Microsoft.NETCore.App.Ref\8.0.11\ref/net8.0/System.Text.Encodings.Web.dll
                 Private = 'false'
             C:\Program Files\dotnet\packs\Microsoft.NETCore.App.Ref\8.0.11\ref/net8.0/System.Text.Json.dll
                 Private = 'false'
             C:\Program Files\dotnet\packs\Microsoft.NETCore.App.Ref\8.0.11\ref/net8.0/System.Text.RegularExpressions.dll
                 Private = 'false'
             C:\Program Files\dotnet\packs\Microsoft.NETCore.App.Ref\8.0.11\ref/net8.0/System.Threading.Channels.dll
                 Private = 'false'
             C:\Program Files\dotnet\packs\Microsoft.NETCore.App.Ref\8.0.11\ref/net8.0/System.Threading.Overlapped.dll
                 Private = 'false'
             C:\Program Files\dotnet\packs\Microsoft.NETCore.App.Ref\8.0.11\ref/net8.0/System.Threading.Tasks.Dataflow.dll
                 Private = 'false'
             C:\Program Files\dotnet\packs\Microsoft.NETCore.App.Ref\8.0.11\ref/net8.0/System.Threading.Tasks.Extensions.dll
                 Private = 'false'
             C:\Program Files\dotnet\packs\Microsoft.NETCore.App.Ref\8.0.11\ref/net8.0/System.Threading.Tasks.Parallel.dll
                 Private = 'false'
             C:\Program Files\dotnet\packs\Microsoft.NETCore.App.Ref\8.0.11\ref/net8.0/System.Threading.Tasks.dll
                 Private = 'false'
             C:\Program Files\dotnet\packs\Microsoft.NETCore.App.Ref\8.0.11\ref/net8.0/System.Threading.Thread.dll
                 Private = 'false'
             C:\Program Files\dotnet\packs\Microsoft.NETCore.App.Ref\8.0.11\ref/net8.0/System.Threading.ThreadPool.dll
                 Private = 'false'
             C:\Program Files\dotnet\packs\Microsoft.NETCore.App.Ref\8.0.11\ref/net8.0/System.Threading.Timer.dll
                 Private = 'false'
             C:\Program Files\dotnet\packs\Microsoft.NETCore.App.Ref\8.0.11\ref/net8.0/System.Threading.dll
                 Private = 'false'
             C:\Program Files\dotnet\packs\Microsoft.NETCore.App.Ref\8.0.11\ref/net8.0/System.Transactions.Local.dll
                 Private = 'false'
             C:\Program Files\dotnet\packs\Microsoft.NETCore.App.Ref\8.0.11\ref/net8.0/System.Transactions.dll
                 Private = 'false'
             C:\Program Files\dotnet\packs\Microsoft.NETCore.App.Ref\8.0.11\ref/net8.0/System.ValueTuple.dll
                 Private = 'false'
             C:\Program Files\dotnet\packs\Microsoft.NETCore.App.Ref\8.0.11\ref/net8.0/System.Web.HttpUtility.dll
                 Private = 'false'
             C:\Program Files\dotnet\packs\Microsoft.NETCore.App.Ref\8.0.11\ref/net8.0/System.Web.dll
                 Private = 'false'
             C:\Program Files\dotnet\packs\Microsoft.NETCore.App.Ref\8.0.11\ref/net8.0/System.Windows.dll
                 Private = 'false'
             C:\Program Files\dotnet\packs\Microsoft.NETCore.App.Ref\8.0.11\ref/net8.0/System.Xml.Linq.dll
                 Private = 'false'
             C:\Program Files\dotnet\packs\Microsoft.NETCore.App.Ref\8.0.11\ref/net8.0/System.Xml.ReaderWriter.dll
                 Private = 'false'
             C:\Program Files\dotnet\packs\Microsoft.NETCore.App.Ref\8.0.11\ref/net8.0/System.Xml.Serialization.dll
                 Private = 'false'
             C:\Program Files\dotnet\packs\Microsoft.NETCore.App.Ref\8.0.11\ref/net8.0/System.Xml.XDocument.dll
                 Private = 'false'
             C:\Program Files\dotnet\packs\Microsoft.NETCore.App.Ref\8.0.11\ref/net8.0/System.Xml.XPath.XDocument.dll
                 Private = 'false'
             C:\Program Files\dotnet\packs\Microsoft.NETCore.App.Ref\8.0.11\ref/net8.0/System.Xml.XPath.dll
                 Private = 'false'
             C:\Program Files\dotnet\packs\Microsoft.NETCore.App.Ref\8.0.11\ref/net8.0/System.Xml.XmlDocument.dll
                 Private = 'false'
             C:\Program Files\dotnet\packs\Microsoft.NETCore.App.Ref\8.0.11\ref/net8.0/System.Xml.XmlSerializer.dll
                 Private = 'false'
             C:\Program Files\dotnet\packs\Microsoft.NETCore.App.Ref\8.0.11\ref/net8.0/System.Xml.dll
                 Private = 'false'
             C:\Program Files\dotnet\packs\Microsoft.NETCore.App.Ref\8.0.11\ref/net8.0/System.dll
                 Private = 'false'
             C:\Program Files\dotnet\packs\Microsoft.NETCore.App.Ref\8.0.11\ref/net8.0/WindowsBase.dll
                 Private = 'false'
             C:\Program Files\dotnet\packs\Microsoft.NETCore.App.Ref\8.0.11\ref/net8.0/mscorlib.dll
                 Private = 'false'
             C:\Program Files\dotnet\packs\Microsoft.NETCore.App.Ref\8.0.11\ref/net8.0/netstandard.dll
                 Private = 'false'
             C:\Program Files\dotnet\packs\Microsoft.AspNetCore.App.Ref\8.0.11\ref\net8.0\Microsoft.AspNetCore.Antiforgery.dll
                 Private = 'false'
             C:\Program Files\dotnet\packs\Microsoft.AspNetCore.App.Ref\8.0.11\ref\net8.0\Microsoft.AspNetCore.Authentication.Abstractions.dll
                 Private = 'false'
             C:\Program Files\dotnet\packs\Microsoft.AspNetCore.App.Ref\8.0.11\ref\net8.0\Microsoft.AspNetCore.Authentication.BearerToken.dll
                 Private = 'false'
             C:\Program Files\dotnet\packs\Microsoft.AspNetCore.App.Ref\8.0.11\ref\net8.0\Microsoft.AspNetCore.Authentication.Cookies.dll
                 Private = 'false'
             C:\Program Files\dotnet\packs\Microsoft.AspNetCore.App.Ref\8.0.11\ref\net8.0\Microsoft.AspNetCore.Authentication.Core.dll
                 Private = 'false'
             C:\Program Files\dotnet\packs\Microsoft.AspNetCore.App.Ref\8.0.11\ref\net8.0\Microsoft.AspNetCore.Authentication.OAuth.dll
                 Private = 'false'
             C:\Program Files\dotnet\packs\Microsoft.AspNetCore.App.Ref\8.0.11\ref\net8.0\Microsoft.AspNetCore.Authentication.dll
                 Private = 'false'
             C:\Program Files\dotnet\packs\Microsoft.AspNetCore.App.Ref\8.0.11\ref\net8.0\Microsoft.AspNetCore.Authorization.Policy.dll
                 Private = 'false'
             C:\Program Files\dotnet\packs\Microsoft.AspNetCore.App.Ref\8.0.11\ref\net8.0\Microsoft.AspNetCore.Authorization.dll
                 Private = 'false'
             C:\Program Files\dotnet\packs\Microsoft.AspNetCore.App.Ref\8.0.11\ref\net8.0\Microsoft.AspNetCore.Components.Authorization.dll
                 Private = 'false'
             C:\Program Files\dotnet\packs\Microsoft.AspNetCore.App.Ref\8.0.11\ref\net8.0\Microsoft.AspNetCore.Components.Endpoints.dll
                 Private = 'false'
             C:\Program Files\dotnet\packs\Microsoft.AspNetCore.App.Ref\8.0.11\ref\net8.0\Microsoft.AspNetCore.Components.Forms.dll
                 Private = 'false'
             C:\Program Files\dotnet\packs\Microsoft.AspNetCore.App.Ref\8.0.11\ref\net8.0\Microsoft.AspNetCore.Components.Server.dll
                 Private = 'false'
             C:\Program Files\dotnet\packs\Microsoft.AspNetCore.App.Ref\8.0.11\ref\net8.0\Microsoft.AspNetCore.Components.Web.dll
                 Private = 'false'
             C:\Program Files\dotnet\packs\Microsoft.AspNetCore.App.Ref\8.0.11\ref\net8.0\Microsoft.AspNetCore.Components.dll
                 Private = 'false'
             C:\Program Files\dotnet\packs\Microsoft.AspNetCore.App.Ref\8.0.11\ref\net8.0\Microsoft.AspNetCore.Connections.Abstractions.dll
                 Private = 'false'
             C:\Program Files\dotnet\packs\Microsoft.AspNetCore.App.Ref\8.0.11\ref\net8.0\Microsoft.AspNetCore.CookiePolicy.dll
                 Private = 'false'
             C:\Program Files\dotnet\packs\Microsoft.AspNetCore.App.Ref\8.0.11\ref\net8.0\Microsoft.AspNetCore.Cors.dll
                 Private = 'false'
             C:\Program Files\dotnet\packs\Microsoft.AspNetCore.App.Ref\8.0.11\ref\net8.0\Microsoft.AspNetCore.Cryptography.Internal.dll
                 Private = 'false'
             C:\Program Files\dotnet\packs\Microsoft.AspNetCore.App.Ref\8.0.11\ref\net8.0\Microsoft.AspNetCore.Cryptography.KeyDerivation.dll
                 Private = 'false'
             C:\Program Files\dotnet\packs\Microsoft.AspNetCore.App.Ref\8.0.11\ref\net8.0\Microsoft.AspNetCore.DataProtection.Abstractions.dll
                 Private = 'false'
             C:\Program Files\dotnet\packs\Microsoft.AspNetCore.App.Ref\8.0.11\ref\net8.0\Microsoft.AspNetCore.DataProtection.Extensions.dll
                 Private = 'false'
             C:\Program Files\dotnet\packs\Microsoft.AspNetCore.App.Ref\8.0.11\ref\net8.0\Microsoft.AspNetCore.DataProtection.dll
                 Private = 'false'
             C:\Program Files\dotnet\packs\Microsoft.AspNetCore.App.Ref\8.0.11\ref\net8.0\Microsoft.AspNetCore.Diagnostics.Abstractions.dll
                 Private = 'false'
             C:\Program Files\dotnet\packs\Microsoft.AspNetCore.App.Ref\8.0.11\ref\net8.0\Microsoft.AspNetCore.Diagnostics.HealthChecks.dll
                 Private = 'false'
             C:\Program Files\dotnet\packs\Microsoft.AspNetCore.App.Ref\8.0.11\ref\net8.0\Microsoft.AspNetCore.Diagnostics.dll
                 Private = 'false'
             C:\Program Files\dotnet\packs\Microsoft.AspNetCore.App.Ref\8.0.11\ref\net8.0\Microsoft.AspNetCore.HostFiltering.dll
                 Private = 'false'
             C:\Program Files\dotnet\packs\Microsoft.AspNetCore.App.Ref\8.0.11\ref\net8.0\Microsoft.AspNetCore.Hosting.Abstractions.dll
                 Private = 'false'
             C:\Program Files\dotnet\packs\Microsoft.AspNetCore.App.Ref\8.0.11\ref\net8.0\Microsoft.AspNetCore.Hosting.Server.Abstractions.dll
                 Private = 'false'
             C:\Program Files\dotnet\packs\Microsoft.AspNetCore.App.Ref\8.0.11\ref\net8.0\Microsoft.AspNetCore.Hosting.dll
                 Private = 'false'
             C:\Program Files\dotnet\packs\Microsoft.AspNetCore.App.Ref\8.0.11\ref\net8.0\Microsoft.AspNetCore.Html.Abstractions.dll
                 Private = 'false'
             C:\Program Files\dotnet\packs\Microsoft.AspNetCore.App.Ref\8.0.11\ref\net8.0\Microsoft.AspNetCore.Http.Abstractions.dll
                 Private = 'false'
             C:\Program Files\dotnet\packs\Microsoft.AspNetCore.App.Ref\8.0.11\ref\net8.0\Microsoft.AspNetCore.Http.Connections.Common.dll
                 Private = 'false'
             C:\Program Files\dotnet\packs\Microsoft.AspNetCore.App.Ref\8.0.11\ref\net8.0\Microsoft.AspNetCore.Http.Connections.dll
                 Private = 'false'
             C:\Program Files\dotnet\packs\Microsoft.AspNetCore.App.Ref\8.0.11\ref\net8.0\Microsoft.AspNetCore.Http.Extensions.dll
                 Private = 'false'
             C:\Program Files\dotnet\packs\Microsoft.AspNetCore.App.Ref\8.0.11\ref\net8.0\Microsoft.AspNetCore.Http.Features.dll
                 Private = 'false'
             C:\Program Files\dotnet\packs\Microsoft.AspNetCore.App.Ref\8.0.11\ref\net8.0\Microsoft.AspNetCore.Http.Results.dll
                 Private = 'false'
             C:\Program Files\dotnet\packs\Microsoft.AspNetCore.App.Ref\8.0.11\ref\net8.0\Microsoft.AspNetCore.Http.dll
                 Private = 'false'
             C:\Program Files\dotnet\packs\Microsoft.AspNetCore.App.Ref\8.0.11\ref\net8.0\Microsoft.AspNetCore.HttpLogging.dll
                 Private = 'false'
             C:\Program Files\dotnet\packs\Microsoft.AspNetCore.App.Ref\8.0.11\ref\net8.0\Microsoft.AspNetCore.HttpOverrides.dll
                 Private = 'false'
             C:\Program Files\dotnet\packs\Microsoft.AspNetCore.App.Ref\8.0.11\ref\net8.0\Microsoft.AspNetCore.HttpsPolicy.dll
                 Private = 'false'
             C:\Program Files\dotnet\packs\Microsoft.AspNetCore.App.Ref\8.0.11\ref\net8.0\Microsoft.AspNetCore.Identity.dll
                 Private = 'false'
             C:\Program Files\dotnet\packs\Microsoft.AspNetCore.App.Ref\8.0.11\ref\net8.0\Microsoft.AspNetCore.Localization.Routing.dll
                 Private = 'false'
             C:\Program Files\dotnet\packs\Microsoft.AspNetCore.App.Ref\8.0.11\ref\net8.0\Microsoft.AspNetCore.Localization.dll
                 Private = 'false'
             C:\Program Files\dotnet\packs\Microsoft.AspNetCore.App.Ref\8.0.11\ref\net8.0\Microsoft.AspNetCore.Metadata.dll
                 Private = 'false'
             C:\Program Files\dotnet\packs\Microsoft.AspNetCore.App.Ref\8.0.11\ref\net8.0\Microsoft.AspNetCore.Mvc.Abstractions.dll
                 Private = 'false'
             C:\Program Files\dotnet\packs\Microsoft.AspNetCore.App.Ref\8.0.11\ref\net8.0\Microsoft.AspNetCore.Mvc.ApiExplorer.dll
                 Private = 'false'
             C:\Program Files\dotnet\packs\Microsoft.AspNetCore.App.Ref\8.0.11\ref\net8.0\Microsoft.AspNetCore.Mvc.Core.dll
                 Private = 'false'
             C:\Program Files\dotnet\packs\Microsoft.AspNetCore.App.Ref\8.0.11\ref\net8.0\Microsoft.AspNetCore.Mvc.Cors.dll
                 Private = 'false'
             C:\Program Files\dotnet\packs\Microsoft.AspNetCore.App.Ref\8.0.11\ref\net8.0\Microsoft.AspNetCore.Mvc.DataAnnotations.dll
                 Private = 'false'
             C:\Program Files\dotnet\packs\Microsoft.AspNetCore.App.Ref\8.0.11\ref\net8.0\Microsoft.AspNetCore.Mvc.Formatters.Json.dll
                 Private = 'false'
             C:\Program Files\dotnet\packs\Microsoft.AspNetCore.App.Ref\8.0.11\ref\net8.0\Microsoft.AspNetCore.Mvc.Formatters.Xml.dll
                 Private = 'false'
             C:\Program Files\dotnet\packs\Microsoft.AspNetCore.App.Ref\8.0.11\ref\net8.0\Microsoft.AspNetCore.Mvc.Localization.dll
                 Private = 'false'
             C:\Program Files\dotnet\packs\Microsoft.AspNetCore.App.Ref\8.0.11\ref\net8.0\Microsoft.AspNetCore.Mvc.Razor.dll
                 Private = 'false'
             C:\Program Files\dotnet\packs\Microsoft.AspNetCore.App.Ref\8.0.11\ref\net8.0\Microsoft.AspNetCore.Mvc.RazorPages.dll
                 Private = 'false'
             C:\Program Files\dotnet\packs\Microsoft.AspNetCore.App.Ref\8.0.11\ref\net8.0\Microsoft.AspNetCore.Mvc.TagHelpers.dll
                 Private = 'false'
             C:\Program Files\dotnet\packs\Microsoft.AspNetCore.App.Ref\8.0.11\ref\net8.0\Microsoft.AspNetCore.Mvc.ViewFeatures.dll
                 Private = 'false'
             C:\Program Files\dotnet\packs\Microsoft.AspNetCore.App.Ref\8.0.11\ref\net8.0\Microsoft.AspNetCore.Mvc.dll
                 Private = 'false'
             C:\Program Files\dotnet\packs\Microsoft.AspNetCore.App.Ref\8.0.11\ref\net8.0\Microsoft.AspNetCore.OutputCaching.dll
                 Private = 'false'
             C:\Program Files\dotnet\packs\Microsoft.AspNetCore.App.Ref\8.0.11\ref\net8.0\Microsoft.AspNetCore.RateLimiting.dll
                 Private = 'false'
             C:\Program Files\dotnet\packs\Microsoft.AspNetCore.App.Ref\8.0.11\ref\net8.0\Microsoft.AspNetCore.Razor.Runtime.dll
                 Private = 'false'
             C:\Program Files\dotnet\packs\Microsoft.AspNetCore.App.Ref\8.0.11\ref\net8.0\Microsoft.AspNetCore.Razor.dll
                 Private = 'false'
             C:\Program Files\dotnet\packs\Microsoft.AspNetCore.App.Ref\8.0.11\ref\net8.0\Microsoft.AspNetCore.RequestDecompression.dll
                 Private = 'false'
             C:\Program Files\dotnet\packs\Microsoft.AspNetCore.App.Ref\8.0.11\ref\net8.0\Microsoft.AspNetCore.ResponseCaching.Abstractions.dll
                 Private = 'false'
             C:\Program Files\dotnet\packs\Microsoft.AspNetCore.App.Ref\8.0.11\ref\net8.0\Microsoft.AspNetCore.ResponseCaching.dll
                 Private = 'false'
             C:\Program Files\dotnet\packs\Microsoft.AspNetCore.App.Ref\8.0.11\ref\net8.0\Microsoft.AspNetCore.ResponseCompression.dll
                 Private = 'false'
             C:\Program Files\dotnet\packs\Microsoft.AspNetCore.App.Ref\8.0.11\ref\net8.0\Microsoft.AspNetCore.Rewrite.dll
                 Private = 'false'
             C:\Program Files\dotnet\packs\Microsoft.AspNetCore.App.Ref\8.0.11\ref\net8.0\Microsoft.AspNetCore.Routing.Abstractions.dll
                 Private = 'false'
             C:\Program Files\dotnet\packs\Microsoft.AspNetCore.App.Ref\8.0.11\ref\net8.0\Microsoft.AspNetCore.Routing.dll
                 Private = 'false'
             C:\Program Files\dotnet\packs\Microsoft.AspNetCore.App.Ref\8.0.11\ref\net8.0\Microsoft.AspNetCore.Server.HttpSys.dll
                 Private = 'false'
             C:\Program Files\dotnet\packs\Microsoft.AspNetCore.App.Ref\8.0.11\ref\net8.0\Microsoft.AspNetCore.Server.IIS.dll
                 Private = 'false'
             C:\Program Files\dotnet\packs\Microsoft.AspNetCore.App.Ref\8.0.11\ref\net8.0\Microsoft.AspNetCore.Server.IISIntegration.dll
                 Private = 'false'
             C:\Program Files\dotnet\packs\Microsoft.AspNetCore.App.Ref\8.0.11\ref\net8.0\Microsoft.AspNetCore.Server.Kestrel.Core.dll
                 Private = 'false'
             C:\Program Files\dotnet\packs\Microsoft.AspNetCore.App.Ref\8.0.11\ref\net8.0\Microsoft.AspNetCore.Server.Kestrel.Transport.NamedPipes.dll
                 Private = 'false'
             C:\Program Files\dotnet\packs\Microsoft.AspNetCore.App.Ref\8.0.11\ref\net8.0\Microsoft.AspNetCore.Server.Kestrel.Transport.Quic.dll
                 Private = 'false'
             C:\Program Files\dotnet\packs\Microsoft.AspNetCore.App.Ref\8.0.11\ref\net8.0\Microsoft.AspNetCore.Server.Kestrel.Transport.Sockets.dll
                 Private = 'false'
             C:\Program Files\dotnet\packs\Microsoft.AspNetCore.App.Ref\8.0.11\ref\net8.0\Microsoft.AspNetCore.Server.Kestrel.dll
                 Private = 'false'
             C:\Program Files\dotnet\packs\Microsoft.AspNetCore.App.Ref\8.0.11\ref\net8.0\Microsoft.AspNetCore.Session.dll
                 Private = 'false'
             C:\Program Files\dotnet\packs\Microsoft.AspNetCore.App.Ref\8.0.11\ref\net8.0\Microsoft.AspNetCore.SignalR.Common.dll
                 Private = 'false'
             C:\Program Files\dotnet\packs\Microsoft.AspNetCore.App.Ref\8.0.11\ref\net8.0\Microsoft.AspNetCore.SignalR.Core.dll
                 Private = 'false'
             C:\Program Files\dotnet\packs\Microsoft.AspNetCore.App.Ref\8.0.11\ref\net8.0\Microsoft.AspNetCore.SignalR.Protocols.Json.dll
                 Private = 'false'
             C:\Program Files\dotnet\packs\Microsoft.AspNetCore.App.Ref\8.0.11\ref\net8.0\Microsoft.AspNetCore.SignalR.dll
                 Private = 'false'
             C:\Program Files\dotnet\packs\Microsoft.AspNetCore.App.Ref\8.0.11\ref\net8.0\Microsoft.AspNetCore.StaticFiles.dll
                 Private = 'false'
             C:\Program Files\dotnet\packs\Microsoft.AspNetCore.App.Ref\8.0.11\ref\net8.0\Microsoft.AspNetCore.WebSockets.dll
                 Private = 'false'
             C:\Program Files\dotnet\packs\Microsoft.AspNetCore.App.Ref\8.0.11\ref\net8.0\Microsoft.AspNetCore.WebUtilities.dll
                 Private = 'false'
             C:\Program Files\dotnet\packs\Microsoft.AspNetCore.App.Ref\8.0.11\ref\net8.0\Microsoft.AspNetCore.dll
                 Private = 'false'
             C:\Program Files\dotnet\packs\Microsoft.AspNetCore.App.Ref\8.0.11\ref\net8.0\Microsoft.Extensions.Caching.Abstractions.dll
                 Private = 'false'
             C:\Program Files\dotnet\packs\Microsoft.AspNetCore.App.Ref\8.0.11\ref\net8.0\Microsoft.Extensions.Caching.Memory.dll
                 Private = 'false'
             C:\Program Files\dotnet\packs\Microsoft.AspNetCore.App.Ref\8.0.11\ref\net8.0\Microsoft.Extensions.Configuration.Abstractions.dll
                 Private = 'false'
             C:\Program Files\dotnet\packs\Microsoft.AspNetCore.App.Ref\8.0.11\ref\net8.0\Microsoft.Extensions.Configuration.Binder.dll
                 Private = 'false'
             C:\Program Files\dotnet\packs\Microsoft.AspNetCore.App.Ref\8.0.11\ref\net8.0\Microsoft.Extensions.Configuration.CommandLine.dll
                 Private = 'false'
             C:\Program Files\dotnet\packs\Microsoft.AspNetCore.App.Ref\8.0.11\ref\net8.0\Microsoft.Extensions.Configuration.EnvironmentVariables.dll
                 Private = 'false'
             C:\Program Files\dotnet\packs\Microsoft.AspNetCore.App.Ref\8.0.11\ref\net8.0\Microsoft.Extensions.Configuration.FileExtensions.dll
                 Private = 'false'
             C:\Program Files\dotnet\packs\Microsoft.AspNetCore.App.Ref\8.0.11\ref\net8.0\Microsoft.Extensions.Configuration.Ini.dll
                 Private = 'false'
             C:\Program Files\dotnet\packs\Microsoft.AspNetCore.App.Ref\8.0.11\ref\net8.0\Microsoft.Extensions.Configuration.Json.dll
                 Private = 'false'
             C:\Program Files\dotnet\packs\Microsoft.AspNetCore.App.Ref\8.0.11\ref\net8.0\Microsoft.Extensions.Configuration.KeyPerFile.dll
                 Private = 'false'
             C:\Program Files\dotnet\packs\Microsoft.AspNetCore.App.Ref\8.0.11\ref\net8.0\Microsoft.Extensions.Configuration.UserSecrets.dll
                 Private = 'false'
             C:\Program Files\dotnet\packs\Microsoft.AspNetCore.App.Ref\8.0.11\ref\net8.0\Microsoft.Extensions.Configuration.Xml.dll
                 Private = 'false'
             C:\Program Files\dotnet\packs\Microsoft.AspNetCore.App.Ref\8.0.11\ref\net8.0\Microsoft.Extensions.Configuration.dll
                 Private = 'false'
             C:\Program Files\dotnet\packs\Microsoft.AspNetCore.App.Ref\8.0.11\ref\net8.0\Microsoft.Extensions.DependencyInjection.Abstractions.dll
                 Private = 'false'
             C:\Program Files\dotnet\packs\Microsoft.AspNetCore.App.Ref\8.0.11\ref\net8.0\Microsoft.Extensions.DependencyInjection.dll
                 Private = 'false'
             C:\Program Files\dotnet\packs\Microsoft.AspNetCore.App.Ref\8.0.11\ref\net8.0\Microsoft.Extensions.Diagnostics.Abstractions.dll
                 Private = 'false'
             C:\Program Files\dotnet\packs\Microsoft.AspNetCore.App.Ref\8.0.11\ref\net8.0\Microsoft.Extensions.Diagnostics.HealthChecks.Abstractions.dll
                 Private = 'false'
             C:\Program Files\dotnet\packs\Microsoft.AspNetCore.App.Ref\8.0.11\ref\net8.0\Microsoft.Extensions.Diagnostics.HealthChecks.dll
                 Private = 'false'
             C:\Program Files\dotnet\packs\Microsoft.AspNetCore.App.Ref\8.0.11\ref\net8.0\Microsoft.Extensions.Diagnostics.dll
                 Private = 'false'
             C:\Program Files\dotnet\packs\Microsoft.AspNetCore.App.Ref\8.0.11\ref\net8.0\Microsoft.Extensions.Features.dll
                 Private = 'false'
             C:\Program Files\dotnet\packs\Microsoft.AspNetCore.App.Ref\8.0.11\ref\net8.0\Microsoft.Extensions.FileProviders.Abstractions.dll
                 Private = 'false'
             C:\Program Files\dotnet\packs\Microsoft.AspNetCore.App.Ref\8.0.11\ref\net8.0\Microsoft.Extensions.FileProviders.Composite.dll
                 Private = 'false'
             C:\Program Files\dotnet\packs\Microsoft.AspNetCore.App.Ref\8.0.11\ref\net8.0\Microsoft.Extensions.FileProviders.Embedded.dll
                 Private = 'false'
             C:\Program Files\dotnet\packs\Microsoft.AspNetCore.App.Ref\8.0.11\ref\net8.0\Microsoft.Extensions.FileProviders.Physical.dll
                 Private = 'false'
             C:\Program Files\dotnet\packs\Microsoft.AspNetCore.App.Ref\8.0.11\ref\net8.0\Microsoft.Extensions.FileSystemGlobbing.dll
                 Private = 'false'
             C:\Program Files\dotnet\packs\Microsoft.AspNetCore.App.Ref\8.0.11\ref\net8.0\Microsoft.Extensions.Hosting.Abstractions.dll
                 Private = 'false'
             C:\Program Files\dotnet\packs\Microsoft.AspNetCore.App.Ref\8.0.11\ref\net8.0\Microsoft.Extensions.Hosting.dll
                 Private = 'false'
             C:\Program Files\dotnet\packs\Microsoft.AspNetCore.App.Ref\8.0.11\ref\net8.0\Microsoft.Extensions.Http.dll
                 Private = 'false'
             C:\Program Files\dotnet\packs\Microsoft.AspNetCore.App.Ref\8.0.11\ref\net8.0\Microsoft.Extensions.Identity.Core.dll
                 Private = 'false'
             C:\Program Files\dotnet\packs\Microsoft.AspNetCore.App.Ref\8.0.11\ref\net8.0\Microsoft.Extensions.Identity.Stores.dll
                 Private = 'false'
             C:\Program Files\dotnet\packs\Microsoft.AspNetCore.App.Ref\8.0.11\ref\net8.0\Microsoft.Extensions.Localization.Abstractions.dll
                 Private = 'false'
             C:\Program Files\dotnet\packs\Microsoft.AspNetCore.App.Ref\8.0.11\ref\net8.0\Microsoft.Extensions.Localization.dll
                 Private = 'false'
             C:\Program Files\dotnet\packs\Microsoft.AspNetCore.App.Ref\8.0.11\ref\net8.0\Microsoft.Extensions.Logging.Abstractions.dll
                 Private = 'false'
             C:\Program Files\dotnet\packs\Microsoft.AspNetCore.App.Ref\8.0.11\ref\net8.0\Microsoft.Extensions.Logging.Configuration.dll
                 Private = 'false'
             C:\Program Files\dotnet\packs\Microsoft.AspNetCore.App.Ref\8.0.11\ref\net8.0\Microsoft.Extensions.Logging.Console.dll
                 Private = 'false'
             C:\Program Files\dotnet\packs\Microsoft.AspNetCore.App.Ref\8.0.11\ref\net8.0\Microsoft.Extensions.Logging.Debug.dll
                 Private = 'false'
             C:\Program Files\dotnet\packs\Microsoft.AspNetCore.App.Ref\8.0.11\ref\net8.0\Microsoft.Extensions.Logging.EventLog.dll
                 Private = 'false'
             C:\Program Files\dotnet\packs\Microsoft.AspNetCore.App.Ref\8.0.11\ref\net8.0\Microsoft.Extensions.Logging.EventSource.dll
                 Private = 'false'
             C:\Program Files\dotnet\packs\Microsoft.AspNetCore.App.Ref\8.0.11\ref\net8.0\Microsoft.Extensions.Logging.TraceSource.dll
                 Private = 'false'
             C:\Program Files\dotnet\packs\Microsoft.AspNetCore.App.Ref\8.0.11\ref\net8.0\Microsoft.Extensions.Logging.dll
                 Private = 'false'
             C:\Program Files\dotnet\packs\Microsoft.AspNetCore.App.Ref\8.0.11\ref\net8.0\Microsoft.Extensions.ObjectPool.dll
                 Private = 'false'
             C:\Program Files\dotnet\packs\Microsoft.AspNetCore.App.Ref\8.0.11\ref\net8.0\Microsoft.Extensions.Options.ConfigurationExtensions.dll
                 Private = 'false'
             C:\Program Files\dotnet\packs\Microsoft.AspNetCore.App.Ref\8.0.11\ref\net8.0\Microsoft.Extensions.Options.DataAnnotations.dll
                 Private = 'false'
             C:\Program Files\dotnet\packs\Microsoft.AspNetCore.App.Ref\8.0.11\ref\net8.0\Microsoft.Extensions.Options.dll
                 Private = 'false'
             C:\Program Files\dotnet\packs\Microsoft.AspNetCore.App.Ref\8.0.11\ref\net8.0\Microsoft.Extensions.Primitives.dll
                 Private = 'false'
             C:\Program Files\dotnet\packs\Microsoft.AspNetCore.App.Ref\8.0.11\ref\net8.0\Microsoft.Extensions.WebEncoders.dll
                 Private = 'false'
             C:\Program Files\dotnet\packs\Microsoft.AspNetCore.App.Ref\8.0.11\ref\net8.0\Microsoft.JSInterop.dll
                 Private = 'false'
             C:\Program Files\dotnet\packs\Microsoft.AspNetCore.App.Ref\8.0.11\ref\net8.0\Microsoft.Net.Http.Headers.dll
                 Private = 'false'
             C:\Program Files\dotnet\packs\Microsoft.AspNetCore.App.Ref\8.0.11\ref\net8.0\System.Diagnostics.EventLog.dll
                 Private = 'false'
             C:\Program Files\dotnet\packs\Microsoft.AspNetCore.App.Ref\8.0.11\ref\net8.0\System.IO.Pipelines.dll
                 Private = 'false'
             C:\Program Files\dotnet\packs\Microsoft.AspNetCore.App.Ref\8.0.11\ref\net8.0\System.Security.Cryptography.Xml.dll
                 Private = 'false'
             C:\Program Files\dotnet\packs\Microsoft.AspNetCore.App.Ref\8.0.11\ref\net8.0\System.Threading.RateLimiting.dll
                 Private = 'false'
         AssemblyFiles:
         CandidateAssemblyFiles:
         TargetFrameworkDirectories:
             
         InstalledAssemblyTables:
         IgnoreInstalledAssemblyTable:
             False
         SearchPaths:
             {CandidateAssemblyFiles}
             {HintPathFromItem}
             {TargetFrameworkDirectory}
             {RawFileName}
         AllowedAssemblyExtensions:
             .winmd
             .dll
             .exe
         AllowedRelatedFileExtensions:
             .pdb
             .xml
             .pri
             .dll.config
             .exe.config
         AppConfigFile:
             
         AutoUnify:
             True
         CopyLocalDependenciesWhenParentReferenceInGac:
             True
         FindDependencies:
             True
         TargetProcessorArchitecture:
             msil
         StateFile:
             obj\Debug\net8.0\StudentFormsApi.csproj.AssemblyReference.cache
         InstalledAssemblySubsetTables:
         IgnoreInstalledAssemblySubsetTable:
             False
         TargetFrameworkSubsets:
         FullTargetFrameworkSubsetNames:
             Full
         ProfileName:
             
         FullFrameworkFolders:
         LatestTargetFrameworkDirectories:
         ProfileTablesLocation:
         Primary reference "Azure.Core, Version=1.25.0.0, Culture=neutral, PublicKeyToken=92742159e12e44c8".
             Resolved file path is "C:\Users\alaga\.nuget\packages\azure.core\1.25.0\lib\net5.0\Azure.Core.dll".
             Reference found at search path location "{HintPathFromItem}".
             This reference is not "CopyLocal" because at least one source item had "Private" set to "false" and no source items had "Private" set to "true".
         Primary reference "Azure.Identity, Version=1.7.0.0, Culture=neutral, PublicKeyToken=92742159e12e44c8".
             Resolved file path is "C:\Users\alaga\.nuget\packages\azure.identity\1.7.0\lib\netstandard2.0\Azure.Identity.dll".
             Reference found at search path location "{HintPathFromItem}".
             This reference is not "CopyLocal" because at least one source item had "Private" set to "false" and no source items had "Private" set to "true".
         Primary reference "Microsoft.AspNetCore.Authentication.JwtBearer, Version=8.0.0.0, Culture=neutral, PublicKeyToken=adb9793829ddae60".
             Resolved file path is "C:\Users\alaga\.nuget\packages\microsoft.aspnetcore.authentication.jwtbearer\8.0.0\lib\net8.0\Microsoft.AspNetCore.Authentication.JwtBearer.dll".
             Reference found at search path location "{HintPathFromItem}".
             This reference is not "CopyLocal" because at least one source item had "Private" set to "false" and no source items had "Private" set to "true".
         Primary reference "Microsoft.AspNetCore.OpenApi, Version=8.0.11.0, Culture=neutral, PublicKeyToken=adb9793829ddae60".
             Resolved file path is "C:\Users\alaga\.nuget\packages\microsoft.aspnetcore.openapi\8.0.11\lib\net8.0\Microsoft.AspNetCore.OpenApi.dll".
             Reference found at search path location "{HintPathFromItem}".
             This reference is not "CopyLocal" because at least one source item had "Private" set to "false" and no source items had "Private" set to "true".
         Primary reference "Microsoft.Bcl.AsyncInterfaces, Version=6.0.0.0, Culture=neutral, PublicKeyToken=cc7b13ffcd2ddd51".
             Resolved file path is "C:\Users\alaga\.nuget\packages\microsoft.bcl.asyncinterfaces\6.0.0\lib\netstandard2.1\Microsoft.Bcl.AsyncInterfaces.dll".
             Reference found at search path location "{HintPathFromItem}".
             This reference is not "CopyLocal" because at least one source item had "Private" set to "false" and no source items had "Private" set to "true".
         Primary reference "Microsoft.Data.SqlClient, Version=5.0.0.0, Culture=neutral, PublicKeyToken=23ec7fc2d6eaa4a5".
             Resolved file path is "C:\Users\alaga\.nuget\packages\microsoft.data.sqlclient\5.1.1\ref\net6.0\Microsoft.Data.SqlClient.dll".
             Reference found at search path location "{HintPathFromItem}".
             This reference is not "CopyLocal" because at least one source item had "Private" set to "false" and no source items had "Private" set to "true".
         Primary reference "Microsoft.EntityFrameworkCore, Version=8.0.0.0, Culture=neutral, PublicKeyToken=adb9793829ddae60".
             Resolved file path is "C:\Users\alaga\.nuget\packages\microsoft.entityframeworkcore\8.0.0\lib\net8.0\Microsoft.EntityFrameworkCore.dll".
             Reference found at search path location "{HintPathFromItem}".
             This reference is not "CopyLocal" because at least one source item had "Private" set to "false" and no source items had "Private" set to "true".
         Primary reference "Microsoft.EntityFrameworkCore.Abstractions, Version=8.0.0.0, Culture=neutral, PublicKeyToken=adb9793829ddae60".
             Resolved file path is "C:\Users\alaga\.nuget\packages\microsoft.entityframeworkcore.abstractions\8.0.0\lib\net8.0\Microsoft.EntityFrameworkCore.Abstractions.dll".
             Reference found at search path location "{HintPathFromItem}".
             This reference is not "CopyLocal" because at least one source item had "Private" set to "false" and no source items had "Private" set to "true".
         Primary reference "Microsoft.EntityFrameworkCore.Relational, Version=8.0.0.0, Culture=neutral, PublicKeyToken=adb9793829ddae60".
             Resolved file path is "C:\Users\alaga\.nuget\packages\microsoft.entityframeworkcore.relational\8.0.0\lib\net8.0\Microsoft.EntityFrameworkCore.Relational.dll".
             Reference found at search path location "{HintPathFromItem}".
             This reference is not "CopyLocal" because at least one source item had "Private" set to "false" and no source items had "Private" set to "true".
         Primary reference "Microsoft.EntityFrameworkCore.SqlServer, Version=8.0.0.0, Culture=neutral, PublicKeyToken=adb9793829ddae60".
             Resolved file path is "C:\Users\alaga\.nuget\packages\microsoft.entityframeworkcore.sqlserver\8.0.0\lib\net8.0\Microsoft.EntityFrameworkCore.SqlServer.dll".
             Reference found at search path location "{HintPathFromItem}".
             This reference is not "CopyLocal" because at least one source item had "Private" set to "false" and no source items had "Private" set to "true".
         Primary reference "Microsoft.Identity.Client, Version=4.47.2.0, Culture=neutral, PublicKeyToken=0a613f4dd989e8ae".
             Resolved file path is "C:\Users\alaga\.nuget\packages\microsoft.identity.client\4.47.2\lib\netcoreapp2.1\Microsoft.Identity.Client.dll".
             Reference found at search path location "{HintPathFromItem}".
             This reference is not "CopyLocal" because at least one source item had "Private" set to "false" and no source items had "Private" set to "true".
         Primary reference "Microsoft.Identity.Client.Extensions.Msal, Version=2.19.3.0, Culture=neutral, PublicKeyToken=0a613f4dd989e8ae".
             Resolved file path is "C:\Users\alaga\.nuget\packages\microsoft.identity.client.extensions.msal\2.19.3\lib\netcoreapp2.1\Microsoft.Identity.Client.Extensions.Msal.dll".
             Reference found at search path location "{HintPathFromItem}".
             This reference is not "CopyLocal" because at least one source item had "Private" set to "false" and no source items had "Private" set to "true".
         Primary reference "Microsoft.IdentityModel.Abstractions, Version=7.0.3.0, Culture=neutral, PublicKeyToken=31bf3856ad364e35".
             Resolved file path is "C:\Users\alaga\.nuget\packages\microsoft.identitymodel.abstractions\7.0.3\lib\net8.0\Microsoft.IdentityModel.Abstractions.dll".
             Reference found at search path location "{HintPathFromItem}".
             This reference is not "CopyLocal" because at least one source item had "Private" set to "false" and no source items had "Private" set to "true".
         Primary reference "Microsoft.IdentityModel.JsonWebTokens, Version=7.0.3.0, Culture=neutral, PublicKeyToken=31bf3856ad364e35".
             Resolved file path is "C:\Users\alaga\.nuget\packages\microsoft.identitymodel.jsonwebtokens\7.0.3\lib\net8.0\Microsoft.IdentityModel.JsonWebTokens.dll".
             Reference found at search path location "{HintPathFromItem}".
             This reference is not "CopyLocal" because at least one source item had "Private" set to "false" and no source items had "Private" set to "true".
         Primary reference "Microsoft.IdentityModel.Logging, Version=7.0.3.0, Culture=neutral, PublicKeyToken=31bf3856ad364e35".
             Resolved file path is "C:\Users\alaga\.nuget\packages\microsoft.identitymodel.logging\7.0.3\lib\net8.0\Microsoft.IdentityModel.Logging.dll".
             Reference found at search path location "{HintPathFromItem}".
             This reference is not "CopyLocal" because at least one source item had "Private" set to "false" and no source items had "Private" set to "true".
         Primary reference "Microsoft.IdentityModel.Protocols, Version=7.0.3.0, Culture=neutral, PublicKeyToken=31bf3856ad364e35".
             Resolved file path is "C:\Users\alaga\.nuget\packages\microsoft.identitymodel.protocols\7.0.3\lib\net8.0\Microsoft.IdentityModel.Protocols.dll".
             Reference found at search path location "{HintPathFromItem}".
             This reference is not "CopyLocal" because at least one source item had "Private" set to "false" and no source items had "Private" set to "true".
         Primary reference "Microsoft.IdentityModel.Protocols.OpenIdConnect, Version=7.0.3.0, Culture=neutral, PublicKeyToken=31bf3856ad364e35".
             Resolved file path is "C:\Users\alaga\.nuget\packages\microsoft.identitymodel.protocols.openidconnect\7.0.3\lib\net8.0\Microsoft.IdentityModel.Protocols.OpenIdConnect.dll".
             Reference found at search path location "{HintPathFromItem}".
             This reference is not "CopyLocal" because at least one source item had "Private" set to "false" and no source items had "Private" set to "true".
         Primary reference "Microsoft.IdentityModel.Tokens, Version=7.0.3.0, Culture=neutral, PublicKeyToken=31bf3856ad364e35".
             Resolved file path is "C:\Users\alaga\.nuget\packages\microsoft.identitymodel.tokens\7.0.3\lib\net8.0\Microsoft.IdentityModel.Tokens.dll".
             Reference found at search path location "{HintPathFromItem}".
             This reference is not "CopyLocal" because at least one source item had "Private" set to "false" and no source items had "Private" set to "true".
         Primary reference "Microsoft.OpenApi, Version=1.6.14.0, Culture=neutral, PublicKeyToken=3f5743946376f042".
             Resolved file path is "C:\Users\alaga\.nuget\packages\microsoft.openapi\1.6.14\lib\netstandard2.0\Microsoft.OpenApi.dll".
             Reference found at search path location "{HintPathFromItem}".
             This reference is not "CopyLocal" because at least one source item had "Private" set to "false" and no source items had "Private" set to "true".
         Primary reference "Microsoft.SqlServer.Server, Version=1.0.0.0, Culture=neutral, PublicKeyToken=23ec7fc2d6eaa4a5".
             Resolved file path is "C:\Users\alaga\.nuget\packages\microsoft.sqlserver.server\1.0.0\lib\netstandard2.0\Microsoft.SqlServer.Server.dll".
             Reference found at search path location "{HintPathFromItem}".
             This reference is not "CopyLocal" because at least one source item had "Private" set to "false" and no source items had "Private" set to "true".
         Primary reference "Swashbuckle.AspNetCore.Swagger, Version=6.6.2.0, Culture=neutral, PublicKeyToken=62657d7474907593".
             Resolved file path is "C:\Users\alaga\.nuget\packages\swashbuckle.aspnetcore.swagger\6.6.2\lib\net8.0\Swashbuckle.AspNetCore.Swagger.dll".
             Reference found at search path location "{HintPathFromItem}".
             This reference is not "CopyLocal" because at least one source item had "Private" set to "false" and no source items had "Private" set to "true".
         Primary reference "Swashbuckle.AspNetCore.SwaggerGen, Version=6.6.2.0, Culture=neutral, PublicKeyToken=d84d99fb0135530a".
             Resolved file path is "C:\Users\alaga\.nuget\packages\swashbuckle.aspnetcore.swaggergen\6.6.2\lib\net8.0\Swashbuckle.AspNetCore.SwaggerGen.dll".
             Reference found at search path location "{HintPathFromItem}".
             This reference is not "CopyLocal" because at least one source item had "Private" set to "false" and no source items had "Private" set to "true".
         Primary reference "Swashbuckle.AspNetCore.SwaggerUI, Version=6.6.2.0, Culture=neutral, PublicKeyToken=4232c99127b3c254".
             Resolved file path is "C:\Users\alaga\.nuget\packages\swashbuckle.aspnetcore.swaggerui\6.6.2\lib\net8.0\Swashbuckle.AspNetCore.SwaggerUI.dll".
             Reference found at search path location "{HintPathFromItem}".
             This reference is not "CopyLocal" because at least one source item had "Private" set to "false" and no source items had "Private" set to "true".
         Primary reference "System.IdentityModel.Tokens.Jwt, Version=7.0.3.0, Culture=neutral, PublicKeyToken=31bf3856ad364e35".
             Resolved file path is "C:\Users\alaga\.nuget\packages\system.identitymodel.tokens.jwt\7.0.3\lib\net8.0\System.IdentityModel.Tokens.Jwt.dll".
             Reference found at search path location "{HintPathFromItem}".
             This reference is not "CopyLocal" because at least one source item had "Private" set to "false" and no source items had "Private" set to "true".
         Primary reference "System.Memory.Data, Version=1.0.2.0, Culture=neutral, PublicKeyToken=cc7b13ffcd2ddd51".
             Resolved file path is "C:\Users\alaga\.nuget\packages\system.memory.data\1.0.2\lib\netstandard2.0\System.Memory.Data.dll".
             Reference found at search path location "{HintPathFromItem}".
             This reference is not "CopyLocal" because at least one source item had "Private" set to "false" and no source items had "Private" set to "true".
         Primary reference "System.Security.Cryptography.ProtectedData, Version=6.0.0.0, Culture=neutral, PublicKeyToken=b03f5f7f11d50a3a".
             Resolved file path is "C:\Users\alaga\.nuget\packages\system.security.cryptography.protecteddata\6.0.0\lib\net6.0\System.Security.Cryptography.ProtectedData.dll".
             Reference found at search path location "{HintPathFromItem}".
             This reference is not "CopyLocal" because at least one source item had "Private" set to "false" and no source items had "Private" set to "true".
         Primary reference "Microsoft.CSharp, Version=8.0.0.0, Culture=neutral, PublicKeyToken=b03f5f7f11d50a3a".
             Resolved file path is "C:\Program Files\dotnet\packs\Microsoft.NETCore.App.Ref\8.0.11\ref\net8.0\Microsoft.CSharp.dll".
             Reference found at search path location "{RawFileName}".
             This reference is not "CopyLocal" because at least one source item had "Private" set to "false" and no source items had "Private" set to "true".
         Primary reference "Microsoft.VisualBasic.Core, Version=13.0.0.0, Culture=neutral, PublicKeyToken=b03f5f7f11d50a3a".
             Resolved file path is "C:\Program Files\dotnet\packs\Microsoft.NETCore.App.Ref\8.0.11\ref\net8.0\Microsoft.VisualBasic.Core.dll".
             Reference found at search path location "{RawFileName}".
             This reference is not "CopyLocal" because at least one source item had "Private" set to "false" and no source items had "Private" set to "true".
         Primary reference "Microsoft.VisualBasic, Version=10.0.0.0, Culture=neutral, PublicKeyToken=b03f5f7f11d50a3a".
             Resolved file path is "C:\Program Files\dotnet\packs\Microsoft.NETCore.App.Ref\8.0.11\ref\net8.0\Microsoft.VisualBasic.dll".
             Reference found at search path location "{RawFileName}".
             This reference is not "CopyLocal" because at least one source item had "Private" set to "false" and no source items had "Private" set to "true".
         Primary reference "Microsoft.Win32.Primitives, Version=8.0.0.0, Culture=neutral, PublicKeyToken=b03f5f7f11d50a3a".
             Resolved file path is "C:\Program Files\dotnet\packs\Microsoft.NETCore.App.Ref\8.0.11\ref\net8.0\Microsoft.Win32.Primitives.dll".
             Reference found at search path location "{RawFileName}".
             This reference is not "CopyLocal" because at least one source item had "Private" set to "false" and no source items had "Private" set to "true".
         Primary reference "Microsoft.Win32.Registry, Version=8.0.0.0, Culture=neutral, PublicKeyToken=b03f5f7f11d50a3a".
             Resolved file path is "C:\Program Files\dotnet\packs\Microsoft.NETCore.App.Ref\8.0.11\ref\net8.0\Microsoft.Win32.Registry.dll".
             Reference found at search path location "{RawFileName}".
             This reference is not "CopyLocal" because at least one source item had "Private" set to "false" and no source items had "Private" set to "true".
         Primary reference "System.AppContext, Version=8.0.0.0, Culture=neutral, PublicKeyToken=b03f5f7f11d50a3a".
             Resolved file path is "C:\Program Files\dotnet\packs\Microsoft.NETCore.App.Ref\8.0.11\ref\net8.0\System.AppContext.dll".
             Reference found at search path location "{RawFileName}".
             This reference is not "CopyLocal" because at least one source item had "Private" set to "false" and no source items had "Private" set to "true".
         Primary reference "System.Buffers, Version=8.0.0.0, Culture=neutral, PublicKeyToken=cc7b13ffcd2ddd51".
             Resolved file path is "C:\Program Files\dotnet\packs\Microsoft.NETCore.App.Ref\8.0.11\ref\net8.0\System.Buffers.dll".
             Reference found at search path location "{RawFileName}".
             This reference is not "CopyLocal" because at least one source item had "Private" set to "false" and no source items had "Private" set to "true".
         Primary reference "System.Collections.Concurrent, Version=8.0.0.0, Culture=neutral, PublicKeyToken=b03f5f7f11d50a3a".
             Resolved file path is "C:\Program Files\dotnet\packs\Microsoft.NETCore.App.Ref\8.0.11\ref\net8.0\System.Collections.Concurrent.dll".
             Reference found at search path location "{RawFileName}".
             This reference is not "CopyLocal" because at least one source item had "Private" set to "false" and no source items had "Private" set to "true".
         Primary reference "System.Collections.Immutable, Version=8.0.0.0, Culture=neutral, PublicKeyToken=b03f5f7f11d50a3a".
             Resolved file path is "C:\Program Files\dotnet\packs\Microsoft.NETCore.App.Ref\8.0.11\ref\net8.0\System.Collections.Immutable.dll".
             Reference found at search path location "{RawFileName}".
             This reference is not "CopyLocal" because at least one source item had "Private" set to "false" and no source items had "Private" set to "true".
         Primary reference "System.Collections.NonGeneric, Version=8.0.0.0, Culture=neutral, PublicKeyToken=b03f5f7f11d50a3a".
             Resolved file path is "C:\Program Files\dotnet\packs\Microsoft.NETCore.App.Ref\8.0.11\ref\net8.0\System.Collections.NonGeneric.dll".
             Reference found at search path location "{RawFileName}".
             This reference is not "CopyLocal" because at least one source item had "Private" set to "false" and no source items had "Private" set to "true".
         Primary reference "System.Collections.Specialized, Version=8.0.0.0, Culture=neutral, PublicKeyToken=b03f5f7f11d50a3a".
             Resolved file path is "C:\Program Files\dotnet\packs\Microsoft.NETCore.App.Ref\8.0.11\ref\net8.0\System.Collections.Specialized.dll".
             Reference found at search path location "{RawFileName}".
             This reference is not "CopyLocal" because at least one source item had "Private" set to "false" and no source items had "Private" set to "true".
         Primary reference "System.Collections, Version=8.0.0.0, Culture=neutral, PublicKeyToken=b03f5f7f11d50a3a".
             Resolved file path is "C:\Program Files\dotnet\packs\Microsoft.NETCore.App.Ref\8.0.11\ref\net8.0\System.Collections.dll".
             Reference found at search path location "{RawFileName}".
             This reference is not "CopyLocal" because at least one source item had "Private" set to "false" and no source items had "Private" set to "true".
         Primary reference "System.ComponentModel.Annotations, Version=8.0.0.0, Culture=neutral, PublicKeyToken=b03f5f7f11d50a3a".
             Resolved file path is "C:\Program Files\dotnet\packs\Microsoft.NETCore.App.Ref\8.0.11\ref\net8.0\System.ComponentModel.Annotations.dll".
             Reference found at search path location "{RawFileName}".
             This reference is not "CopyLocal" because at least one source item had "Private" set to "false" and no source items had "Private" set to "true".
         Primary reference "System.ComponentModel.DataAnnotations, Version=4.0.0.0, Culture=neutral, PublicKeyToken=31bf3856ad364e35".
             Resolved file path is "C:\Program Files\dotnet\packs\Microsoft.NETCore.App.Ref\8.0.11\ref\net8.0\System.ComponentModel.DataAnnotations.dll".
             Reference found at search path location "{RawFileName}".
             This reference is not "CopyLocal" because at least one source item had "Private" set to "false" and no source items had "Private" set to "true".
         Primary reference "System.ComponentModel.EventBasedAsync, Version=8.0.0.0, Culture=neutral, PublicKeyToken=b03f5f7f11d50a3a".
             Resolved file path is "C:\Program Files\dotnet\packs\Microsoft.NETCore.App.Ref\8.0.11\ref\net8.0\System.ComponentModel.EventBasedAsync.dll".
             Reference found at search path location "{RawFileName}".
             This reference is not "CopyLocal" because at least one source item had "Private" set to "false" and no source items had "Private" set to "true".
         Primary reference "System.ComponentModel.Primitives, Version=8.0.0.0, Culture=neutral, PublicKeyToken=b03f5f7f11d50a3a".
             Resolved file path is "C:\Program Files\dotnet\packs\Microsoft.NETCore.App.Ref\8.0.11\ref\net8.0\System.ComponentModel.Primitives.dll".
             Reference found at search path location "{RawFileName}".
             This reference is not "CopyLocal" because at least one source item had "Private" set to "false" and no source items had "Private" set to "true".
         Primary reference "System.ComponentModel.TypeConverter, Version=8.0.0.0, Culture=neutral, PublicKeyToken=b03f5f7f11d50a3a".
             Resolved file path is "C:\Program Files\dotnet\packs\Microsoft.NETCore.App.Ref\8.0.11\ref\net8.0\System.ComponentModel.TypeConverter.dll".
             Reference found at search path location "{RawFileName}".
             This reference is not "CopyLocal" because at least one source item had "Private" set to "false" and no source items had "Private" set to "true".
         Primary reference "System.ComponentModel, Version=8.0.0.0, Culture=neutral, PublicKeyToken=b03f5f7f11d50a3a".
             Resolved file path is "C:\Program Files\dotnet\packs\Microsoft.NETCore.App.Ref\8.0.11\ref\net8.0\System.ComponentModel.dll".
             Reference found at search path location "{RawFileName}".
             This reference is not "CopyLocal" because at least one source item had "Private" set to "false" and no source items had "Private" set to "true".
         Primary reference "System.Configuration, Version=4.0.0.0, Culture=neutral, PublicKeyToken=b03f5f7f11d50a3a".
             Resolved file path is "C:\Program Files\dotnet\packs\Microsoft.NETCore.App.Ref\8.0.11\ref\net8.0\System.Configuration.dll".
             Reference found at search path location "{RawFileName}".
             This reference is not "CopyLocal" because at least one source item had "Private" set to "false" and no source items had "Private" set to "true".
         Primary reference "System.Console, Version=8.0.0.0, Culture=neutral, PublicKeyToken=b03f5f7f11d50a3a".
             Resolved file path is "C:\Program Files\dotnet\packs\Microsoft.NETCore.App.Ref\8.0.11\ref\net8.0\System.Console.dll".
             Reference found at search path location "{RawFileName}".
             This reference is not "CopyLocal" because at least one source item had "Private" set to "false" and no source items had "Private" set to "true".
         Primary reference "System.Core, Version=4.0.0.0, Culture=neutral, PublicKeyToken=b77a5c561934e089".
             Resolved file path is "C:\Program Files\dotnet\packs\Microsoft.NETCore.App.Ref\8.0.11\ref\net8.0\System.Core.dll".
             Reference found at search path location "{RawFileName}".
             This reference is not "CopyLocal" because at least one source item had "Private" set to "false" and no source items had "Private" set to "true".
         Primary reference "System.Data.Common, Version=8.0.0.0, Culture=neutral, PublicKeyToken=b03f5f7f11d50a3a".
             Resolved file path is "C:\Program Files\dotnet\packs\Microsoft.NETCore.App.Ref\8.0.11\ref\net8.0\System.Data.Common.dll".
             Reference found at search path location "{RawFileName}".
             This reference is not "CopyLocal" because at least one source item had "Private" set to "false" and no source items had "Private" set to "true".
         Primary reference "System.Data.DataSetExtensions, Version=8.0.0.0, Culture=neutral, PublicKeyToken=b77a5c561934e089".
             Resolved file path is "C:\Program Files\dotnet\packs\Microsoft.NETCore.App.Ref\8.0.11\ref\net8.0\System.Data.DataSetExtensions.dll".
             Reference found at search path location "{RawFileName}".
             This reference is not "CopyLocal" because at least one source item had "Private" set to "false" and no source items had "Private" set to "true".
         Primary reference "System.Data, Version=4.0.0.0, Culture=neutral, PublicKeyToken=b77a5c561934e089".
             Resolved file path is "C:\Program Files\dotnet\packs\Microsoft.NETCore.App.Ref\8.0.11\ref\net8.0\System.Data.dll".
             Reference found at search path location "{RawFileName}".
             This reference is not "CopyLocal" because at least one source item had "Private" set to "false" and no source items had "Private" set to "true".
         Primary reference "System.Diagnostics.Contracts, Version=8.0.0.0, Culture=neutral, PublicKeyToken=b03f5f7f11d50a3a".
             Resolved file path is "C:\Program Files\dotnet\packs\Microsoft.NETCore.App.Ref\8.0.11\ref\net8.0\System.Diagnostics.Contracts.dll".
             Reference found at search path location "{RawFileName}".
             This reference is not "CopyLocal" because at least one source item had "Private" set to "false" and no source items had "Private" set to "true".
         Primary reference "System.Diagnostics.Debug, Version=8.0.0.0, Culture=neutral, PublicKeyToken=b03f5f7f11d50a3a".
             Resolved file path is "C:\Program Files\dotnet\packs\Microsoft.NETCore.App.Ref\8.0.11\ref\net8.0\System.Diagnostics.Debug.dll".
             Reference found at search path location "{RawFileName}".
             This reference is not "CopyLocal" because at least one source item had "Private" set to "false" and no source items had "Private" set to "true".
         Primary reference "System.Diagnostics.DiagnosticSource, Version=8.0.0.0, Culture=neutral, PublicKeyToken=cc7b13ffcd2ddd51".
             Resolved file path is "C:\Program Files\dotnet\packs\Microsoft.NETCore.App.Ref\8.0.11\ref\net8.0\System.Diagnostics.DiagnosticSource.dll".
             Reference found at search path location "{RawFileName}".
             This reference is not "CopyLocal" because at least one source item had "Private" set to "false" and no source items had "Private" set to "true".
         Primary reference "System.Diagnostics.FileVersionInfo, Version=8.0.0.0, Culture=neutral, PublicKeyToken=b03f5f7f11d50a3a".
             Resolved file path is "C:\Program Files\dotnet\packs\Microsoft.NETCore.App.Ref\8.0.11\ref\net8.0\System.Diagnostics.FileVersionInfo.dll".
             Reference found at search path location "{RawFileName}".
             This reference is not "CopyLocal" because at least one source item had "Private" set to "false" and no source items had "Private" set to "true".
         Primary reference "System.Diagnostics.Process, Version=8.0.0.0, Culture=neutral, PublicKeyToken=b03f5f7f11d50a3a".
             Resolved file path is "C:\Program Files\dotnet\packs\Microsoft.NETCore.App.Ref\8.0.11\ref\net8.0\System.Diagnostics.Process.dll".
             Reference found at search path location "{RawFileName}".
             This reference is not "CopyLocal" because at least one source item had "Private" set to "false" and no source items had "Private" set to "true".
         Primary reference "System.Diagnostics.StackTrace, Version=8.0.0.0, Culture=neutral, PublicKeyToken=b03f5f7f11d50a3a".
             Resolved file path is "C:\Program Files\dotnet\packs\Microsoft.NETCore.App.Ref\8.0.11\ref\net8.0\System.Diagnostics.StackTrace.dll".
             Reference found at search path location "{RawFileName}".
             This reference is not "CopyLocal" because at least one source item had "Private" set to "false" and no source items had "Private" set to "true".
         Primary reference "System.Diagnostics.TextWriterTraceListener, Version=8.0.0.0, Culture=neutral, PublicKeyToken=b03f5f7f11d50a3a".
             Resolved file path is "C:\Program Files\dotnet\packs\Microsoft.NETCore.App.Ref\8.0.11\ref\net8.0\System.Diagnostics.TextWriterTraceListener.dll".
             Reference found at search path location "{RawFileName}".
             This reference is not "CopyLocal" because at least one source item had "Private" set to "false" and no source items had "Private" set to "true".
         Primary reference "System.Diagnostics.Tools, Version=8.0.0.0, Culture=neutral, PublicKeyToken=b03f5f7f11d50a3a".
             Resolved file path is "C:\Program Files\dotnet\packs\Microsoft.NETCore.App.Ref\8.0.11\ref\net8.0\System.Diagnostics.Tools.dll".
             Reference found at search path location "{RawFileName}".
             This reference is not "CopyLocal" because at least one source item had "Private" set to "false" and no source items had "Private" set to "true".
         Primary reference "System.Diagnostics.TraceSource, Version=8.0.0.0, Culture=neutral, PublicKeyToken=b03f5f7f11d50a3a".
             Resolved file path is "C:\Program Files\dotnet\packs\Microsoft.NETCore.App.Ref\8.0.11\ref\net8.0\System.Diagnostics.TraceSource.dll".
             Reference found at search path location "{RawFileName}".
             This reference is not "CopyLocal" because at least one source item had "Private" set to "false" and no source items had "Private" set to "true".
         Primary reference "System.Diagnostics.Tracing, Version=8.0.0.0, Culture=neutral, PublicKeyToken=b03f5f7f11d50a3a".
             Resolved file path is "C:\Program Files\dotnet\packs\Microsoft.NETCore.App.Ref\8.0.11\ref\net8.0\System.Diagnostics.Tracing.dll".
             Reference found at search path location "{RawFileName}".
             This reference is not "CopyLocal" because at least one source item had "Private" set to "false" and no source items had "Private" set to "true".
         Primary reference "System.Drawing.Primitives, Version=8.0.0.0, Culture=neutral, PublicKeyToken=b03f5f7f11d50a3a".
             Resolved file path is "C:\Program Files\dotnet\packs\Microsoft.NETCore.App.Ref\8.0.11\ref\net8.0\System.Drawing.Primitives.dll".
             Reference found at search path location "{RawFileName}".
             This reference is not "CopyLocal" because at least one source item had "Private" set to "false" and no source items had "Private" set to "true".
         Primary reference "System.Drawing, Version=4.0.0.0, Culture=neutral, PublicKeyToken=b03f5f7f11d50a3a".
             Resolved file path is "C:\Program Files\dotnet\packs\Microsoft.NETCore.App.Ref\8.0.11\ref\net8.0\System.Drawing.dll".
             Reference found at search path location "{RawFileName}".
             This reference is not "CopyLocal" because at least one source item had "Private" set to "false" and no source items had "Private" set to "true".
         Primary reference "System.Dynamic.Runtime, Version=8.0.0.0, Culture=neutral, PublicKeyToken=b03f5f7f11d50a3a".
             Resolved file path is "C:\Program Files\dotnet\packs\Microsoft.NETCore.App.Ref\8.0.11\ref\net8.0\System.Dynamic.Runtime.dll".
             Reference found at search path location "{RawFileName}".
             This reference is not "CopyLocal" because at least one source item had "Private" set to "false" and no source items had "Private" set to "true".
         Primary reference "System.Formats.Asn1, Version=8.0.0.0, Culture=neutral, PublicKeyToken=cc7b13ffcd2ddd51".
             Resolved file path is "C:\Program Files\dotnet\packs\Microsoft.NETCore.App.Ref\8.0.11\ref\net8.0\System.Formats.Asn1.dll".
             Reference found at search path location "{RawFileName}".
             This reference is not "CopyLocal" because at least one source item had "Private" set to "false" and no source items had "Private" set to "true".
         Primary reference "System.Formats.Tar, Version=8.0.0.0, Culture=neutral, PublicKeyToken=cc7b13ffcd2ddd51".
             Resolved file path is "C:\Program Files\dotnet\packs\Microsoft.NETCore.App.Ref\8.0.11\ref\net8.0\System.Formats.Tar.dll".
             Reference found at search path location "{RawFileName}".
             This reference is not "CopyLocal" because at least one source item had "Private" set to "false" and no source items had "Private" set to "true".
         Primary reference "System.Globalization.Calendars, Version=8.0.0.0, Culture=neutral, PublicKeyToken=b03f5f7f11d50a3a".
             Resolved file path is "C:\Program Files\dotnet\packs\Microsoft.NETCore.App.Ref\8.0.11\ref\net8.0\System.Globalization.Calendars.dll".
             Reference found at search path location "{RawFileName}".
             This reference is not "CopyLocal" because at least one source item had "Private" set to "false" and no source items had "Private" set to "true".
         Primary reference "System.Globalization.Extensions, Version=8.0.0.0, Culture=neutral, PublicKeyToken=b03f5f7f11d50a3a".
             Resolved file path is "C:\Program Files\dotnet\packs\Microsoft.NETCore.App.Ref\8.0.11\ref\net8.0\System.Globalization.Extensions.dll".
             Reference found at search path location "{RawFileName}".
             This reference is not "CopyLocal" because at least one source item had "Private" set to "false" and no source items had "Private" set to "true".
         Primary reference "System.Globalization, Version=8.0.0.0, Culture=neutral, PublicKeyToken=b03f5f7f11d50a3a".
             Resolved file path is "C:\Program Files\dotnet\packs\Microsoft.NETCore.App.Ref\8.0.11\ref\net8.0\System.Globalization.dll".
             Reference found at search path location "{RawFileName}".
             This reference is not "CopyLocal" because at least one source item had "Private" set to "false" and no source items had "Private" set to "true".
         Primary reference "System.IO.Compression.Brotli, Version=8.0.0.0, Culture=neutral, PublicKeyToken=b77a5c561934e089".
             Resolved file path is "C:\Program Files\dotnet\packs\Microsoft.NETCore.App.Ref\8.0.11\ref\net8.0\System.IO.Compression.Brotli.dll".
             Reference found at search path location "{RawFileName}".
             This reference is not "CopyLocal" because at least one source item had "Private" set to "false" and no source items had "Private" set to "true".
         Primary reference "System.IO.Compression.FileSystem, Version=4.0.0.0, Culture=neutral, PublicKeyToken=b77a5c561934e089".
             Resolved file path is "C:\Program Files\dotnet\packs\Microsoft.NETCore.App.Ref\8.0.11\ref\net8.0\System.IO.Compression.FileSystem.dll".
             Reference found at search path location "{RawFileName}".
             This reference is not "CopyLocal" because at least one source item had "Private" set to "false" and no source items had "Private" set to "true".
         Primary reference "System.IO.Compression.ZipFile, Version=8.0.0.0, Culture=neutral, PublicKeyToken=b77a5c561934e089".
             Resolved file path is "C:\Program Files\dotnet\packs\Microsoft.NETCore.App.Ref\8.0.11\ref\net8.0\System.IO.Compression.ZipFile.dll".
             Reference found at search path location "{RawFileName}".
             This reference is not "CopyLocal" because at least one source item had "Private" set to "false" and no source items had "Private" set to "true".
         Primary reference "System.IO.Compression, Version=8.0.0.0, Culture=neutral, PublicKeyToken=b77a5c561934e089".
             Resolved file path is "C:\Program Files\dotnet\packs\Microsoft.NETCore.App.Ref\8.0.11\ref\net8.0\System.IO.Compression.dll".
             Reference found at search path location "{RawFileName}".
             This reference is not "CopyLocal" because at least one source item had "Private" set to "false" and no source items had "Private" set to "true".
         Primary reference "System.IO.FileSystem.AccessControl, Version=8.0.0.0, Culture=neutral, PublicKeyToken=b03f5f7f11d50a3a".
             Resolved file path is "C:\Program Files\dotnet\packs\Microsoft.NETCore.App.Ref\8.0.11\ref\net8.0\System.IO.FileSystem.AccessControl.dll".
             Reference found at search path location "{RawFileName}".
             This reference is not "CopyLocal" because at least one source item had "Private" set to "false" and no source items had "Private" set to "true".
         Primary reference "System.IO.FileSystem.DriveInfo, Version=8.0.0.0, Culture=neutral, PublicKeyToken=b03f5f7f11d50a3a".
             Resolved file path is "C:\Program Files\dotnet\packs\Microsoft.NETCore.App.Ref\8.0.11\ref\net8.0\System.IO.FileSystem.DriveInfo.dll".
             Reference found at search path location "{RawFileName}".
             This reference is not "CopyLocal" because at least one source item had "Private" set to "false" and no source items had "Private" set to "true".
         Primary reference "System.IO.FileSystem.Primitives, Version=8.0.0.0, Culture=neutral, PublicKeyToken=b03f5f7f11d50a3a".
             Resolved file path is "C:\Program Files\dotnet\packs\Microsoft.NETCore.App.Ref\8.0.11\ref\net8.0\System.IO.FileSystem.Primitives.dll".
             Reference found at search path location "{RawFileName}".
             This reference is not "CopyLocal" because at least one source item had "Private" set to "false" and no source items had "Private" set to "true".
         Primary reference "System.IO.FileSystem.Watcher, Version=8.0.0.0, Culture=neutral, PublicKeyToken=b03f5f7f11d50a3a".
             Resolved file path is "C:\Program Files\dotnet\packs\Microsoft.NETCore.App.Ref\8.0.11\ref\net8.0\System.IO.FileSystem.Watcher.dll".
             Reference found at search path location "{RawFileName}".
             This reference is not "CopyLocal" because at least one source item had "Private" set to "false" and no source items had "Private" set to "true".
         Primary reference "System.IO.FileSystem, Version=8.0.0.0, Culture=neutral, PublicKeyToken=b03f5f7f11d50a3a".
             Resolved file path is "C:\Program Files\dotnet\packs\Microsoft.NETCore.App.Ref\8.0.11\ref\net8.0\System.IO.FileSystem.dll".
             Reference found at search path location "{RawFileName}".
             This reference is not "CopyLocal" because at least one source item had "Private" set to "false" and no source items had "Private" set to "true".
         Primary reference "System.IO.IsolatedStorage, Version=8.0.0.0, Culture=neutral, PublicKeyToken=b03f5f7f11d50a3a".
             Resolved file path is "C:\Program Files\dotnet\packs\Microsoft.NETCore.App.Ref\8.0.11\ref\net8.0\System.IO.IsolatedStorage.dll".
             Reference found at search path location "{RawFileName}".
             This reference is not "CopyLocal" because at least one source item had "Private" set to "false" and no source items had "Private" set to "true".
         Primary reference "System.IO.MemoryMappedFiles, Version=8.0.0.0, Culture=neutral, PublicKeyToken=b03f5f7f11d50a3a".
             Resolved file path is "C:\Program Files\dotnet\packs\Microsoft.NETCore.App.Ref\8.0.11\ref\net8.0\System.IO.MemoryMappedFiles.dll".
             Reference found at search path location "{RawFileName}".
             This reference is not "CopyLocal" because at least one source item had "Private" set to "false" and no source items had "Private" set to "true".
         Primary reference "System.IO.Pipes.AccessControl, Version=8.0.0.0, Culture=neutral, PublicKeyToken=b03f5f7f11d50a3a".
             Resolved file path is "C:\Program Files\dotnet\packs\Microsoft.NETCore.App.Ref\8.0.11\ref\net8.0\System.IO.Pipes.AccessControl.dll".
             Reference found at search path location "{RawFileName}".
             This reference is not "CopyLocal" because at least one source item had "Private" set to "false" and no source items had "Private" set to "true".
         Primary reference "System.IO.Pipes, Version=8.0.0.0, Culture=neutral, PublicKeyToken=b03f5f7f11d50a3a".
             Resolved file path is "C:\Program Files\dotnet\packs\Microsoft.NETCore.App.Ref\8.0.11\ref\net8.0\System.IO.Pipes.dll".
             Reference found at search path location "{RawFileName}".
             This reference is not "CopyLocal" because at least one source item had "Private" set to "false" and no source items had "Private" set to "true".
         Primary reference "System.IO.UnmanagedMemoryStream, Version=8.0.0.0, Culture=neutral, PublicKeyToken=b03f5f7f11d50a3a".
             Resolved file path is "C:\Program Files\dotnet\packs\Microsoft.NETCore.App.Ref\8.0.11\ref\net8.0\System.IO.UnmanagedMemoryStream.dll".
             Reference found at search path location "{RawFileName}".
             This reference is not "CopyLocal" because at least one source item had "Private" set to "false" and no source items had "Private" set to "true".
         Primary reference "System.IO, Version=8.0.0.0, Culture=neutral, PublicKeyToken=b03f5f7f11d50a3a".
             Resolved file path is "C:\Program Files\dotnet\packs\Microsoft.NETCore.App.Ref\8.0.11\ref\net8.0\System.IO.dll".
             Reference found at search path location "{RawFileName}".
             This reference is not "CopyLocal" because at least one source item had "Private" set to "false" and no source items had "Private" set to "true".
         Primary reference "System.Linq.Expressions, Version=8.0.0.0, Culture=neutral, PublicKeyToken=b03f5f7f11d50a3a".
             Resolved file path is "C:\Program Files\dotnet\packs\Microsoft.NETCore.App.Ref\8.0.11\ref\net8.0\System.Linq.Expressions.dll".
             Reference found at search path location "{RawFileName}".
             This reference is not "CopyLocal" because at least one source item had "Private" set to "false" and no source items had "Private" set to "true".
         Primary reference "System.Linq.Parallel, Version=8.0.0.0, Culture=neutral, PublicKeyToken=b03f5f7f11d50a3a".
             Resolved file path is "C:\Program Files\dotnet\packs\Microsoft.NETCore.App.Ref\8.0.11\ref\net8.0\System.Linq.Parallel.dll".
             Reference found at search path location "{RawFileName}".
             This reference is not "CopyLocal" because at least one source item had "Private" set to "false" and no source items had "Private" set to "true".
         Primary reference "System.Linq.Queryable, Version=8.0.0.0, Culture=neutral, PublicKeyToken=b03f5f7f11d50a3a".
             Resolved file path is "C:\Program Files\dotnet\packs\Microsoft.NETCore.App.Ref\8.0.11\ref\net8.0\System.Linq.Queryable.dll".
             Reference found at search path location "{RawFileName}".
             This reference is not "CopyLocal" because at least one source item had "Private" set to "false" and no source items had "Private" set to "true".
         Primary reference "System.Linq, Version=8.0.0.0, Culture=neutral, PublicKeyToken=b03f5f7f11d50a3a".
             Resolved file path is "C:\Program Files\dotnet\packs\Microsoft.NETCore.App.Ref\8.0.11\ref\net8.0\System.Linq.dll".
             Reference found at search path location "{RawFileName}".
             This reference is not "CopyLocal" because at least one source item had "Private" set to "false" and no source items had "Private" set to "true".
         Primary reference "System.Memory, Version=8.0.0.0, Culture=neutral, PublicKeyToken=cc7b13ffcd2ddd51".
             Resolved file path is "C:\Program Files\dotnet\packs\Microsoft.NETCore.App.Ref\8.0.11\ref\net8.0\System.Memory.dll".
             Reference found at search path location "{RawFileName}".
             This reference is not "CopyLocal" because at least one source item had "Private" set to "false" and no source items had "Private" set to "true".
         Primary reference "System.Net.Http.Json, Version=8.0.0.0, Culture=neutral, PublicKeyToken=cc7b13ffcd2ddd51".
             Resolved file path is "C:\Program Files\dotnet\packs\Microsoft.NETCore.App.Ref\8.0.11\ref\net8.0\System.Net.Http.Json.dll".
             Reference found at search path location "{RawFileName}".
             This reference is not "CopyLocal" because at least one source item had "Private" set to "false" and no source items had "Private" set to "true".
         Primary reference "System.Net.Http, Version=8.0.0.0, Culture=neutral, PublicKeyToken=b03f5f7f11d50a3a".
             Resolved file path is "C:\Program Files\dotnet\packs\Microsoft.NETCore.App.Ref\8.0.11\ref\net8.0\System.Net.Http.dll".
             Reference found at search path location "{RawFileName}".
             This reference is not "CopyLocal" because at least one source item had "Private" set to "false" and no source items had "Private" set to "true".
         Primary reference "System.Net.HttpListener, Version=8.0.0.0, Culture=neutral, PublicKeyToken=cc7b13ffcd2ddd51".
             Resolved file path is "C:\Program Files\dotnet\packs\Microsoft.NETCore.App.Ref\8.0.11\ref\net8.0\System.Net.HttpListener.dll".
             Reference found at search path location "{RawFileName}".
             This reference is not "CopyLocal" because at least one source item had "Private" set to "false" and no source items had "Private" set to "true".
         Primary reference "System.Net.Mail, Version=8.0.0.0, Culture=neutral, PublicKeyToken=cc7b13ffcd2ddd51".
             Resolved file path is "C:\Program Files\dotnet\packs\Microsoft.NETCore.App.Ref\8.0.11\ref\net8.0\System.Net.Mail.dll".
             Reference found at search path location "{RawFileName}".
             This reference is not "CopyLocal" because at least one source item had "Private" set to "false" and no source items had "Private" set to "true".
         Primary reference "System.Net.NameResolution, Version=8.0.0.0, Culture=neutral, PublicKeyToken=b03f5f7f11d50a3a".
             Resolved file path is "C:\Program Files\dotnet\packs\Microsoft.NETCore.App.Ref\8.0.11\ref\net8.0\System.Net.NameResolution.dll".
             Reference found at search path location "{RawFileName}".
             This reference is not "CopyLocal" because at least one source item had "Private" set to "false" and no source items had "Private" set to "true".
         Primary reference "System.Net.NetworkInformation, Version=8.0.0.0, Culture=neutral, PublicKeyToken=b03f5f7f11d50a3a".
             Resolved file path is "C:\Program Files\dotnet\packs\Microsoft.NETCore.App.Ref\8.0.11\ref\net8.0\System.Net.NetworkInformation.dll".
             Reference found at search path location "{RawFileName}".
             This reference is not "CopyLocal" because at least one source item had "Private" set to "false" and no source items had "Private" set to "true".
         Primary reference "System.Net.Ping, Version=8.0.0.0, Culture=neutral, PublicKeyToken=b03f5f7f11d50a3a".
             Resolved file path is "C:\Program Files\dotnet\packs\Microsoft.NETCore.App.Ref\8.0.11\ref\net8.0\System.Net.Ping.dll".
             Reference found at search path location "{RawFileName}".
             This reference is not "CopyLocal" because at least one source item had "Private" set to "false" and no source items had "Private" set to "true".
         Primary reference "System.Net.Primitives, Version=8.0.0.0, Culture=neutral, PublicKeyToken=b03f5f7f11d50a3a".
             Resolved file path is "C:\Program Files\dotnet\packs\Microsoft.NETCore.App.Ref\8.0.11\ref\net8.0\System.Net.Primitives.dll".
             Reference found at search path location "{RawFileName}".
             This reference is not "CopyLocal" because at least one source item had "Private" set to "false" and no source items had "Private" set to "true".
         Primary reference "System.Net.Quic, Version=8.0.0.0, Culture=neutral, PublicKeyToken=b03f5f7f11d50a3a".
             Resolved file path is "C:\Program Files\dotnet\packs\Microsoft.NETCore.App.Ref\8.0.11\ref\net8.0\System.Net.Quic.dll".
             Reference found at search path location "{RawFileName}".
             This reference is not "CopyLocal" because at least one source item had "Private" set to "false" and no source items had "Private" set to "true".
         Primary reference "System.Net.Requests, Version=8.0.0.0, Culture=neutral, PublicKeyToken=b03f5f7f11d50a3a".
             Resolved file path is "C:\Program Files\dotnet\packs\Microsoft.NETCore.App.Ref\8.0.11\ref\net8.0\System.Net.Requests.dll".
             Reference found at search path location "{RawFileName}".
             This reference is not "CopyLocal" because at least one source item had "Private" set to "false" and no source items had "Private" set to "true".
         Primary reference "System.Net.Security, Version=8.0.0.0, Culture=neutral, PublicKeyToken=b03f5f7f11d50a3a".
             Resolved file path is "C:\Program Files\dotnet\packs\Microsoft.NETCore.App.Ref\8.0.11\ref\net8.0\System.Net.Security.dll".
             Reference found at search path location "{RawFileName}".
             This reference is not "CopyLocal" because at least one source item had "Private" set to "false" and no source items had "Private" set to "true".
         Primary reference "System.Net.ServicePoint, Version=8.0.0.0, Culture=neutral, PublicKeyToken=cc7b13ffcd2ddd51".
             Resolved file path is "C:\Program Files\dotnet\packs\Microsoft.NETCore.App.Ref\8.0.11\ref\net8.0\System.Net.ServicePoint.dll".
             Reference found at search path location "{RawFileName}".
             This reference is not "CopyLocal" because at least one source item had "Private" set to "false" and no source items had "Private" set to "true".
         Primary reference "System.Net.Sockets, Version=8.0.0.0, Culture=neutral, PublicKeyToken=b03f5f7f11d50a3a".
             Resolved file path is "C:\Program Files\dotnet\packs\Microsoft.NETCore.App.Ref\8.0.11\ref\net8.0\System.Net.Sockets.dll".
             Reference found at search path location "{RawFileName}".
             This reference is not "CopyLocal" because at least one source item had "Private" set to "false" and no source items had "Private" set to "true".
         Primary reference "System.Net.WebClient, Version=8.0.0.0, Culture=neutral, PublicKeyToken=cc7b13ffcd2ddd51".
             Resolved file path is "C:\Program Files\dotnet\packs\Microsoft.NETCore.App.Ref\8.0.11\ref\net8.0\System.Net.WebClient.dll".
             Reference found at search path location "{RawFileName}".
             This reference is not "CopyLocal" because at least one source item had "Private" set to "false" and no source items had "Private" set to "true".
         Primary reference "System.Net.WebHeaderCollection, Version=8.0.0.0, Culture=neutral, PublicKeyToken=b03f5f7f11d50a3a".
             Resolved file path is "C:\Program Files\dotnet\packs\Microsoft.NETCore.App.Ref\8.0.11\ref\net8.0\System.Net.WebHeaderCollection.dll".
             Reference found at search path location "{RawFileName}".
             This reference is not "CopyLocal" because at least one source item had "Private" set to "false" and no source items had "Private" set to "true".
         Primary reference "System.Net.WebProxy, Version=8.0.0.0, Culture=neutral, PublicKeyToken=cc7b13ffcd2ddd51".
             Resolved file path is "C:\Program Files\dotnet\packs\Microsoft.NETCore.App.Ref\8.0.11\ref\net8.0\System.Net.WebProxy.dll".
             Reference found at search path location "{RawFileName}".
             This reference is not "CopyLocal" because at least one source item had "Private" set to "false" and no source items had "Private" set to "true".
         Primary reference "System.Net.WebSockets.Client, Version=8.0.0.0, Culture=neutral, PublicKeyToken=b03f5f7f11d50a3a".
             Resolved file path is "C:\Program Files\dotnet\packs\Microsoft.NETCore.App.Ref\8.0.11\ref\net8.0\System.Net.WebSockets.Client.dll".
             Reference found at search path location "{RawFileName}".
             This reference is not "CopyLocal" because at least one source item had "Private" set to "false" and no source items had "Private" set to "true".
         Primary reference "System.Net.WebSockets, Version=8.0.0.0, Culture=neutral, PublicKeyToken=b03f5f7f11d50a3a".
             Resolved file path is "C:\Program Files\dotnet\packs\Microsoft.NETCore.App.Ref\8.0.11\ref\net8.0\System.Net.WebSockets.dll".
             Reference found at search path location "{RawFileName}".
             This reference is not "CopyLocal" because at least one source item had "Private" set to "false" and no source items had "Private" set to "true".
         Primary reference "System.Net, Version=4.0.0.0, Culture=neutral, PublicKeyToken=b03f5f7f11d50a3a".
             Resolved file path is "C:\Program Files\dotnet\packs\Microsoft.NETCore.App.Ref\8.0.11\ref\net8.0\System.Net.dll".
             Reference found at search path location "{RawFileName}".
             This reference is not "CopyLocal" because at least one source item had "Private" set to "false" and no source items had "Private" set to "true".
         Primary reference "System.Numerics.Vectors, Version=8.0.0.0, Culture=neutral, PublicKeyToken=b03f5f7f11d50a3a".
             Resolved file path is "C:\Program Files\dotnet\packs\Microsoft.NETCore.App.Ref\8.0.11\ref\net8.0\System.Numerics.Vectors.dll".
             Reference found at search path location "{RawFileName}".
             This reference is not "CopyLocal" because at least one source item had "Private" set to "false" and no source items had "Private" set to "true".
         Primary reference "System.Numerics, Version=4.0.0.0, Culture=neutral, PublicKeyToken=b77a5c561934e089".
             Resolved file path is "C:\Program Files\dotnet\packs\Microsoft.NETCore.App.Ref\8.0.11\ref\net8.0\System.Numerics.dll".
             Reference found at search path location "{RawFileName}".
             This reference is not "CopyLocal" because at least one source item had "Private" set to "false" and no source items had "Private" set to "true".
         Primary reference "System.ObjectModel, Version=8.0.0.0, Culture=neutral, PublicKeyToken=b03f5f7f11d50a3a".
             Resolved file path is "C:\Program Files\dotnet\packs\Microsoft.NETCore.App.Ref\8.0.11\ref\net8.0\System.ObjectModel.dll".
             Reference found at search path location "{RawFileName}".
             This reference is not "CopyLocal" because at least one source item had "Private" set to "false" and no source items had "Private" set to "true".
         Primary reference "System.Reflection.DispatchProxy, Version=8.0.0.0, Culture=neutral, PublicKeyToken=b03f5f7f11d50a3a".
             Resolved file path is "C:\Program Files\dotnet\packs\Microsoft.NETCore.App.Ref\8.0.11\ref\net8.0\System.Reflection.DispatchProxy.dll".
             Reference found at search path location "{RawFileName}".
             This reference is not "CopyLocal" because at least one source item had "Private" set to "false" and no source items had "Private" set to "true".
         Primary reference "System.Reflection.Emit.ILGeneration, Version=8.0.0.0, Culture=neutral, PublicKeyToken=b03f5f7f11d50a3a".
             Resolved file path is "C:\Program Files\dotnet\packs\Microsoft.NETCore.App.Ref\8.0.11\ref\net8.0\System.Reflection.Emit.ILGeneration.dll".
             Reference found at search path location "{RawFileName}".
             This reference is not "CopyLocal" because at least one source item had "Private" set to "false" and no source items had "Private" set to "true".
         Primary reference "System.Reflection.Emit.Lightweight, Version=8.0.0.0, Culture=neutral, PublicKeyToken=b03f5f7f11d50a3a".
             Resolved file path is "C:\Program Files\dotnet\packs\Microsoft.NETCore.App.Ref\8.0.11\ref\net8.0\System.Reflection.Emit.Lightweight.dll".
             Reference found at search path location "{RawFileName}".
             This reference is not "CopyLocal" because at least one source item had "Private" set to "false" and no source items had "Private" set to "true".
         Primary reference "System.Reflection.Emit, Version=8.0.0.0, Culture=neutral, PublicKeyToken=b03f5f7f11d50a3a".
             Resolved file path is "C:\Program Files\dotnet\packs\Microsoft.NETCore.App.Ref\8.0.11\ref\net8.0\System.Reflection.Emit.dll".
             Reference found at search path location "{RawFileName}".
             This reference is not "CopyLocal" because at least one source item had "Private" set to "false" and no source items had "Private" set to "true".
         Primary reference "System.Reflection.Extensions, Version=8.0.0.0, Culture=neutral, PublicKeyToken=b03f5f7f11d50a3a".
             Resolved file path is "C:\Program Files\dotnet\packs\Microsoft.NETCore.App.Ref\8.0.11\ref\net8.0\System.Reflection.Extensions.dll".
             Reference found at search path location "{RawFileName}".
             This reference is not "CopyLocal" because at least one source item had "Private" set to "false" and no source items had "Private" set to "true".
         Primary reference "System.Reflection.Metadata, Version=8.0.0.0, Culture=neutral, PublicKeyToken=b03f5f7f11d50a3a".
             Resolved file path is "C:\Program Files\dotnet\packs\Microsoft.NETCore.App.Ref\8.0.11\ref\net8.0\System.Reflection.Metadata.dll".
             Reference found at search path location "{RawFileName}".
             This reference is not "CopyLocal" because at least one source item had "Private" set to "false" and no source items had "Private" set to "true".
         Primary reference "System.Reflection.Primitives, Version=8.0.0.0, Culture=neutral, PublicKeyToken=b03f5f7f11d50a3a".
             Resolved file path is "C:\Program Files\dotnet\packs\Microsoft.NETCore.App.Ref\8.0.11\ref\net8.0\System.Reflection.Primitives.dll".
             Reference found at search path location "{RawFileName}".
             This reference is not "CopyLocal" because at least one source item had "Private" set to "false" and no source items had "Private" set to "true".
         Primary reference "System.Reflection.TypeExtensions, Version=8.0.0.0, Culture=neutral, PublicKeyToken=b03f5f7f11d50a3a".
             Resolved file path is "C:\Program Files\dotnet\packs\Microsoft.NETCore.App.Ref\8.0.11\ref\net8.0\System.Reflection.TypeExtensions.dll".
             Reference found at search path location "{RawFileName}".
             This reference is not "CopyLocal" because at least one source item had "Private" set to "false" and no source items had "Private" set to "true".
         Primary reference "System.Reflection, Version=8.0.0.0, Culture=neutral, PublicKeyToken=b03f5f7f11d50a3a".
             Resolved file path is "C:\Program Files\dotnet\packs\Microsoft.NETCore.App.Ref\8.0.11\ref\net8.0\System.Reflection.dll".
             Reference found at search path location "{RawFileName}".
             This reference is not "CopyLocal" because at least one source item had "Private" set to "false" and no source items had "Private" set to "true".
         Primary reference "System.Resources.Reader, Version=8.0.0.0, Culture=neutral, PublicKeyToken=b03f5f7f11d50a3a".
             Resolved file path is "C:\Program Files\dotnet\packs\Microsoft.NETCore.App.Ref\8.0.11\ref\net8.0\System.Resources.Reader.dll".
             Reference found at search path location "{RawFileName}".
             This reference is not "CopyLocal" because at least one source item had "Private" set to "false" and no source items had "Private" set to "true".
         Primary reference "System.Resources.ResourceManager, Version=8.0.0.0, Culture=neutral, PublicKeyToken=b03f5f7f11d50a3a".
             Resolved file path is "C:\Program Files\dotnet\packs\Microsoft.NETCore.App.Ref\8.0.11\ref\net8.0\System.Resources.ResourceManager.dll".
             Reference found at search path location "{RawFileName}".
             This reference is not "CopyLocal" because at least one source item had "Private" set to "false" and no source items had "Private" set to "true".
         Primary reference "System.Resources.Writer, Version=8.0.0.0, Culture=neutral, PublicKeyToken=b03f5f7f11d50a3a".
             Resolved file path is "C:\Program Files\dotnet\packs\Microsoft.NETCore.App.Ref\8.0.11\ref\net8.0\System.Resources.Writer.dll".
             Reference found at search path location "{RawFileName}".
             This reference is not "CopyLocal" because at least one source item had "Private" set to "false" and no source items had "Private" set to "true".
         Primary reference "System.Runtime.CompilerServices.Unsafe, Version=8.0.0.0, Culture=neutral, PublicKeyToken=b03f5f7f11d50a3a".
             Resolved file path is "C:\Program Files\dotnet\packs\Microsoft.NETCore.App.Ref\8.0.11\ref\net8.0\System.Runtime.CompilerServices.Unsafe.dll".
             Reference found at search path location "{RawFileName}".
             This reference is not "CopyLocal" because at least one source item had "Private" set to "false" and no source items had "Private" set to "true".
         Primary reference "System.Runtime.CompilerServices.VisualC, Version=8.0.0.0, Culture=neutral, PublicKeyToken=b03f5f7f11d50a3a".
             Resolved file path is "C:\Program Files\dotnet\packs\Microsoft.NETCore.App.Ref\8.0.11\ref\net8.0\System.Runtime.CompilerServices.VisualC.dll".
             Reference found at search path location "{RawFileName}".
             This reference is not "CopyLocal" because at least one source item had "Private" set to "false" and no source items had "Private" set to "true".
         Primary reference "System.Runtime.Extensions, Version=8.0.0.0, Culture=neutral, PublicKeyToken=b03f5f7f11d50a3a".
             Resolved file path is "C:\Program Files\dotnet\packs\Microsoft.NETCore.App.Ref\8.0.11\ref\net8.0\System.Runtime.Extensions.dll".
             Reference found at search path location "{RawFileName}".
             This reference is not "CopyLocal" because at least one source item had "Private" set to "false" and no source items had "Private" set to "true".
         Primary reference "System.Runtime.Handles, Version=8.0.0.0, Culture=neutral, PublicKeyToken=b03f5f7f11d50a3a".
             Resolved file path is "C:\Program Files\dotnet\packs\Microsoft.NETCore.App.Ref\8.0.11\ref\net8.0\System.Runtime.Handles.dll".
             Reference found at search path location "{RawFileName}".
             This reference is not "CopyLocal" because at least one source item had "Private" set to "false" and no source items had "Private" set to "true".
         Primary reference "System.Runtime.InteropServices.JavaScript, Version=8.0.0.0, Culture=neutral, PublicKeyToken=b03f5f7f11d50a3a".
             Resolved file path is "C:\Program Files\dotnet\packs\Microsoft.NETCore.App.Ref\8.0.11\ref\net8.0\System.Runtime.InteropServices.JavaScript.dll".
             Reference found at search path location "{RawFileName}".
             This reference is not "CopyLocal" because at least one source item had "Private" set to "false" and no source items had "Private" set to "true".
         Primary reference "System.Runtime.InteropServices.RuntimeInformation, Version=8.0.0.0, Culture=neutral, PublicKeyToken=b03f5f7f11d50a3a".
             Resolved file path is "C:\Program Files\dotnet\packs\Microsoft.NETCore.App.Ref\8.0.11\ref\net8.0\System.Runtime.InteropServices.RuntimeInformation.dll".
             Reference found at search path location "{RawFileName}".
             This reference is not "CopyLocal" because at least one source item had "Private" set to "false" and no source items had "Private" set to "true".
         Primary reference "System.Runtime.InteropServices, Version=8.0.0.0, Culture=neutral, PublicKeyToken=b03f5f7f11d50a3a".
             Resolved file path is "C:\Program Files\dotnet\packs\Microsoft.NETCore.App.Ref\8.0.11\ref\net8.0\System.Runtime.InteropServices.dll".
             Reference found at search path location "{RawFileName}".
             This reference is not "CopyLocal" because at least one source item had "Private" set to "false" and no source items had "Private" set to "true".
         Primary reference "System.Runtime.Intrinsics, Version=8.0.0.0, Culture=neutral, PublicKeyToken=cc7b13ffcd2ddd51".
             Resolved file path is "C:\Program Files\dotnet\packs\Microsoft.NETCore.App.Ref\8.0.11\ref\net8.0\System.Runtime.Intrinsics.dll".
             Reference found at search path location "{RawFileName}".
             This reference is not "CopyLocal" because at least one source item had "Private" set to "false" and no source items had "Private" set to "true".
         Primary reference "System.Runtime.Loader, Version=8.0.0.0, Culture=neutral, PublicKeyToken=b03f5f7f11d50a3a".
             Resolved file path is "C:\Program Files\dotnet\packs\Microsoft.NETCore.App.Ref\8.0.11\ref\net8.0\System.Runtime.Loader.dll".
             Reference found at search path location "{RawFileName}".
             This reference is not "CopyLocal" because at least one source item had "Private" set to "false" and no source items had "Private" set to "true".
         Primary reference "System.Runtime.Numerics, Version=8.0.0.0, Culture=neutral, PublicKeyToken=b03f5f7f11d50a3a".
             Resolved file path is "C:\Program Files\dotnet\packs\Microsoft.NETCore.App.Ref\8.0.11\ref\net8.0\System.Runtime.Numerics.dll".
             Reference found at search path location "{RawFileName}".
             This reference is not "CopyLocal" because at least one source item had "Private" set to "false" and no source items had "Private" set to "true".
         Primary reference "System.Runtime.Serialization.Formatters, Version=8.0.0.0, Culture=neutral, PublicKeyToken=b03f5f7f11d50a3a".
             Resolved file path is "C:\Program Files\dotnet\packs\Microsoft.NETCore.App.Ref\8.0.11\ref\net8.0\System.Runtime.Serialization.Formatters.dll".
             Reference found at search path location "{RawFileName}".
             This reference is not "CopyLocal" because at least one source item had "Private" set to "false" and no source items had "Private" set to "true".
         Primary reference "System.Runtime.Serialization.Json, Version=8.0.0.0, Culture=neutral, PublicKeyToken=b03f5f7f11d50a3a".
             Resolved file path is "C:\Program Files\dotnet\packs\Microsoft.NETCore.App.Ref\8.0.11\ref\net8.0\System.Runtime.Serialization.Json.dll".
             Reference found at search path location "{RawFileName}".
             This reference is not "CopyLocal" because at least one source item had "Private" set to "false" and no source items had "Private" set to "true".
         Primary reference "System.Runtime.Serialization.Primitives, Version=8.0.0.0, Culture=neutral, PublicKeyToken=b03f5f7f11d50a3a".
             Resolved file path is "C:\Program Files\dotnet\packs\Microsoft.NETCore.App.Ref\8.0.11\ref\net8.0\System.Runtime.Serialization.Primitives.dll".
             Reference found at search path location "{RawFileName}".
             This reference is not "CopyLocal" because at least one source item had "Private" set to "false" and no source items had "Private" set to "true".
         Primary reference "System.Runtime.Serialization.Xml, Version=8.0.0.0, Culture=neutral, PublicKeyToken=b03f5f7f11d50a3a".
             Resolved file path is "C:\Program Files\dotnet\packs\Microsoft.NETCore.App.Ref\8.0.11\ref\net8.0\System.Runtime.Serialization.Xml.dll".
             Reference found at search path location "{RawFileName}".
             This reference is not "CopyLocal" because at least one source item had "Private" set to "false" and no source items had "Private" set to "true".
         Primary reference "System.Runtime.Serialization, Version=4.0.0.0, Culture=neutral, PublicKeyToken=b77a5c561934e089".
             Resolved file path is "C:\Program Files\dotnet\packs\Microsoft.NETCore.App.Ref\8.0.11\ref\net8.0\System.Runtime.Serialization.dll".
             Reference found at search path location "{RawFileName}".
             This reference is not "CopyLocal" because at least one source item had "Private" set to "false" and no source items had "Private" set to "true".
         Primary reference "System.Runtime, Version=8.0.0.0, Culture=neutral, PublicKeyToken=b03f5f7f11d50a3a".
             Resolved file path is "C:\Program Files\dotnet\packs\Microsoft.NETCore.App.Ref\8.0.11\ref\net8.0\System.Runtime.dll".
             Reference found at search path location "{RawFileName}".
             This reference is not "CopyLocal" because at least one source item had "Private" set to "false" and no source items had "Private" set to "true".
         Primary reference "System.Security.AccessControl, Version=8.0.0.0, Culture=neutral, PublicKeyToken=b03f5f7f11d50a3a".
             Resolved file path is "C:\Program Files\dotnet\packs\Microsoft.NETCore.App.Ref\8.0.11\ref\net8.0\System.Security.AccessControl.dll".
             Reference found at search path location "{RawFileName}".
             This reference is not "CopyLocal" because at least one source item had "Private" set to "false" and no source items had "Private" set to "true".
         Primary reference "System.Security.Claims, Version=8.0.0.0, Culture=neutral, PublicKeyToken=b03f5f7f11d50a3a".
             Resolved file path is "C:\Program Files\dotnet\packs\Microsoft.NETCore.App.Ref\8.0.11\ref\net8.0\System.Security.Claims.dll".
             Reference found at search path location "{RawFileName}".
             This reference is not "CopyLocal" because at least one source item had "Private" set to "false" and no source items had "Private" set to "true".
         Primary reference "System.Security.Cryptography.Algorithms, Version=8.0.0.0, Culture=neutral, PublicKeyToken=b03f5f7f11d50a3a".
             Resolved file path is "C:\Program Files\dotnet\packs\Microsoft.NETCore.App.Ref\8.0.11\ref\net8.0\System.Security.Cryptography.Algorithms.dll".
             Reference found at search path location "{RawFileName}".
             This reference is not "CopyLocal" because at least one source item had "Private" set to "false" and no source items had "Private" set to "true".
         Primary reference "System.Security.Cryptography.Cng, Version=8.0.0.0, Culture=neutral, PublicKeyToken=b03f5f7f11d50a3a".
             Resolved file path is "C:\Program Files\dotnet\packs\Microsoft.NETCore.App.Ref\8.0.11\ref\net8.0\System.Security.Cryptography.Cng.dll".
             Reference found at search path location "{RawFileName}".
             This reference is not "CopyLocal" because at least one source item had "Private" set to "false" and no source items had "Private" set to "true".
         Primary reference "System.Security.Cryptography.Csp, Version=8.0.0.0, Culture=neutral, PublicKeyToken=b03f5f7f11d50a3a".
             Resolved file path is "C:\Program Files\dotnet\packs\Microsoft.NETCore.App.Ref\8.0.11\ref\net8.0\System.Security.Cryptography.Csp.dll".
             Reference found at search path location "{RawFileName}".
             This reference is not "CopyLocal" because at least one source item had "Private" set to "false" and no source items had "Private" set to "true".
         Primary reference "System.Security.Cryptography.Encoding, Version=8.0.0.0, Culture=neutral, PublicKeyToken=b03f5f7f11d50a3a".
             Resolved file path is "C:\Program Files\dotnet\packs\Microsoft.NETCore.App.Ref\8.0.11\ref\net8.0\System.Security.Cryptography.Encoding.dll".
             Reference found at search path location "{RawFileName}".
             This reference is not "CopyLocal" because at least one source item had "Private" set to "false" and no source items had "Private" set to "true".
         Primary reference "System.Security.Cryptography.OpenSsl, Version=8.0.0.0, Culture=neutral, PublicKeyToken=b03f5f7f11d50a3a".
             Resolved file path is "C:\Program Files\dotnet\packs\Microsoft.NETCore.App.Ref\8.0.11\ref\net8.0\System.Security.Cryptography.OpenSsl.dll".
             Reference found at search path location "{RawFileName}".
             This reference is not "CopyLocal" because at least one source item had "Private" set to "false" and no source items had "Private" set to "true".
         Primary reference "System.Security.Cryptography.Primitives, Version=8.0.0.0, Culture=neutral, PublicKeyToken=b03f5f7f11d50a3a".
             Resolved file path is "C:\Program Files\dotnet\packs\Microsoft.NETCore.App.Ref\8.0.11\ref\net8.0\System.Security.Cryptography.Primitives.dll".
             Reference found at search path location "{RawFileName}".
             This reference is not "CopyLocal" because at least one source item had "Private" set to "false" and no source items had "Private" set to "true".
         Primary reference "System.Security.Cryptography.X509Certificates, Version=8.0.0.0, Culture=neutral, PublicKeyToken=b03f5f7f11d50a3a".
             Resolved file path is "C:\Program Files\dotnet\packs\Microsoft.NETCore.App.Ref\8.0.11\ref\net8.0\System.Security.Cryptography.X509Certificates.dll".
             Reference found at search path location "{RawFileName}".
             This reference is not "CopyLocal" because at least one source item had "Private" set to "false" and no source items had "Private" set to "true".
         Primary reference "System.Security.Cryptography, Version=8.0.0.0, Culture=neutral, PublicKeyToken=b03f5f7f11d50a3a".
             Resolved file path is "C:\Program Files\dotnet\packs\Microsoft.NETCore.App.Ref\8.0.11\ref\net8.0\System.Security.Cryptography.dll".
             Reference found at search path location "{RawFileName}".
             This reference is not "CopyLocal" because at least one source item had "Private" set to "false" and no source items had "Private" set to "true".
         Primary reference "System.Security.Principal.Windows, Version=8.0.0.0, Culture=neutral, PublicKeyToken=b03f5f7f11d50a3a".
             Resolved file path is "C:\Program Files\dotnet\packs\Microsoft.NETCore.App.Ref\8.0.11\ref\net8.0\System.Security.Principal.Windows.dll".
             Reference found at search path location "{RawFileName}".
             This reference is not "CopyLocal" because at least one source item had "Private" set to "false" and no source items had "Private" set to "true".
         Primary reference "System.Security.Principal, Version=8.0.0.0, Culture=neutral, PublicKeyToken=b03f5f7f11d50a3a".
             Resolved file path is "C:\Program Files\dotnet\packs\Microsoft.NETCore.App.Ref\8.0.11\ref\net8.0\System.Security.Principal.dll".
             Reference found at search path location "{RawFileName}".
             This reference is not "CopyLocal" because at least one source item had "Private" set to "false" and no source items had "Private" set to "true".
         Primary reference "System.Security.SecureString, Version=8.0.0.0, Culture=neutral, PublicKeyToken=b03f5f7f11d50a3a".
             Resolved file path is "C:\Program Files\dotnet\packs\Microsoft.NETCore.App.Ref\8.0.11\ref\net8.0\System.Security.SecureString.dll".
             Reference found at search path location "{RawFileName}".
             This reference is not "CopyLocal" because at least one source item had "Private" set to "false" and no source items had "Private" set to "true".
         Primary reference "System.Security, Version=4.0.0.0, Culture=neutral, PublicKeyToken=b03f5f7f11d50a3a".
             Resolved file path is "C:\Program Files\dotnet\packs\Microsoft.NETCore.App.Ref\8.0.11\ref\net8.0\System.Security.dll".
             Reference found at search path location "{RawFileName}".
             This reference is not "CopyLocal" because at least one source item had "Private" set to "false" and no source items had "Private" set to "true".
         Primary reference "System.ServiceModel.Web, Version=4.0.0.0, Culture=neutral, PublicKeyToken=31bf3856ad364e35".
             Resolved file path is "C:\Program Files\dotnet\packs\Microsoft.NETCore.App.Ref\8.0.11\ref\net8.0\System.ServiceModel.Web.dll".
             Reference found at search path location "{RawFileName}".
             This reference is not "CopyLocal" because at least one source item had "Private" set to "false" and no source items had "Private" set to "true".
         Primary reference "System.ServiceProcess, Version=4.0.0.0, Culture=neutral, PublicKeyToken=b03f5f7f11d50a3a".
             Resolved file path is "C:\Program Files\dotnet\packs\Microsoft.NETCore.App.Ref\8.0.11\ref\net8.0\System.ServiceProcess.dll".
             Reference found at search path location "{RawFileName}".
             This reference is not "CopyLocal" because at least one source item had "Private" set to "false" and no source items had "Private" set to "true".
         Primary reference "System.Text.Encoding.CodePages, Version=8.0.0.0, Culture=neutral, PublicKeyToken=b03f5f7f11d50a3a".
             Resolved file path is "C:\Program Files\dotnet\packs\Microsoft.NETCore.App.Ref\8.0.11\ref\net8.0\System.Text.Encoding.CodePages.dll".
             Reference found at search path location "{RawFileName}".
             This reference is not "CopyLocal" because at least one source item had "Private" set to "false" and no source items had "Private" set to "true".
         Primary reference "System.Text.Encoding.Extensions, Version=8.0.0.0, Culture=neutral, PublicKeyToken=b03f5f7f11d50a3a".
             Resolved file path is "C:\Program Files\dotnet\packs\Microsoft.NETCore.App.Ref\8.0.11\ref\net8.0\System.Text.Encoding.Extensions.dll".
             Reference found at search path location "{RawFileName}".
             This reference is not "CopyLocal" because at least one source item had "Private" set to "false" and no source items had "Private" set to "true".
         Primary reference "System.Text.Encoding, Version=8.0.0.0, Culture=neutral, PublicKeyToken=b03f5f7f11d50a3a".
             Resolved file path is "C:\Program Files\dotnet\packs\Microsoft.NETCore.App.Ref\8.0.11\ref\net8.0\System.Text.Encoding.dll".
             Reference found at search path location "{RawFileName}".
             This reference is not "CopyLocal" because at least one source item had "Private" set to "false" and no source items had "Private" set to "true".
         Primary reference "System.Text.Encodings.Web, Version=8.0.0.0, Culture=neutral, PublicKeyToken=cc7b13ffcd2ddd51".
             Resolved file path is "C:\Program Files\dotnet\packs\Microsoft.NETCore.App.Ref\8.0.11\ref\net8.0\System.Text.Encodings.Web.dll".
             Reference found at search path location "{RawFileName}".
             This reference is not "CopyLocal" because at least one source item had "Private" set to "false" and no source items had "Private" set to "true".
         Primary reference "System.Text.Json, Version=8.0.0.0, Culture=neutral, PublicKeyToken=cc7b13ffcd2ddd51".
             Resolved file path is "C:\Program Files\dotnet\packs\Microsoft.NETCore.App.Ref\8.0.11\ref\net8.0\System.Text.Json.dll".
             Reference found at search path location "{RawFileName}".
             This reference is not "CopyLocal" because at least one source item had "Private" set to "false" and no source items had "Private" set to "true".
         Primary reference "System.Text.RegularExpressions, Version=8.0.0.0, Culture=neutral, PublicKeyToken=b03f5f7f11d50a3a".
             Resolved file path is "C:\Program Files\dotnet\packs\Microsoft.NETCore.App.Ref\8.0.11\ref\net8.0\System.Text.RegularExpressions.dll".
             Reference found at search path location "{RawFileName}".
             This reference is not "CopyLocal" because at least one source item had "Private" set to "false" and no source items had "Private" set to "true".
         Primary reference "System.Threading.Channels, Version=8.0.0.0, Culture=neutral, PublicKeyToken=cc7b13ffcd2ddd51".
             Resolved file path is "C:\Program Files\dotnet\packs\Microsoft.NETCore.App.Ref\8.0.11\ref\net8.0\System.Threading.Channels.dll".
             Reference found at search path location "{RawFileName}".
             This reference is not "CopyLocal" because at least one source item had "Private" set to "false" and no source items had "Private" set to "true".
         Primary reference "System.Threading.Overlapped, Version=8.0.0.0, Culture=neutral, PublicKeyToken=b03f5f7f11d50a3a".
             Resolved file path is "C:\Program Files\dotnet\packs\Microsoft.NETCore.App.Ref\8.0.11\ref\net8.0\System.Threading.Overlapped.dll".
             Reference found at search path location "{RawFileName}".
             This reference is not "CopyLocal" because at least one source item had "Private" set to "false" and no source items had "Private" set to "true".
         Primary reference "System.Threading.Tasks.Dataflow, Version=8.0.0.0, Culture=neutral, PublicKeyToken=b03f5f7f11d50a3a".
             Resolved file path is "C:\Program Files\dotnet\packs\Microsoft.NETCore.App.Ref\8.0.11\ref\net8.0\System.Threading.Tasks.Dataflow.dll".
             Reference found at search path location "{RawFileName}".
             This reference is not "CopyLocal" because at least one source item had "Private" set to "false" and no source items had "Private" set to "true".
         Primary reference "System.Threading.Tasks.Extensions, Version=8.0.0.0, Culture=neutral, PublicKeyToken=cc7b13ffcd2ddd51".
             Resolved file path is "C:\Program Files\dotnet\packs\Microsoft.NETCore.App.Ref\8.0.11\ref\net8.0\System.Threading.Tasks.Extensions.dll".
             Reference found at search path location "{RawFileName}".
             This reference is not "CopyLocal" because at least one source item had "Private" set to "false" and no source items had "Private" set to "true".
         Primary reference "System.Threading.Tasks.Parallel, Version=8.0.0.0, Culture=neutral, PublicKeyToken=b03f5f7f11d50a3a".
             Resolved file path is "C:\Program Files\dotnet\packs\Microsoft.NETCore.App.Ref\8.0.11\ref\net8.0\System.Threading.Tasks.Parallel.dll".
             Reference found at search path location "{RawFileName}".
             This reference is not "CopyLocal" because at least one source item had "Private" set to "false" and no source items had "Private" set to "true".
         Primary reference "System.Threading.Tasks, Version=8.0.0.0, Culture=neutral, PublicKeyToken=b03f5f7f11d50a3a".
             Resolved file path is "C:\Program Files\dotnet\packs\Microsoft.NETCore.App.Ref\8.0.11\ref\net8.0\System.Threading.Tasks.dll".
             Reference found at search path location "{RawFileName}".
             This reference is not "CopyLocal" because at least one source item had "Private" set to "false" and no source items had "Private" set to "true".
         Primary reference "System.Threading.Thread, Version=8.0.0.0, Culture=neutral, PublicKeyToken=b03f5f7f11d50a3a".
             Resolved file path is "C:\Program Files\dotnet\packs\Microsoft.NETCore.App.Ref\8.0.11\ref\net8.0\System.Threading.Thread.dll".
             Reference found at search path location "{RawFileName}".
             This reference is not "CopyLocal" because at least one source item had "Private" set to "false" and no source items had "Private" set to "true".
         Primary reference "System.Threading.ThreadPool, Version=8.0.0.0, Culture=neutral, PublicKeyToken=b03f5f7f11d50a3a".
             Resolved file path is "C:\Program Files\dotnet\packs\Microsoft.NETCore.App.Ref\8.0.11\ref\net8.0\System.Threading.ThreadPool.dll".
             Reference found at search path location "{RawFileName}".
             This reference is not "CopyLocal" because at least one source item had "Private" set to "false" and no source items had "Private" set to "true".
         Primary reference "System.Threading.Timer, Version=8.0.0.0, Culture=neutral, PublicKeyToken=b03f5f7f11d50a3a".
             Resolved file path is "C:\Program Files\dotnet\packs\Microsoft.NETCore.App.Ref\8.0.11\ref\net8.0\System.Threading.Timer.dll".
             Reference found at search path location "{RawFileName}".
             This reference is not "CopyLocal" because at least one source item had "Private" set to "false" and no source items had "Private" set to "true".
         Primary reference "System.Threading, Version=8.0.0.0, Culture=neutral, PublicKeyToken=b03f5f7f11d50a3a".
             Resolved file path is "C:\Program Files\dotnet\packs\Microsoft.NETCore.App.Ref\8.0.11\ref\net8.0\System.Threading.dll".
             Reference found at search path location "{RawFileName}".
             This reference is not "CopyLocal" because at least one source item had "Private" set to "false" and no source items had "Private" set to "true".
         Primary reference "System.Transactions.Local, Version=8.0.0.0, Culture=neutral, PublicKeyToken=cc7b13ffcd2ddd51".
             Resolved file path is "C:\Program Files\dotnet\packs\Microsoft.NETCore.App.Ref\8.0.11\ref\net8.0\System.Transactions.Local.dll".
             Reference found at search path location "{RawFileName}".
             This reference is not "CopyLocal" because at least one source item had "Private" set to "false" and no source items had "Private" set to "true".
         Primary reference "System.Transactions, Version=4.0.0.0, Culture=neutral, PublicKeyToken=b77a5c561934e089".
             Resolved file path is "C:\Program Files\dotnet\packs\Microsoft.NETCore.App.Ref\8.0.11\ref\net8.0\System.Transactions.dll".
             Reference found at search path location "{RawFileName}".
             This reference is not "CopyLocal" because at least one source item had "Private" set to "false" and no source items had "Private" set to "true".
         Primary reference "System.ValueTuple, Version=8.0.0.0, Culture=neutral, PublicKeyToken=cc7b13ffcd2ddd51".
             Resolved file path is "C:\Program Files\dotnet\packs\Microsoft.NETCore.App.Ref\8.0.11\ref\net8.0\System.ValueTuple.dll".
             Reference found at search path location "{RawFileName}".
             This reference is not "CopyLocal" because at least one source item had "Private" set to "false" and no source items had "Private" set to "true".
         Primary reference "System.Web.HttpUtility, Version=8.0.0.0, Culture=neutral, PublicKeyToken=cc7b13ffcd2ddd51".
             Resolved file path is "C:\Program Files\dotnet\packs\Microsoft.NETCore.App.Ref\8.0.11\ref\net8.0\System.Web.HttpUtility.dll".
             Reference found at search path location "{RawFileName}".
             This reference is not "CopyLocal" because at least one source item had "Private" set to "false" and no source items had "Private" set to "true".
         Primary reference "System.Web, Version=4.0.0.0, Culture=neutral, PublicKeyToken=b03f5f7f11d50a3a".
             Resolved file path is "C:\Program Files\dotnet\packs\Microsoft.NETCore.App.Ref\8.0.11\ref\net8.0\System.Web.dll".
             Reference found at search path location "{RawFileName}".
             This reference is not "CopyLocal" because at least one source item had "Private" set to "false" and no source items had "Private" set to "true".
         Primary reference "System.Windows, Version=4.0.0.0, Culture=neutral, PublicKeyToken=b03f5f7f11d50a3a".
             Resolved file path is "C:\Program Files\dotnet\packs\Microsoft.NETCore.App.Ref\8.0.11\ref\net8.0\System.Windows.dll".
             Reference found at search path location "{RawFileName}".
             This reference is not "CopyLocal" because at least one source item had "Private" set to "false" and no source items had "Private" set to "true".
         Primary reference "System.Xml.Linq, Version=4.0.0.0, Culture=neutral, PublicKeyToken=b77a5c561934e089".
             Resolved file path is "C:\Program Files\dotnet\packs\Microsoft.NETCore.App.Ref\8.0.11\ref\net8.0\System.Xml.Linq.dll".
             Reference found at search path location "{RawFileName}".
             This reference is not "CopyLocal" because at least one source item had "Private" set to "false" and no source items had "Private" set to "true".
         Primary reference "System.Xml.ReaderWriter, Version=8.0.0.0, Culture=neutral, PublicKeyToken=b03f5f7f11d50a3a".
             Resolved file path is "C:\Program Files\dotnet\packs\Microsoft.NETCore.App.Ref\8.0.11\ref\net8.0\System.Xml.ReaderWriter.dll".
             Reference found at search path location "{RawFileName}".
             This reference is not "CopyLocal" because at least one source item had "Private" set to "false" and no source items had "Private" set to "true".
         Primary reference "System.Xml.Serialization, Version=4.0.0.0, Culture=neutral, PublicKeyToken=b77a5c561934e089".
             Resolved file path is "C:\Program Files\dotnet\packs\Microsoft.NETCore.App.Ref\8.0.11\ref\net8.0\System.Xml.Serialization.dll".
             Reference found at search path location "{RawFileName}".
             This reference is not "CopyLocal" because at least one source item had "Private" set to "false" and no source items had "Private" set to "true".
         Primary reference "System.Xml.XDocument, Version=8.0.0.0, Culture=neutral, PublicKeyToken=b03f5f7f11d50a3a".
             Resolved file path is "C:\Program Files\dotnet\packs\Microsoft.NETCore.App.Ref\8.0.11\ref\net8.0\System.Xml.XDocument.dll".
             Reference found at search path location "{RawFileName}".
             This reference is not "CopyLocal" because at least one source item had "Private" set to "false" and no source items had "Private" set to "true".
         Primary reference "System.Xml.XPath.XDocument, Version=8.0.0.0, Culture=neutral, PublicKeyToken=b03f5f7f11d50a3a".
             Resolved file path is "C:\Program Files\dotnet\packs\Microsoft.NETCore.App.Ref\8.0.11\ref\net8.0\System.Xml.XPath.XDocument.dll".
             Reference found at search path location "{RawFileName}".
             This reference is not "CopyLocal" because at least one source item had "Private" set to "false" and no source items had "Private" set to "true".
         Primary reference "System.Xml.XPath, Version=8.0.0.0, Culture=neutral, PublicKeyToken=b03f5f7f11d50a3a".
             Resolved file path is "C:\Program Files\dotnet\packs\Microsoft.NETCore.App.Ref\8.0.11\ref\net8.0\System.Xml.XPath.dll".
             Reference found at search path location "{RawFileName}".
             This reference is not "CopyLocal" because at least one source item had "Private" set to "false" and no source items had "Private" set to "true".
         Primary reference "System.Xml.XmlDocument, Version=8.0.0.0, Culture=neutral, PublicKeyToken=b03f5f7f11d50a3a".
             Resolved file path is "C:\Program Files\dotnet\packs\Microsoft.NETCore.App.Ref\8.0.11\ref\net8.0\System.Xml.XmlDocument.dll".
             Reference found at search path location "{RawFileName}".
             This reference is not "CopyLocal" because at least one source item had "Private" set to "false" and no source items had "Private" set to "true".
         Primary reference "System.Xml.XmlSerializer, Version=8.0.0.0, Culture=neutral, PublicKeyToken=b03f5f7f11d50a3a".
             Resolved file path is "C:\Program Files\dotnet\packs\Microsoft.NETCore.App.Ref\8.0.11\ref\net8.0\System.Xml.XmlSerializer.dll".
             Reference found at search path location "{RawFileName}".
             This reference is not "CopyLocal" because at least one source item had "Private" set to "false" and no source items had "Private" set to "true".
         Primary reference "System.Xml, Version=4.0.0.0, Culture=neutral, PublicKeyToken=b77a5c561934e089".
             Resolved file path is "C:\Program Files\dotnet\packs\Microsoft.NETCore.App.Ref\8.0.11\ref\net8.0\System.Xml.dll".
             Reference found at search path location "{RawFileName}".
             This reference is not "CopyLocal" because at least one source item had "Private" set to "false" and no source items had "Private" set to "true".
         Primary reference "System, Version=4.0.0.0, Culture=neutral, PublicKeyToken=b77a5c561934e089".
             Resolved file path is "C:\Program Files\dotnet\packs\Microsoft.NETCore.App.Ref\8.0.11\ref\net8.0\System.dll".
             Reference found at search path location "{RawFileName}".
             This reference is not "CopyLocal" because at least one source item had "Private" set to "false" and no source items had "Private" set to "true".
         Primary reference "WindowsBase, Version=4.0.0.0, Culture=neutral, PublicKeyToken=31bf3856ad364e35".
             Resolved file path is "C:\Program Files\dotnet\packs\Microsoft.NETCore.App.Ref\8.0.11\ref\net8.0\WindowsBase.dll".
             Reference found at search path location "{RawFileName}".
             This reference is not "CopyLocal" because at least one source item had "Private" set to "false" and no source items had "Private" set to "true".
         Primary reference "mscorlib, Version=4.0.0.0, Culture=neutral, PublicKeyToken=b77a5c561934e089".
             Resolved file path is "C:\Program Files\dotnet\packs\Microsoft.NETCore.App.Ref\8.0.11\ref\net8.0\mscorlib.dll".
             Reference found at search path location "{RawFileName}".
             This reference is not "CopyLocal" because at least one source item had "Private" set to "false" and no source items had "Private" set to "true".
         Primary reference "netstandard, Version=2.1.0.0, Culture=neutral, PublicKeyToken=cc7b13ffcd2ddd51".
             Resolved file path is "C:\Program Files\dotnet\packs\Microsoft.NETCore.App.Ref\8.0.11\ref\net8.0\netstandard.dll".
             Reference found at search path location "{RawFileName}".
             This reference is not "CopyLocal" because at least one source item had "Private" set to "false" and no source items had "Private" set to "true".
         Primary reference "Microsoft.AspNetCore.Antiforgery, Version=8.0.0.0, Culture=neutral, PublicKeyToken=adb9793829ddae60".
             Resolved file path is "C:\Program Files\dotnet\packs\Microsoft.AspNetCore.App.Ref\8.0.11\ref\net8.0\Microsoft.AspNetCore.Antiforgery.dll".
             Reference found at search path location "{RawFileName}".
             This reference is not "CopyLocal" because at least one source item had "Private" set to "false" and no source items had "Private" set to "true".
         Primary reference "Microsoft.AspNetCore.Authentication.Abstractions, Version=8.0.0.0, Culture=neutral, PublicKeyToken=adb9793829ddae60".
             Resolved file path is "C:\Program Files\dotnet\packs\Microsoft.AspNetCore.App.Ref\8.0.11\ref\net8.0\Microsoft.AspNetCore.Authentication.Abstractions.dll".
             Reference found at search path location "{RawFileName}".
             This reference is not "CopyLocal" because at least one source item had "Private" set to "false" and no source items had "Private" set to "true".
         Primary reference "Microsoft.AspNetCore.Authentication.BearerToken, Version=8.0.0.0, Culture=neutral, PublicKeyToken=adb9793829ddae60".
             Resolved file path is "C:\Program Files\dotnet\packs\Microsoft.AspNetCore.App.Ref\8.0.11\ref\net8.0\Microsoft.AspNetCore.Authentication.BearerToken.dll".
             Reference found at search path location "{RawFileName}".
             This reference is not "CopyLocal" because at least one source item had "Private" set to "false" and no source items had "Private" set to "true".
         Primary reference "Microsoft.AspNetCore.Authentication.Cookies, Version=8.0.0.0, Culture=neutral, PublicKeyToken=adb9793829ddae60".
             Resolved file path is "C:\Program Files\dotnet\packs\Microsoft.AspNetCore.App.Ref\8.0.11\ref\net8.0\Microsoft.AspNetCore.Authentication.Cookies.dll".
             Reference found at search path location "{RawFileName}".
             This reference is not "CopyLocal" because at least one source item had "Private" set to "false" and no source items had "Private" set to "true".
         Primary reference "Microsoft.AspNetCore.Authentication.Core, Version=8.0.0.0, Culture=neutral, PublicKeyToken=adb9793829ddae60".
             Resolved file path is "C:\Program Files\dotnet\packs\Microsoft.AspNetCore.App.Ref\8.0.11\ref\net8.0\Microsoft.AspNetCore.Authentication.Core.dll".
             Reference found at search path location "{RawFileName}".
             This reference is not "CopyLocal" because at least one source item had "Private" set to "false" and no source items had "Private" set to "true".
         Primary reference "Microsoft.AspNetCore.Authentication.OAuth, Version=8.0.0.0, Culture=neutral, PublicKeyToken=adb9793829ddae60".
             Resolved file path is "C:\Program Files\dotnet\packs\Microsoft.AspNetCore.App.Ref\8.0.11\ref\net8.0\Microsoft.AspNetCore.Authentication.OAuth.dll".
             Reference found at search path location "{RawFileName}".
             This reference is not "CopyLocal" because at least one source item had "Private" set to "false" and no source items had "Private" set to "true".
         Primary reference "Microsoft.AspNetCore.Authentication, Version=8.0.0.0, Culture=neutral, PublicKeyToken=adb9793829ddae60".
             Resolved file path is "C:\Program Files\dotnet\packs\Microsoft.AspNetCore.App.Ref\8.0.11\ref\net8.0\Microsoft.AspNetCore.Authentication.dll".
             Reference found at search path location "{RawFileName}".
             This reference is not "CopyLocal" because at least one source item had "Private" set to "false" and no source items had "Private" set to "true".
         Primary reference "Microsoft.AspNetCore.Authorization.Policy, Version=8.0.0.0, Culture=neutral, PublicKeyToken=adb9793829ddae60".
             Resolved file path is "C:\Program Files\dotnet\packs\Microsoft.AspNetCore.App.Ref\8.0.11\ref\net8.0\Microsoft.AspNetCore.Authorization.Policy.dll".
             Reference found at search path location "{RawFileName}".
             This reference is not "CopyLocal" because at least one source item had "Private" set to "false" and no source items had "Private" set to "true".
         Primary reference "Microsoft.AspNetCore.Authorization, Version=8.0.0.0, Culture=neutral, PublicKeyToken=adb9793829ddae60".
             Resolved file path is "C:\Program Files\dotnet\packs\Microsoft.AspNetCore.App.Ref\8.0.11\ref\net8.0\Microsoft.AspNetCore.Authorization.dll".
             Reference found at search path location "{RawFileName}".
             This reference is not "CopyLocal" because at least one source item had "Private" set to "false" and no source items had "Private" set to "true".
         Primary reference "Microsoft.AspNetCore.Components.Authorization, Version=8.0.0.0, Culture=neutral, PublicKeyToken=adb9793829ddae60".
             Resolved file path is "C:\Program Files\dotnet\packs\Microsoft.AspNetCore.App.Ref\8.0.11\ref\net8.0\Microsoft.AspNetCore.Components.Authorization.dll".
             Reference found at search path location "{RawFileName}".
             This reference is not "CopyLocal" because at least one source item had "Private" set to "false" and no source items had "Private" set to "true".
         Primary reference "Microsoft.AspNetCore.Components.Endpoints, Version=8.0.0.0, Culture=neutral, PublicKeyToken=adb9793829ddae60".
             Resolved file path is "C:\Program Files\dotnet\packs\Microsoft.AspNetCore.App.Ref\8.0.11\ref\net8.0\Microsoft.AspNetCore.Components.Endpoints.dll".
             Reference found at search path location "{RawFileName}".
             This reference is not "CopyLocal" because at least one source item had "Private" set to "false" and no source items had "Private" set to "true".
         Primary reference "Microsoft.AspNetCore.Components.Forms, Version=8.0.0.0, Culture=neutral, PublicKeyToken=adb9793829ddae60".
             Resolved file path is "C:\Program Files\dotnet\packs\Microsoft.AspNetCore.App.Ref\8.0.11\ref\net8.0\Microsoft.AspNetCore.Components.Forms.dll".
             Reference found at search path location "{RawFileName}".
             This reference is not "CopyLocal" because at least one source item had "Private" set to "false" and no source items had "Private" set to "true".
         Primary reference "Microsoft.AspNetCore.Components.Server, Version=8.0.0.0, Culture=neutral, PublicKeyToken=adb9793829ddae60".
             Resolved file path is "C:\Program Files\dotnet\packs\Microsoft.AspNetCore.App.Ref\8.0.11\ref\net8.0\Microsoft.AspNetCore.Components.Server.dll".
             Reference found at search path location "{RawFileName}".
             This reference is not "CopyLocal" because at least one source item had "Private" set to "false" and no source items had "Private" set to "true".
         Primary reference "Microsoft.AspNetCore.Components.Web, Version=8.0.0.0, Culture=neutral, PublicKeyToken=adb9793829ddae60".
             Resolved file path is "C:\Program Files\dotnet\packs\Microsoft.AspNetCore.App.Ref\8.0.11\ref\net8.0\Microsoft.AspNetCore.Components.Web.dll".
             Reference found at search path location "{RawFileName}".
             This reference is not "CopyLocal" because at least one source item had "Private" set to "false" and no source items had "Private" set to "true".
         Primary reference "Microsoft.AspNetCore.Components, Version=8.0.0.0, Culture=neutral, PublicKeyToken=adb9793829ddae60".
             Resolved file path is "C:\Program Files\dotnet\packs\Microsoft.AspNetCore.App.Ref\8.0.11\ref\net8.0\Microsoft.AspNetCore.Components.dll".
             Reference found at search path location "{RawFileName}".
             This reference is not "CopyLocal" because at least one source item had "Private" set to "false" and no source items had "Private" set to "true".
         Primary reference "Microsoft.AspNetCore.Connections.Abstractions, Version=8.0.0.0, Culture=neutral, PublicKeyToken=adb9793829ddae60".
             Resolved file path is "C:\Program Files\dotnet\packs\Microsoft.AspNetCore.App.Ref\8.0.11\ref\net8.0\Microsoft.AspNetCore.Connections.Abstractions.dll".
             Reference found at search path location "{RawFileName}".
             This reference is not "CopyLocal" because at least one source item had "Private" set to "false" and no source items had "Private" set to "true".
         Primary reference "Microsoft.AspNetCore.CookiePolicy, Version=8.0.0.0, Culture=neutral, PublicKeyToken=adb9793829ddae60".
             Resolved file path is "C:\Program Files\dotnet\packs\Microsoft.AspNetCore.App.Ref\8.0.11\ref\net8.0\Microsoft.AspNetCore.CookiePolicy.dll".
             Reference found at search path location "{RawFileName}".
             This reference is not "CopyLocal" because at least one source item had "Private" set to "false" and no source items had "Private" set to "true".
         Primary reference "Microsoft.AspNetCore.Cors, Version=8.0.0.0, Culture=neutral, PublicKeyToken=adb9793829ddae60".
             Resolved file path is "C:\Program Files\dotnet\packs\Microsoft.AspNetCore.App.Ref\8.0.11\ref\net8.0\Microsoft.AspNetCore.Cors.dll".
             Reference found at search path location "{RawFileName}".
             This reference is not "CopyLocal" because at least one source item had "Private" set to "false" and no source items had "Private" set to "true".
         Primary reference "Microsoft.AspNetCore.Cryptography.Internal, Version=8.0.0.0, Culture=neutral, PublicKeyToken=adb9793829ddae60".
             Resolved file path is "C:\Program Files\dotnet\packs\Microsoft.AspNetCore.App.Ref\8.0.11\ref\net8.0\Microsoft.AspNetCore.Cryptography.Internal.dll".
             Reference found at search path location "{RawFileName}".
             This reference is not "CopyLocal" because at least one source item had "Private" set to "false" and no source items had "Private" set to "true".
         Primary reference "Microsoft.AspNetCore.Cryptography.KeyDerivation, Version=8.0.0.0, Culture=neutral, PublicKeyToken=adb9793829ddae60".
             Resolved file path is "C:\Program Files\dotnet\packs\Microsoft.AspNetCore.App.Ref\8.0.11\ref\net8.0\Microsoft.AspNetCore.Cryptography.KeyDerivation.dll".
             Reference found at search path location "{RawFileName}".
             This reference is not "CopyLocal" because at least one source item had "Private" set to "false" and no source items had "Private" set to "true".
         Primary reference "Microsoft.AspNetCore.DataProtection.Abstractions, Version=8.0.0.0, Culture=neutral, PublicKeyToken=adb9793829ddae60".
             Resolved file path is "C:\Program Files\dotnet\packs\Microsoft.AspNetCore.App.Ref\8.0.11\ref\net8.0\Microsoft.AspNetCore.DataProtection.Abstractions.dll".
             Reference found at search path location "{RawFileName}".
             This reference is not "CopyLocal" because at least one source item had "Private" set to "false" and no source items had "Private" set to "true".
         Primary reference "Microsoft.AspNetCore.DataProtection.Extensions, Version=8.0.0.0, Culture=neutral, PublicKeyToken=adb9793829ddae60".
             Resolved file path is "C:\Program Files\dotnet\packs\Microsoft.AspNetCore.App.Ref\8.0.11\ref\net8.0\Microsoft.AspNetCore.DataProtection.Extensions.dll".
             Reference found at search path location "{RawFileName}".
             This reference is not "CopyLocal" because at least one source item had "Private" set to "false" and no source items had "Private" set to "true".
         Primary reference "Microsoft.AspNetCore.DataProtection, Version=8.0.0.0, Culture=neutral, PublicKeyToken=adb9793829ddae60".
             Resolved file path is "C:\Program Files\dotnet\packs\Microsoft.AspNetCore.App.Ref\8.0.11\ref\net8.0\Microsoft.AspNetCore.DataProtection.dll".
             Reference found at search path location "{RawFileName}".
             This reference is not "CopyLocal" because at least one source item had "Private" set to "false" and no source items had "Private" set to "true".
         Primary reference "Microsoft.AspNetCore.Diagnostics.Abstractions, Version=8.0.0.0, Culture=neutral, PublicKeyToken=adb9793829ddae60".
             Resolved file path is "C:\Program Files\dotnet\packs\Microsoft.AspNetCore.App.Ref\8.0.11\ref\net8.0\Microsoft.AspNetCore.Diagnostics.Abstractions.dll".
             Reference found at search path location "{RawFileName}".
             This reference is not "CopyLocal" because at least one source item had "Private" set to "false" and no source items had "Private" set to "true".
         Primary reference "Microsoft.AspNetCore.Diagnostics.HealthChecks, Version=8.0.0.0, Culture=neutral, PublicKeyToken=adb9793829ddae60".
             Resolved file path is "C:\Program Files\dotnet\packs\Microsoft.AspNetCore.App.Ref\8.0.11\ref\net8.0\Microsoft.AspNetCore.Diagnostics.HealthChecks.dll".
             Reference found at search path location "{RawFileName}".
             This reference is not "CopyLocal" because at least one source item had "Private" set to "false" and no source items had "Private" set to "true".
         Primary reference "Microsoft.AspNetCore.Diagnostics, Version=8.0.0.0, Culture=neutral, PublicKeyToken=adb9793829ddae60".
             Resolved file path is "C:\Program Files\dotnet\packs\Microsoft.AspNetCore.App.Ref\8.0.11\ref\net8.0\Microsoft.AspNetCore.Diagnostics.dll".
             Reference found at search path location "{RawFileName}".
             This reference is not "CopyLocal" because at least one source item had "Private" set to "false" and no source items had "Private" set to "true".
         Primary reference "Microsoft.AspNetCore.HostFiltering, Version=8.0.0.0, Culture=neutral, PublicKeyToken=adb9793829ddae60".
             Resolved file path is "C:\Program Files\dotnet\packs\Microsoft.AspNetCore.App.Ref\8.0.11\ref\net8.0\Microsoft.AspNetCore.HostFiltering.dll".
             Reference found at search path location "{RawFileName}".
             This reference is not "CopyLocal" because at least one source item had "Private" set to "false" and no source items had "Private" set to "true".
         Primary reference "Microsoft.AspNetCore.Hosting.Abstractions, Version=8.0.0.0, Culture=neutral, PublicKeyToken=adb9793829ddae60".
             Resolved file path is "C:\Program Files\dotnet\packs\Microsoft.AspNetCore.App.Ref\8.0.11\ref\net8.0\Microsoft.AspNetCore.Hosting.Abstractions.dll".
             Reference found at search path location "{RawFileName}".
             This reference is not "CopyLocal" because at least one source item had "Private" set to "false" and no source items had "Private" set to "true".
         Primary reference "Microsoft.AspNetCore.Hosting.Server.Abstractions, Version=8.0.0.0, Culture=neutral, PublicKeyToken=adb9793829ddae60".
             Resolved file path is "C:\Program Files\dotnet\packs\Microsoft.AspNetCore.App.Ref\8.0.11\ref\net8.0\Microsoft.AspNetCore.Hosting.Server.Abstractions.dll".
             Reference found at search path location "{RawFileName}".
             This reference is not "CopyLocal" because at least one source item had "Private" set to "false" and no source items had "Private" set to "true".
         Primary reference "Microsoft.AspNetCore.Hosting, Version=8.0.0.0, Culture=neutral, PublicKeyToken=adb9793829ddae60".
             Resolved file path is "C:\Program Files\dotnet\packs\Microsoft.AspNetCore.App.Ref\8.0.11\ref\net8.0\Microsoft.AspNetCore.Hosting.dll".
             Reference found at search path location "{RawFileName}".
             This reference is not "CopyLocal" because at least one source item had "Private" set to "false" and no source items had "Private" set to "true".
         Primary reference "Microsoft.AspNetCore.Html.Abstractions, Version=8.0.0.0, Culture=neutral, PublicKeyToken=adb9793829ddae60".
             Resolved file path is "C:\Program Files\dotnet\packs\Microsoft.AspNetCore.App.Ref\8.0.11\ref\net8.0\Microsoft.AspNetCore.Html.Abstractions.dll".
             Reference found at search path location "{RawFileName}".
             This reference is not "CopyLocal" because at least one source item had "Private" set to "false" and no source items had "Private" set to "true".
         Primary reference "Microsoft.AspNetCore.Http.Abstractions, Version=8.0.0.0, Culture=neutral, PublicKeyToken=adb9793829ddae60".
             Resolved file path is "C:\Program Files\dotnet\packs\Microsoft.AspNetCore.App.Ref\8.0.11\ref\net8.0\Microsoft.AspNetCore.Http.Abstractions.dll".
             Reference found at search path location "{RawFileName}".
             This reference is not "CopyLocal" because at least one source item had "Private" set to "false" and no source items had "Private" set to "true".
         Primary reference "Microsoft.AspNetCore.Http.Connections.Common, Version=8.0.0.0, Culture=neutral, PublicKeyToken=adb9793829ddae60".
             Resolved file path is "C:\Program Files\dotnet\packs\Microsoft.AspNetCore.App.Ref\8.0.11\ref\net8.0\Microsoft.AspNetCore.Http.Connections.Common.dll".
             Reference found at search path location "{RawFileName}".
             This reference is not "CopyLocal" because at least one source item had "Private" set to "false" and no source items had "Private" set to "true".
         Primary reference "Microsoft.AspNetCore.Http.Connections, Version=8.0.0.0, Culture=neutral, PublicKeyToken=adb9793829ddae60".
             Resolved file path is "C:\Program Files\dotnet\packs\Microsoft.AspNetCore.App.Ref\8.0.11\ref\net8.0\Microsoft.AspNetCore.Http.Connections.dll".
             Reference found at search path location "{RawFileName}".
             This reference is not "CopyLocal" because at least one source item had "Private" set to "false" and no source items had "Private" set to "true".
         Primary reference "Microsoft.AspNetCore.Http.Extensions, Version=8.0.0.0, Culture=neutral, PublicKeyToken=adb9793829ddae60".
             Resolved file path is "C:\Program Files\dotnet\packs\Microsoft.AspNetCore.App.Ref\8.0.11\ref\net8.0\Microsoft.AspNetCore.Http.Extensions.dll".
             Reference found at search path location "{RawFileName}".
             This reference is not "CopyLocal" because at least one source item had "Private" set to "false" and no source items had "Private" set to "true".
         Primary reference "Microsoft.AspNetCore.Http.Features, Version=8.0.0.0, Culture=neutral, PublicKeyToken=adb9793829ddae60".
             Resolved file path is "C:\Program Files\dotnet\packs\Microsoft.AspNetCore.App.Ref\8.0.11\ref\net8.0\Microsoft.AspNetCore.Http.Features.dll".
             Reference found at search path location "{RawFileName}".
             This reference is not "CopyLocal" because at least one source item had "Private" set to "false" and no source items had "Private" set to "true".
         Primary reference "Microsoft.AspNetCore.Http.Results, Version=8.0.0.0, Culture=neutral, PublicKeyToken=adb9793829ddae60".
             Resolved file path is "C:\Program Files\dotnet\packs\Microsoft.AspNetCore.App.Ref\8.0.11\ref\net8.0\Microsoft.AspNetCore.Http.Results.dll".
             Reference found at search path location "{RawFileName}".
             This reference is not "CopyLocal" because at least one source item had "Private" set to "false" and no source items had "Private" set to "true".
         Primary reference "Microsoft.AspNetCore.Http, Version=8.0.0.0, Culture=neutral, PublicKeyToken=adb9793829ddae60".
             Resolved file path is "C:\Program Files\dotnet\packs\Microsoft.AspNetCore.App.Ref\8.0.11\ref\net8.0\Microsoft.AspNetCore.Http.dll".
             Reference found at search path location "{RawFileName}".
             This reference is not "CopyLocal" because at least one source item had "Private" set to "false" and no source items had "Private" set to "true".
         Primary reference "Microsoft.AspNetCore.HttpLogging, Version=8.0.0.0, Culture=neutral, PublicKeyToken=adb9793829ddae60".
             Resolved file path is "C:\Program Files\dotnet\packs\Microsoft.AspNetCore.App.Ref\8.0.11\ref\net8.0\Microsoft.AspNetCore.HttpLogging.dll".
             Reference found at search path location "{RawFileName}".
             This reference is not "CopyLocal" because at least one source item had "Private" set to "false" and no source items had "Private" set to "true".
         Primary reference "Microsoft.AspNetCore.HttpOverrides, Version=8.0.0.0, Culture=neutral, PublicKeyToken=adb9793829ddae60".
             Resolved file path is "C:\Program Files\dotnet\packs\Microsoft.AspNetCore.App.Ref\8.0.11\ref\net8.0\Microsoft.AspNetCore.HttpOverrides.dll".
             Reference found at search path location "{RawFileName}".
             This reference is not "CopyLocal" because at least one source item had "Private" set to "false" and no source items had "Private" set to "true".
         Primary reference "Microsoft.AspNetCore.HttpsPolicy, Version=8.0.0.0, Culture=neutral, PublicKeyToken=adb9793829ddae60".
             Resolved file path is "C:\Program Files\dotnet\packs\Microsoft.AspNetCore.App.Ref\8.0.11\ref\net8.0\Microsoft.AspNetCore.HttpsPolicy.dll".
             Reference found at search path location "{RawFileName}".
             This reference is not "CopyLocal" because at least one source item had "Private" set to "false" and no source items had "Private" set to "true".
         Primary reference "Microsoft.AspNetCore.Identity, Version=8.0.0.0, Culture=neutral, PublicKeyToken=adb9793829ddae60".
             Resolved file path is "C:\Program Files\dotnet\packs\Microsoft.AspNetCore.App.Ref\8.0.11\ref\net8.0\Microsoft.AspNetCore.Identity.dll".
             Reference found at search path location "{RawFileName}".
             This reference is not "CopyLocal" because at least one source item had "Private" set to "false" and no source items had "Private" set to "true".
         Primary reference "Microsoft.AspNetCore.Localization.Routing, Version=8.0.0.0, Culture=neutral, PublicKeyToken=adb9793829ddae60".
             Resolved file path is "C:\Program Files\dotnet\packs\Microsoft.AspNetCore.App.Ref\8.0.11\ref\net8.0\Microsoft.AspNetCore.Localization.Routing.dll".
             Reference found at search path location "{RawFileName}".
             This reference is not "CopyLocal" because at least one source item had "Private" set to "false" and no source items had "Private" set to "true".
         Primary reference "Microsoft.AspNetCore.Localization, Version=8.0.0.0, Culture=neutral, PublicKeyToken=adb9793829ddae60".
             Resolved file path is "C:\Program Files\dotnet\packs\Microsoft.AspNetCore.App.Ref\8.0.11\ref\net8.0\Microsoft.AspNetCore.Localization.dll".
             Reference found at search path location "{RawFileName}".
             This reference is not "CopyLocal" because at least one source item had "Private" set to "false" and no source items had "Private" set to "true".
         Primary reference "Microsoft.AspNetCore.Metadata, Version=8.0.0.0, Culture=neutral, PublicKeyToken=adb9793829ddae60".
             Resolved file path is "C:\Program Files\dotnet\packs\Microsoft.AspNetCore.App.Ref\8.0.11\ref\net8.0\Microsoft.AspNetCore.Metadata.dll".
             Reference found at search path location "{RawFileName}".
             This reference is not "CopyLocal" because at least one source item had "Private" set to "false" and no source items had "Private" set to "true".
         Primary reference "Microsoft.AspNetCore.Mvc.Abstractions, Version=8.0.0.0, Culture=neutral, PublicKeyToken=adb9793829ddae60".
             Resolved file path is "C:\Program Files\dotnet\packs\Microsoft.AspNetCore.App.Ref\8.0.11\ref\net8.0\Microsoft.AspNetCore.Mvc.Abstractions.dll".
             Reference found at search path location "{RawFileName}".
             This reference is not "CopyLocal" because at least one source item had "Private" set to "false" and no source items had "Private" set to "true".
         Primary reference "Microsoft.AspNetCore.Mvc.ApiExplorer, Version=8.0.0.0, Culture=neutral, PublicKeyToken=adb9793829ddae60".
             Resolved file path is "C:\Program Files\dotnet\packs\Microsoft.AspNetCore.App.Ref\8.0.11\ref\net8.0\Microsoft.AspNetCore.Mvc.ApiExplorer.dll".
             Reference found at search path location "{RawFileName}".
             This reference is not "CopyLocal" because at least one source item had "Private" set to "false" and no source items had "Private" set to "true".
         Primary reference "Microsoft.AspNetCore.Mvc.Core, Version=8.0.0.0, Culture=neutral, PublicKeyToken=adb9793829ddae60".
             Resolved file path is "C:\Program Files\dotnet\packs\Microsoft.AspNetCore.App.Ref\8.0.11\ref\net8.0\Microsoft.AspNetCore.Mvc.Core.dll".
             Reference found at search path location "{RawFileName}".
             This reference is not "CopyLocal" because at least one source item had "Private" set to "false" and no source items had "Private" set to "true".
         Primary reference "Microsoft.AspNetCore.Mvc.Cors, Version=8.0.0.0, Culture=neutral, PublicKeyToken=adb9793829ddae60".
             Resolved file path is "C:\Program Files\dotnet\packs\Microsoft.AspNetCore.App.Ref\8.0.11\ref\net8.0\Microsoft.AspNetCore.Mvc.Cors.dll".
             Reference found at search path location "{RawFileName}".
             This reference is not "CopyLocal" because at least one source item had "Private" set to "false" and no source items had "Private" set to "true".
         Primary reference "Microsoft.AspNetCore.Mvc.DataAnnotations, Version=8.0.0.0, Culture=neutral, PublicKeyToken=adb9793829ddae60".
             Resolved file path is "C:\Program Files\dotnet\packs\Microsoft.AspNetCore.App.Ref\8.0.11\ref\net8.0\Microsoft.AspNetCore.Mvc.DataAnnotations.dll".
             Reference found at search path location "{RawFileName}".
             This reference is not "CopyLocal" because at least one source item had "Private" set to "false" and no source items had "Private" set to "true".
         Primary reference "Microsoft.AspNetCore.Mvc.Formatters.Json, Version=8.0.0.0, Culture=neutral, PublicKeyToken=adb9793829ddae60".
             Resolved file path is "C:\Program Files\dotnet\packs\Microsoft.AspNetCore.App.Ref\8.0.11\ref\net8.0\Microsoft.AspNetCore.Mvc.Formatters.Json.dll".
             Reference found at search path location "{RawFileName}".
             This reference is not "CopyLocal" because at least one source item had "Private" set to "false" and no source items had "Private" set to "true".
         Primary reference "Microsoft.AspNetCore.Mvc.Formatters.Xml, Version=8.0.0.0, Culture=neutral, PublicKeyToken=adb9793829ddae60".
             Resolved file path is "C:\Program Files\dotnet\packs\Microsoft.AspNetCore.App.Ref\8.0.11\ref\net8.0\Microsoft.AspNetCore.Mvc.Formatters.Xml.dll".
             Reference found at search path location "{RawFileName}".
             This reference is not "CopyLocal" because at least one source item had "Private" set to "false" and no source items had "Private" set to "true".
         Primary reference "Microsoft.AspNetCore.Mvc.Localization, Version=8.0.0.0, Culture=neutral, PublicKeyToken=adb9793829ddae60".
             Resolved file path is "C:\Program Files\dotnet\packs\Microsoft.AspNetCore.App.Ref\8.0.11\ref\net8.0\Microsoft.AspNetCore.Mvc.Localization.dll".
             Reference found at search path location "{RawFileName}".
             This reference is not "CopyLocal" because at least one source item had "Private" set to "false" and no source items had "Private" set to "true".
         Primary reference "Microsoft.AspNetCore.Mvc.Razor, Version=8.0.0.0, Culture=neutral, PublicKeyToken=adb9793829ddae60".
             Resolved file path is "C:\Program Files\dotnet\packs\Microsoft.AspNetCore.App.Ref\8.0.11\ref\net8.0\Microsoft.AspNetCore.Mvc.Razor.dll".
             Reference found at search path location "{RawFileName}".
             This reference is not "CopyLocal" because at least one source item had "Private" set to "false" and no source items had "Private" set to "true".
         Primary reference "Microsoft.AspNetCore.Mvc.RazorPages, Version=8.0.0.0, Culture=neutral, PublicKeyToken=adb9793829ddae60".
             Resolved file path is "C:\Program Files\dotnet\packs\Microsoft.AspNetCore.App.Ref\8.0.11\ref\net8.0\Microsoft.AspNetCore.Mvc.RazorPages.dll".
             Reference found at search path location "{RawFileName}".
             This reference is not "CopyLocal" because at least one source item had "Private" set to "false" and no source items had "Private" set to "true".
         Primary reference "Microsoft.AspNetCore.Mvc.TagHelpers, Version=8.0.0.0, Culture=neutral, PublicKeyToken=adb9793829ddae60".
             Resolved file path is "C:\Program Files\dotnet\packs\Microsoft.AspNetCore.App.Ref\8.0.11\ref\net8.0\Microsoft.AspNetCore.Mvc.TagHelpers.dll".
             Reference found at search path location "{RawFileName}".
             This reference is not "CopyLocal" because at least one source item had "Private" set to "false" and no source items had "Private" set to "true".
         Primary reference "Microsoft.AspNetCore.Mvc.ViewFeatures, Version=8.0.0.0, Culture=neutral, PublicKeyToken=adb9793829ddae60".
             Resolved file path is "C:\Program Files\dotnet\packs\Microsoft.AspNetCore.App.Ref\8.0.11\ref\net8.0\Microsoft.AspNetCore.Mvc.ViewFeatures.dll".
             Reference found at search path location "{RawFileName}".
             This reference is not "CopyLocal" because at least one source item had "Private" set to "false" and no source items had "Private" set to "true".
         Primary reference "Microsoft.AspNetCore.Mvc, Version=8.0.0.0, Culture=neutral, PublicKeyToken=adb9793829ddae60".
             Resolved file path is "C:\Program Files\dotnet\packs\Microsoft.AspNetCore.App.Ref\8.0.11\ref\net8.0\Microsoft.AspNetCore.Mvc.dll".
             Reference found at search path location "{RawFileName}".
             This reference is not "CopyLocal" because at least one source item had "Private" set to "false" and no source items had "Private" set to "true".
         Primary reference "Microsoft.AspNetCore.OutputCaching, Version=8.0.0.0, Culture=neutral, PublicKeyToken=adb9793829ddae60".
             Resolved file path is "C:\Program Files\dotnet\packs\Microsoft.AspNetCore.App.Ref\8.0.11\ref\net8.0\Microsoft.AspNetCore.OutputCaching.dll".
             Reference found at search path location "{RawFileName}".
             This reference is not "CopyLocal" because at least one source item had "Private" set to "false" and no source items had "Private" set to "true".
         Primary reference "Microsoft.AspNetCore.RateLimiting, Version=8.0.0.0, Culture=neutral, PublicKeyToken=adb9793829ddae60".
             Resolved file path is "C:\Program Files\dotnet\packs\Microsoft.AspNetCore.App.Ref\8.0.11\ref\net8.0\Microsoft.AspNetCore.RateLimiting.dll".
             Reference found at search path location "{RawFileName}".
             This reference is not "CopyLocal" because at least one source item had "Private" set to "false" and no source items had "Private" set to "true".
         Primary reference "Microsoft.AspNetCore.Razor.Runtime, Version=8.0.0.0, Culture=neutral, PublicKeyToken=adb9793829ddae60".
             Resolved file path is "C:\Program Files\dotnet\packs\Microsoft.AspNetCore.App.Ref\8.0.11\ref\net8.0\Microsoft.AspNetCore.Razor.Runtime.dll".
             Reference found at search path location "{RawFileName}".
             This reference is not "CopyLocal" because at least one source item had "Private" set to "false" and no source items had "Private" set to "true".
         Primary reference "Microsoft.AspNetCore.Razor, Version=8.0.0.0, Culture=neutral, PublicKeyToken=adb9793829ddae60".
             Resolved file path is "C:\Program Files\dotnet\packs\Microsoft.AspNetCore.App.Ref\8.0.11\ref\net8.0\Microsoft.AspNetCore.Razor.dll".
             Reference found at search path location "{RawFileName}".
             This reference is not "CopyLocal" because at least one source item had "Private" set to "false" and no source items had "Private" set to "true".
         Primary reference "Microsoft.AspNetCore.RequestDecompression, Version=8.0.0.0, Culture=neutral, PublicKeyToken=adb9793829ddae60".
             Resolved file path is "C:\Program Files\dotnet\packs\Microsoft.AspNetCore.App.Ref\8.0.11\ref\net8.0\Microsoft.AspNetCore.RequestDecompression.dll".
             Reference found at search path location "{RawFileName}".
             This reference is not "CopyLocal" because at least one source item had "Private" set to "false" and no source items had "Private" set to "true".
         Primary reference "Microsoft.AspNetCore.ResponseCaching.Abstractions, Version=8.0.0.0, Culture=neutral, PublicKeyToken=adb9793829ddae60".
             Resolved file path is "C:\Program Files\dotnet\packs\Microsoft.AspNetCore.App.Ref\8.0.11\ref\net8.0\Microsoft.AspNetCore.ResponseCaching.Abstractions.dll".
             Reference found at search path location "{RawFileName}".
             This reference is not "CopyLocal" because at least one source item had "Private" set to "false" and no source items had "Private" set to "true".
         Primary reference "Microsoft.AspNetCore.ResponseCaching, Version=8.0.0.0, Culture=neutral, PublicKeyToken=adb9793829ddae60".
             Resolved file path is "C:\Program Files\dotnet\packs\Microsoft.AspNetCore.App.Ref\8.0.11\ref\net8.0\Microsoft.AspNetCore.ResponseCaching.dll".
             Reference found at search path location "{RawFileName}".
             This reference is not "CopyLocal" because at least one source item had "Private" set to "false" and no source items had "Private" set to "true".
         Primary reference "Microsoft.AspNetCore.ResponseCompression, Version=8.0.0.0, Culture=neutral, PublicKeyToken=adb9793829ddae60".
             Resolved file path is "C:\Program Files\dotnet\packs\Microsoft.AspNetCore.App.Ref\8.0.11\ref\net8.0\Microsoft.AspNetCore.ResponseCompression.dll".
             Reference found at search path location "{RawFileName}".
             This reference is not "CopyLocal" because at least one source item had "Private" set to "false" and no source items had "Private" set to "true".
         Primary reference "Microsoft.AspNetCore.Rewrite, Version=8.0.0.0, Culture=neutral, PublicKeyToken=adb9793829ddae60".
             Resolved file path is "C:\Program Files\dotnet\packs\Microsoft.AspNetCore.App.Ref\8.0.11\ref\net8.0\Microsoft.AspNetCore.Rewrite.dll".
             Reference found at search path location "{RawFileName}".
             This reference is not "CopyLocal" because at least one source item had "Private" set to "false" and no source items had "Private" set to "true".
         Primary reference "Microsoft.AspNetCore.Routing.Abstractions, Version=8.0.0.0, Culture=neutral, PublicKeyToken=adb9793829ddae60".
             Resolved file path is "C:\Program Files\dotnet\packs\Microsoft.AspNetCore.App.Ref\8.0.11\ref\net8.0\Microsoft.AspNetCore.Routing.Abstractions.dll".
             Reference found at search path location "{RawFileName}".
             This reference is not "CopyLocal" because at least one source item had "Private" set to "false" and no source items had "Private" set to "true".
         Primary reference "Microsoft.AspNetCore.Routing, Version=8.0.0.0, Culture=neutral, PublicKeyToken=adb9793829ddae60".
             Resolved file path is "C:\Program Files\dotnet\packs\Microsoft.AspNetCore.App.Ref\8.0.11\ref\net8.0\Microsoft.AspNetCore.Routing.dll".
             Reference found at search path location "{RawFileName}".
             This reference is not "CopyLocal" because at least one source item had "Private" set to "false" and no source items had "Private" set to "true".
         Primary reference "Microsoft.AspNetCore.Server.HttpSys, Version=8.0.0.0, Culture=neutral, PublicKeyToken=adb9793829ddae60".
             Resolved file path is "C:\Program Files\dotnet\packs\Microsoft.AspNetCore.App.Ref\8.0.11\ref\net8.0\Microsoft.AspNetCore.Server.HttpSys.dll".
             Reference found at search path location "{RawFileName}".
             This reference is not "CopyLocal" because at least one source item had "Private" set to "false" and no source items had "Private" set to "true".
         Primary reference "Microsoft.AspNetCore.Server.IIS, Version=8.0.0.0, Culture=neutral, PublicKeyToken=adb9793829ddae60".
             Resolved file path is "C:\Program Files\dotnet\packs\Microsoft.AspNetCore.App.Ref\8.0.11\ref\net8.0\Microsoft.AspNetCore.Server.IIS.dll".
             Reference found at search path location "{RawFileName}".
             This reference is not "CopyLocal" because at least one source item had "Private" set to "false" and no source items had "Private" set to "true".
         Primary reference "Microsoft.AspNetCore.Server.IISIntegration, Version=8.0.0.0, Culture=neutral, PublicKeyToken=adb9793829ddae60".
             Resolved file path is "C:\Program Files\dotnet\packs\Microsoft.AspNetCore.App.Ref\8.0.11\ref\net8.0\Microsoft.AspNetCore.Server.IISIntegration.dll".
             Reference found at search path location "{RawFileName}".
             This reference is not "CopyLocal" because at least one source item had "Private" set to "false" and no source items had "Private" set to "true".
         Primary reference "Microsoft.AspNetCore.Server.Kestrel.Core, Version=8.0.0.0, Culture=neutral, PublicKeyToken=adb9793829ddae60".
             Resolved file path is "C:\Program Files\dotnet\packs\Microsoft.AspNetCore.App.Ref\8.0.11\ref\net8.0\Microsoft.AspNetCore.Server.Kestrel.Core.dll".
             Reference found at search path location "{RawFileName}".
             This reference is not "CopyLocal" because at least one source item had "Private" set to "false" and no source items had "Private" set to "true".
         Primary reference "Microsoft.AspNetCore.Server.Kestrel.Transport.NamedPipes, Version=8.0.0.0, Culture=neutral, PublicKeyToken=adb9793829ddae60".
             Resolved file path is "C:\Program Files\dotnet\packs\Microsoft.AspNetCore.App.Ref\8.0.11\ref\net8.0\Microsoft.AspNetCore.Server.Kestrel.Transport.NamedPipes.dll".
             Reference found at search path location "{RawFileName}".
             This reference is not "CopyLocal" because at least one source item had "Private" set to "false" and no source items had "Private" set to "true".
         Primary reference "Microsoft.AspNetCore.Server.Kestrel.Transport.Quic, Version=8.0.0.0, Culture=neutral, PublicKeyToken=adb9793829ddae60".
             Resolved file path is "C:\Program Files\dotnet\packs\Microsoft.AspNetCore.App.Ref\8.0.11\ref\net8.0\Microsoft.AspNetCore.Server.Kestrel.Transport.Quic.dll".
             Reference found at search path location "{RawFileName}".
             This reference is not "CopyLocal" because at least one source item had "Private" set to "false" and no source items had "Private" set to "true".
         Primary reference "Microsoft.AspNetCore.Server.Kestrel.Transport.Sockets, Version=8.0.0.0, Culture=neutral, PublicKeyToken=adb9793829ddae60".
             Resolved file path is "C:\Program Files\dotnet\packs\Microsoft.AspNetCore.App.Ref\8.0.11\ref\net8.0\Microsoft.AspNetCore.Server.Kestrel.Transport.Sockets.dll".
             Reference found at search path location "{RawFileName}".
             This reference is not "CopyLocal" because at least one source item had "Private" set to "false" and no source items had "Private" set to "true".
         Primary reference "Microsoft.AspNetCore.Server.Kestrel, Version=8.0.0.0, Culture=neutral, PublicKeyToken=adb9793829ddae60".
             Resolved file path is "C:\Program Files\dotnet\packs\Microsoft.AspNetCore.App.Ref\8.0.11\ref\net8.0\Microsoft.AspNetCore.Server.Kestrel.dll".
             Reference found at search path location "{RawFileName}".
             This reference is not "CopyLocal" because at least one source item had "Private" set to "false" and no source items had "Private" set to "true".
         Primary reference "Microsoft.AspNetCore.Session, Version=8.0.0.0, Culture=neutral, PublicKeyToken=adb9793829ddae60".
             Resolved file path is "C:\Program Files\dotnet\packs\Microsoft.AspNetCore.App.Ref\8.0.11\ref\net8.0\Microsoft.AspNetCore.Session.dll".
             Reference found at search path location "{RawFileName}".
             This reference is not "CopyLocal" because at least one source item had "Private" set to "false" and no source items had "Private" set to "true".
         Primary reference "Microsoft.AspNetCore.SignalR.Common, Version=8.0.0.0, Culture=neutral, PublicKeyToken=adb9793829ddae60".
             Resolved file path is "C:\Program Files\dotnet\packs\Microsoft.AspNetCore.App.Ref\8.0.11\ref\net8.0\Microsoft.AspNetCore.SignalR.Common.dll".
             Reference found at search path location "{RawFileName}".
             This reference is not "CopyLocal" because at least one source item had "Private" set to "false" and no source items had "Private" set to "true".
         Primary reference "Microsoft.AspNetCore.SignalR.Core, Version=8.0.0.0, Culture=neutral, PublicKeyToken=adb9793829ddae60".
             Resolved file path is "C:\Program Files\dotnet\packs\Microsoft.AspNetCore.App.Ref\8.0.11\ref\net8.0\Microsoft.AspNetCore.SignalR.Core.dll".
             Reference found at search path location "{RawFileName}".
             This reference is not "CopyLocal" because at least one source item had "Private" set to "false" and no source items had "Private" set to "true".
         Primary reference "Microsoft.AspNetCore.SignalR.Protocols.Json, Version=8.0.0.0, Culture=neutral, PublicKeyToken=adb9793829ddae60".
             Resolved file path is "C:\Program Files\dotnet\packs\Microsoft.AspNetCore.App.Ref\8.0.11\ref\net8.0\Microsoft.AspNetCore.SignalR.Protocols.Json.dll".
             Reference found at search path location "{RawFileName}".
             This reference is not "CopyLocal" because at least one source item had "Private" set to "false" and no source items had "Private" set to "true".
         Primary reference "Microsoft.AspNetCore.SignalR, Version=8.0.0.0, Culture=neutral, PublicKeyToken=adb9793829ddae60".
             Resolved file path is "C:\Program Files\dotnet\packs\Microsoft.AspNetCore.App.Ref\8.0.11\ref\net8.0\Microsoft.AspNetCore.SignalR.dll".
             Reference found at search path location "{RawFileName}".
             This reference is not "CopyLocal" because at least one source item had "Private" set to "false" and no source items had "Private" set to "true".
         Primary reference "Microsoft.AspNetCore.StaticFiles, Version=8.0.0.0, Culture=neutral, PublicKeyToken=adb9793829ddae60".
             Resolved file path is "C:\Program Files\dotnet\packs\Microsoft.AspNetCore.App.Ref\8.0.11\ref\net8.0\Microsoft.AspNetCore.StaticFiles.dll".
             Reference found at search path location "{RawFileName}".
             This reference is not "CopyLocal" because at least one source item had "Private" set to "false" and no source items had "Private" set to "true".
         Primary reference "Microsoft.AspNetCore.WebSockets, Version=8.0.0.0, Culture=neutral, PublicKeyToken=adb9793829ddae60".
             Resolved file path is "C:\Program Files\dotnet\packs\Microsoft.AspNetCore.App.Ref\8.0.11\ref\net8.0\Microsoft.AspNetCore.WebSockets.dll".
             Reference found at search path location "{RawFileName}".
             This reference is not "CopyLocal" because at least one source item had "Private" set to "false" and no source items had "Private" set to "true".
         Primary reference "Microsoft.AspNetCore.WebUtilities, Version=8.0.0.0, Culture=neutral, PublicKeyToken=adb9793829ddae60".
             Resolved file path is "C:\Program Files\dotnet\packs\Microsoft.AspNetCore.App.Ref\8.0.11\ref\net8.0\Microsoft.AspNetCore.WebUtilities.dll".
             Reference found at search path location "{RawFileName}".
             This reference is not "CopyLocal" because at least one source item had "Private" set to "false" and no source items had "Private" set to "true".
         Primary reference "Microsoft.AspNetCore, Version=8.0.0.0, Culture=neutral, PublicKeyToken=adb9793829ddae60".
             Resolved file path is "C:\Program Files\dotnet\packs\Microsoft.AspNetCore.App.Ref\8.0.11\ref\net8.0\Microsoft.AspNetCore.dll".
             Reference found at search path location "{RawFileName}".
             This reference is not "CopyLocal" because at least one source item had "Private" set to "false" and no source items had "Private" set to "true".
         Primary reference "Microsoft.Extensions.Caching.Abstractions, Version=8.0.0.0, Culture=neutral, PublicKeyToken=adb9793829ddae60".
             Resolved file path is "C:\Program Files\dotnet\packs\Microsoft.AspNetCore.App.Ref\8.0.11\ref\net8.0\Microsoft.Extensions.Caching.Abstractions.dll".
             Reference found at search path location "{RawFileName}".
             This reference is not "CopyLocal" because at least one source item had "Private" set to "false" and no source items had "Private" set to "true".
         Primary reference "Microsoft.Extensions.Caching.Memory, Version=8.0.0.0, Culture=neutral, PublicKeyToken=adb9793829ddae60".
             Resolved file path is "C:\Program Files\dotnet\packs\Microsoft.AspNetCore.App.Ref\8.0.11\ref\net8.0\Microsoft.Extensions.Caching.Memory.dll".
             Reference found at search path location "{RawFileName}".
             This reference is not "CopyLocal" because at least one source item had "Private" set to "false" and no source items had "Private" set to "true".
         Primary reference "Microsoft.Extensions.Configuration.Abstractions, Version=8.0.0.0, Culture=neutral, PublicKeyToken=adb9793829ddae60".
             Resolved file path is "C:\Program Files\dotnet\packs\Microsoft.AspNetCore.App.Ref\8.0.11\ref\net8.0\Microsoft.Extensions.Configuration.Abstractions.dll".
             Reference found at search path location "{RawFileName}".
             This reference is not "CopyLocal" because at least one source item had "Private" set to "false" and no source items had "Private" set to "true".
         Primary reference "Microsoft.Extensions.Configuration.Binder, Version=8.0.0.0, Culture=neutral, PublicKeyToken=adb9793829ddae60".
             Resolved file path is "C:\Program Files\dotnet\packs\Microsoft.AspNetCore.App.Ref\8.0.11\ref\net8.0\Microsoft.Extensions.Configuration.Binder.dll".
             Reference found at search path location "{RawFileName}".
             This reference is not "CopyLocal" because at least one source item had "Private" set to "false" and no source items had "Private" set to "true".
         Primary reference "Microsoft.Extensions.Configuration.CommandLine, Version=8.0.0.0, Culture=neutral, PublicKeyToken=adb9793829ddae60".
             Resolved file path is "C:\Program Files\dotnet\packs\Microsoft.AspNetCore.App.Ref\8.0.11\ref\net8.0\Microsoft.Extensions.Configuration.CommandLine.dll".
             Reference found at search path location "{RawFileName}".
             This reference is not "CopyLocal" because at least one source item had "Private" set to "false" and no source items had "Private" set to "true".
         Primary reference "Microsoft.Extensions.Configuration.EnvironmentVariables, Version=8.0.0.0, Culture=neutral, PublicKeyToken=adb9793829ddae60".
             Resolved file path is "C:\Program Files\dotnet\packs\Microsoft.AspNetCore.App.Ref\8.0.11\ref\net8.0\Microsoft.Extensions.Configuration.EnvironmentVariables.dll".
             Reference found at search path location "{RawFileName}".
             This reference is not "CopyLocal" because at least one source item had "Private" set to "false" and no source items had "Private" set to "true".
         Primary reference "Microsoft.Extensions.Configuration.FileExtensions, Version=8.0.0.0, Culture=neutral, PublicKeyToken=adb9793829ddae60".
             Resolved file path is "C:\Program Files\dotnet\packs\Microsoft.AspNetCore.App.Ref\8.0.11\ref\net8.0\Microsoft.Extensions.Configuration.FileExtensions.dll".
             Reference found at search path location "{RawFileName}".
             This reference is not "CopyLocal" because at least one source item had "Private" set to "false" and no source items had "Private" set to "true".
         Primary reference "Microsoft.Extensions.Configuration.Ini, Version=8.0.0.0, Culture=neutral, PublicKeyToken=adb9793829ddae60".
             Resolved file path is "C:\Program Files\dotnet\packs\Microsoft.AspNetCore.App.Ref\8.0.11\ref\net8.0\Microsoft.Extensions.Configuration.Ini.dll".
             Reference found at search path location "{RawFileName}".
             This reference is not "CopyLocal" because at least one source item had "Private" set to "false" and no source items had "Private" set to "true".
         Primary reference "Microsoft.Extensions.Configuration.Json, Version=8.0.0.0, Culture=neutral, PublicKeyToken=adb9793829ddae60".
             Resolved file path is "C:\Program Files\dotnet\packs\Microsoft.AspNetCore.App.Ref\8.0.11\ref\net8.0\Microsoft.Extensions.Configuration.Json.dll".
             Reference found at search path location "{RawFileName}".
             This reference is not "CopyLocal" because at least one source item had "Private" set to "false" and no source items had "Private" set to "true".
         Primary reference "Microsoft.Extensions.Configuration.KeyPerFile, Version=8.0.0.0, Culture=neutral, PublicKeyToken=adb9793829ddae60".
             Resolved file path is "C:\Program Files\dotnet\packs\Microsoft.AspNetCore.App.Ref\8.0.11\ref\net8.0\Microsoft.Extensions.Configuration.KeyPerFile.dll".
             Reference found at search path location "{RawFileName}".
             This reference is not "CopyLocal" because at least one source item had "Private" set to "false" and no source items had "Private" set to "true".
         Primary reference "Microsoft.Extensions.Configuration.UserSecrets, Version=8.0.0.0, Culture=neutral, PublicKeyToken=adb9793829ddae60".
             Resolved file path is "C:\Program Files\dotnet\packs\Microsoft.AspNetCore.App.Ref\8.0.11\ref\net8.0\Microsoft.Extensions.Configuration.UserSecrets.dll".
             Reference found at search path location "{RawFileName}".
             This reference is not "CopyLocal" because at least one source item had "Private" set to "false" and no source items had "Private" set to "true".
         Primary reference "Microsoft.Extensions.Configuration.Xml, Version=8.0.0.0, Culture=neutral, PublicKeyToken=adb9793829ddae60".
             Resolved file path is "C:\Program Files\dotnet\packs\Microsoft.AspNetCore.App.Ref\8.0.11\ref\net8.0\Microsoft.Extensions.Configuration.Xml.dll".
             Reference found at search path location "{RawFileName}".
             This reference is not "CopyLocal" because at least one source item had "Private" set to "false" and no source items had "Private" set to "true".
         Primary reference "Microsoft.Extensions.Configuration, Version=8.0.0.0, Culture=neutral, PublicKeyToken=adb9793829ddae60".
             Resolved file path is "C:\Program Files\dotnet\packs\Microsoft.AspNetCore.App.Ref\8.0.11\ref\net8.0\Microsoft.Extensions.Configuration.dll".
             Reference found at search path location "{RawFileName}".
             This reference is not "CopyLocal" because at least one source item had "Private" set to "false" and no source items had "Private" set to "true".
         Primary reference "Microsoft.Extensions.DependencyInjection.Abstractions, Version=8.0.0.0, Culture=neutral, PublicKeyToken=adb9793829ddae60".
             Resolved file path is "C:\Program Files\dotnet\packs\Microsoft.AspNetCore.App.Ref\8.0.11\ref\net8.0\Microsoft.Extensions.DependencyInjection.Abstractions.dll".
             Reference found at search path location "{RawFileName}".
             This reference is not "CopyLocal" because at least one source item had "Private" set to "false" and no source items had "Private" set to "true".
         Primary reference "Microsoft.Extensions.DependencyInjection, Version=8.0.0.0, Culture=neutral, PublicKeyToken=adb9793829ddae60".
             Resolved file path is "C:\Program Files\dotnet\packs\Microsoft.AspNetCore.App.Ref\8.0.11\ref\net8.0\Microsoft.Extensions.DependencyInjection.dll".
             Reference found at search path location "{RawFileName}".
             This reference is not "CopyLocal" because at least one source item had "Private" set to "false" and no source items had "Private" set to "true".
         Primary reference "Microsoft.Extensions.Diagnostics.Abstractions, Version=8.0.0.0, Culture=neutral, PublicKeyToken=adb9793829ddae60".
             Resolved file path is "C:\Program Files\dotnet\packs\Microsoft.AspNetCore.App.Ref\8.0.11\ref\net8.0\Microsoft.Extensions.Diagnostics.Abstractions.dll".
             Reference found at search path location "{RawFileName}".
             This reference is not "CopyLocal" because at least one source item had "Private" set to "false" and no source items had "Private" set to "true".
         Primary reference "Microsoft.Extensions.Diagnostics.HealthChecks.Abstractions, Version=8.0.0.0, Culture=neutral, PublicKeyToken=adb9793829ddae60".
             Resolved file path is "C:\Program Files\dotnet\packs\Microsoft.AspNetCore.App.Ref\8.0.11\ref\net8.0\Microsoft.Extensions.Diagnostics.HealthChecks.Abstractions.dll".
             Reference found at search path location "{RawFileName}".
             This reference is not "CopyLocal" because at least one source item had "Private" set to "false" and no source items had "Private" set to "true".
         Primary reference "Microsoft.Extensions.Diagnostics.HealthChecks, Version=8.0.0.0, Culture=neutral, PublicKeyToken=adb9793829ddae60".
             Resolved file path is "C:\Program Files\dotnet\packs\Microsoft.AspNetCore.App.Ref\8.0.11\ref\net8.0\Microsoft.Extensions.Diagnostics.HealthChecks.dll".
             Reference found at search path location "{RawFileName}".
             This reference is not "CopyLocal" because at least one source item had "Private" set to "false" and no source items had "Private" set to "true".
         Primary reference "Microsoft.Extensions.Diagnostics, Version=8.0.0.0, Culture=neutral, PublicKeyToken=adb9793829ddae60".
             Resolved file path is "C:\Program Files\dotnet\packs\Microsoft.AspNetCore.App.Ref\8.0.11\ref\net8.0\Microsoft.Extensions.Diagnostics.dll".
             Reference found at search path location "{RawFileName}".
             This reference is not "CopyLocal" because at least one source item had "Private" set to "false" and no source items had "Private" set to "true".
         Primary reference "Microsoft.Extensions.Features, Version=8.0.0.0, Culture=neutral, PublicKeyToken=adb9793829ddae60".
             Resolved file path is "C:\Program Files\dotnet\packs\Microsoft.AspNetCore.App.Ref\8.0.11\ref\net8.0\Microsoft.Extensions.Features.dll".
             Reference found at search path location "{RawFileName}".
             This reference is not "CopyLocal" because at least one source item had "Private" set to "false" and no source items had "Private" set to "true".
         Primary reference "Microsoft.Extensions.FileProviders.Abstractions, Version=8.0.0.0, Culture=neutral, PublicKeyToken=adb9793829ddae60".
             Resolved file path is "C:\Program Files\dotnet\packs\Microsoft.AspNetCore.App.Ref\8.0.11\ref\net8.0\Microsoft.Extensions.FileProviders.Abstractions.dll".
             Reference found at search path location "{RawFileName}".
             This reference is not "CopyLocal" because at least one source item had "Private" set to "false" and no source items had "Private" set to "true".
         Primary reference "Microsoft.Extensions.FileProviders.Composite, Version=8.0.0.0, Culture=neutral, PublicKeyToken=adb9793829ddae60".
             Resolved file path is "C:\Program Files\dotnet\packs\Microsoft.AspNetCore.App.Ref\8.0.11\ref\net8.0\Microsoft.Extensions.FileProviders.Composite.dll".
             Reference found at search path location "{RawFileName}".
             This reference is not "CopyLocal" because at least one source item had "Private" set to "false" and no source items had "Private" set to "true".
         Primary reference "Microsoft.Extensions.FileProviders.Embedded, Version=8.0.0.0, Culture=neutral, PublicKeyToken=adb9793829ddae60".
             Resolved file path is "C:\Program Files\dotnet\packs\Microsoft.AspNetCore.App.Ref\8.0.11\ref\net8.0\Microsoft.Extensions.FileProviders.Embedded.dll".
             Reference found at search path location "{RawFileName}".
             This reference is not "CopyLocal" because at least one source item had "Private" set to "false" and no source items had "Private" set to "true".
         Primary reference "Microsoft.Extensions.FileProviders.Physical, Version=8.0.0.0, Culture=neutral, PublicKeyToken=adb9793829ddae60".
             Resolved file path is "C:\Program Files\dotnet\packs\Microsoft.AspNetCore.App.Ref\8.0.11\ref\net8.0\Microsoft.Extensions.FileProviders.Physical.dll".
             Reference found at search path location "{RawFileName}".
             This reference is not "CopyLocal" because at least one source item had "Private" set to "false" and no source items had "Private" set to "true".
         Primary reference "Microsoft.Extensions.FileSystemGlobbing, Version=8.0.0.0, Culture=neutral, PublicKeyToken=adb9793829ddae60".
             Resolved file path is "C:\Program Files\dotnet\packs\Microsoft.AspNetCore.App.Ref\8.0.11\ref\net8.0\Microsoft.Extensions.FileSystemGlobbing.dll".
             Reference found at search path location "{RawFileName}".
             This reference is not "CopyLocal" because at least one source item had "Private" set to "false" and no source items had "Private" set to "true".
         Primary reference "Microsoft.Extensions.Hosting.Abstractions, Version=8.0.0.0, Culture=neutral, PublicKeyToken=adb9793829ddae60".
             Resolved file path is "C:\Program Files\dotnet\packs\Microsoft.AspNetCore.App.Ref\8.0.11\ref\net8.0\Microsoft.Extensions.Hosting.Abstractions.dll".
             Reference found at search path location "{RawFileName}".
             This reference is not "CopyLocal" because at least one source item had "Private" set to "false" and no source items had "Private" set to "true".
         Primary reference "Microsoft.Extensions.Hosting, Version=8.0.0.0, Culture=neutral, PublicKeyToken=adb9793829ddae60".
             Resolved file path is "C:\Program Files\dotnet\packs\Microsoft.AspNetCore.App.Ref\8.0.11\ref\net8.0\Microsoft.Extensions.Hosting.dll".
             Reference found at search path location "{RawFileName}".
             This reference is not "CopyLocal" because at least one source item had "Private" set to "false" and no source items had "Private" set to "true".
         Primary reference "Microsoft.Extensions.Http, Version=8.0.0.0, Culture=neutral, PublicKeyToken=adb9793829ddae60".
             Resolved file path is "C:\Program Files\dotnet\packs\Microsoft.AspNetCore.App.Ref\8.0.11\ref\net8.0\Microsoft.Extensions.Http.dll".
             Reference found at search path location "{RawFileName}".
             This reference is not "CopyLocal" because at least one source item had "Private" set to "false" and no source items had "Private" set to "true".
         Primary reference "Microsoft.Extensions.Identity.Core, Version=8.0.0.0, Culture=neutral, PublicKeyToken=adb9793829ddae60".
             Resolved file path is "C:\Program Files\dotnet\packs\Microsoft.AspNetCore.App.Ref\8.0.11\ref\net8.0\Microsoft.Extensions.Identity.Core.dll".
             Reference found at search path location "{RawFileName}".
             This reference is not "CopyLocal" because at least one source item had "Private" set to "false" and no source items had "Private" set to "true".
         Primary reference "Microsoft.Extensions.Identity.Stores, Version=8.0.0.0, Culture=neutral, PublicKeyToken=adb9793829ddae60".
             Resolved file path is "C:\Program Files\dotnet\packs\Microsoft.AspNetCore.App.Ref\8.0.11\ref\net8.0\Microsoft.Extensions.Identity.Stores.dll".
             Reference found at search path location "{RawFileName}".
             This reference is not "CopyLocal" because at least one source item had "Private" set to "false" and no source items had "Private" set to "true".
         Primary reference "Microsoft.Extensions.Localization.Abstractions, Version=8.0.0.0, Culture=neutral, PublicKeyToken=adb9793829ddae60".
             Resolved file path is "C:\Program Files\dotnet\packs\Microsoft.AspNetCore.App.Ref\8.0.11\ref\net8.0\Microsoft.Extensions.Localization.Abstractions.dll".
             Reference found at search path location "{RawFileName}".
             This reference is not "CopyLocal" because at least one source item had "Private" set to "false" and no source items had "Private" set to "true".
         Primary reference "Microsoft.Extensions.Localization, Version=8.0.0.0, Culture=neutral, PublicKeyToken=adb9793829ddae60".
             Resolved file path is "C:\Program Files\dotnet\packs\Microsoft.AspNetCore.App.Ref\8.0.11\ref\net8.0\Microsoft.Extensions.Localization.dll".
             Reference found at search path location "{RawFileName}".
             This reference is not "CopyLocal" because at least one source item had "Private" set to "false" and no source items had "Private" set to "true".
         Primary reference "Microsoft.Extensions.Logging.Abstractions, Version=8.0.0.0, Culture=neutral, PublicKeyToken=adb9793829ddae60".
             Resolved file path is "C:\Program Files\dotnet\packs\Microsoft.AspNetCore.App.Ref\8.0.11\ref\net8.0\Microsoft.Extensions.Logging.Abstractions.dll".
             Reference found at search path location "{RawFileName}".
             This reference is not "CopyLocal" because at least one source item had "Private" set to "false" and no source items had "Private" set to "true".
         Primary reference "Microsoft.Extensions.Logging.Configuration, Version=8.0.0.0, Culture=neutral, PublicKeyToken=adb9793829ddae60".
             Resolved file path is "C:\Program Files\dotnet\packs\Microsoft.AspNetCore.App.Ref\8.0.11\ref\net8.0\Microsoft.Extensions.Logging.Configuration.dll".
             Reference found at search path location "{RawFileName}".
             This reference is not "CopyLocal" because at least one source item had "Private" set to "false" and no source items had "Private" set to "true".
         Primary reference "Microsoft.Extensions.Logging.Console, Version=8.0.0.0, Culture=neutral, PublicKeyToken=adb9793829ddae60".
             Resolved file path is "C:\Program Files\dotnet\packs\Microsoft.AspNetCore.App.Ref\8.0.11\ref\net8.0\Microsoft.Extensions.Logging.Console.dll".
             Reference found at search path location "{RawFileName}".
             This reference is not "CopyLocal" because at least one source item had "Private" set to "false" and no source items had "Private" set to "true".
         Primary reference "Microsoft.Extensions.Logging.Debug, Version=8.0.0.0, Culture=neutral, PublicKeyToken=adb9793829ddae60".
             Resolved file path is "C:\Program Files\dotnet\packs\Microsoft.AspNetCore.App.Ref\8.0.11\ref\net8.0\Microsoft.Extensions.Logging.Debug.dll".
             Reference found at search path location "{RawFileName}".
             This reference is not "CopyLocal" because at least one source item had "Private" set to "false" and no source items had "Private" set to "true".
         Primary reference "Microsoft.Extensions.Logging.EventLog, Version=8.0.0.0, Culture=neutral, PublicKeyToken=adb9793829ddae60".
             Resolved file path is "C:\Program Files\dotnet\packs\Microsoft.AspNetCore.App.Ref\8.0.11\ref\net8.0\Microsoft.Extensions.Logging.EventLog.dll".
             Reference found at search path location "{RawFileName}".
             This reference is not "CopyLocal" because at least one source item had "Private" set to "false" and no source items had "Private" set to "true".
         Primary reference "Microsoft.Extensions.Logging.EventSource, Version=8.0.0.0, Culture=neutral, PublicKeyToken=adb9793829ddae60".
             Resolved file path is "C:\Program Files\dotnet\packs\Microsoft.AspNetCore.App.Ref\8.0.11\ref\net8.0\Microsoft.Extensions.Logging.EventSource.dll".
             Reference found at search path location "{RawFileName}".
             This reference is not "CopyLocal" because at least one source item had "Private" set to "false" and no source items had "Private" set to "true".
         Primary reference "Microsoft.Extensions.Logging.TraceSource, Version=8.0.0.0, Culture=neutral, PublicKeyToken=adb9793829ddae60".
             Resolved file path is "C:\Program Files\dotnet\packs\Microsoft.AspNetCore.App.Ref\8.0.11\ref\net8.0\Microsoft.Extensions.Logging.TraceSource.dll".
             Reference found at search path location "{RawFileName}".
             This reference is not "CopyLocal" because at least one source item had "Private" set to "false" and no source items had "Private" set to "true".
         Primary reference "Microsoft.Extensions.Logging, Version=8.0.0.0, Culture=neutral, PublicKeyToken=adb9793829ddae60".
             Resolved file path is "C:\Program Files\dotnet\packs\Microsoft.AspNetCore.App.Ref\8.0.11\ref\net8.0\Microsoft.Extensions.Logging.dll".
             Reference found at search path location "{RawFileName}".
             This reference is not "CopyLocal" because at least one source item had "Private" set to "false" and no source items had "Private" set to "true".
         Primary reference "Microsoft.Extensions.ObjectPool, Version=8.0.0.0, Culture=neutral, PublicKeyToken=adb9793829ddae60".
             Resolved file path is "C:\Program Files\dotnet\packs\Microsoft.AspNetCore.App.Ref\8.0.11\ref\net8.0\Microsoft.Extensions.ObjectPool.dll".
             Reference found at search path location "{RawFileName}".
             This reference is not "CopyLocal" because at least one source item had "Private" set to "false" and no source items had "Private" set to "true".
         Primary reference "Microsoft.Extensions.Options.ConfigurationExtensions, Version=8.0.0.0, Culture=neutral, PublicKeyToken=adb9793829ddae60".
             Resolved file path is "C:\Program Files\dotnet\packs\Microsoft.AspNetCore.App.Ref\8.0.11\ref\net8.0\Microsoft.Extensions.Options.ConfigurationExtensions.dll".
             Reference found at search path location "{RawFileName}".
             This reference is not "CopyLocal" because at least one source item had "Private" set to "false" and no source items had "Private" set to "true".
         Primary reference "Microsoft.Extensions.Options.DataAnnotations, Version=8.0.0.0, Culture=neutral, PublicKeyToken=adb9793829ddae60".
             Resolved file path is "C:\Program Files\dotnet\packs\Microsoft.AspNetCore.App.Ref\8.0.11\ref\net8.0\Microsoft.Extensions.Options.DataAnnotations.dll".
             Reference found at search path location "{RawFileName}".
             This reference is not "CopyLocal" because at least one source item had "Private" set to "false" and no source items had "Private" set to "true".
         Primary reference "Microsoft.Extensions.Options, Version=8.0.0.0, Culture=neutral, PublicKeyToken=adb9793829ddae60".
             Resolved file path is "C:\Program Files\dotnet\packs\Microsoft.AspNetCore.App.Ref\8.0.11\ref\net8.0\Microsoft.Extensions.Options.dll".
             Reference found at search path location "{RawFileName}".
             This reference is not "CopyLocal" because at least one source item had "Private" set to "false" and no source items had "Private" set to "true".
         Primary reference "Microsoft.Extensions.Primitives, Version=8.0.0.0, Culture=neutral, PublicKeyToken=adb9793829ddae60".
             Resolved file path is "C:\Program Files\dotnet\packs\Microsoft.AspNetCore.App.Ref\8.0.11\ref\net8.0\Microsoft.Extensions.Primitives.dll".
             Reference found at search path location "{RawFileName}".
             This reference is not "CopyLocal" because at least one source item had "Private" set to "false" and no source items had "Private" set to "true".
         Primary reference "Microsoft.Extensions.WebEncoders, Version=8.0.0.0, Culture=neutral, PublicKeyToken=adb9793829ddae60".
             Resolved file path is "C:\Program Files\dotnet\packs\Microsoft.AspNetCore.App.Ref\8.0.11\ref\net8.0\Microsoft.Extensions.WebEncoders.dll".
             Reference found at search path location "{RawFileName}".
             This reference is not "CopyLocal" because at least one source item had "Private" set to "false" and no source items had "Private" set to "true".
         Primary reference "Microsoft.JSInterop, Version=8.0.0.0, Culture=neutral, PublicKeyToken=adb9793829ddae60".
             Resolved file path is "C:\Program Files\dotnet\packs\Microsoft.AspNetCore.App.Ref\8.0.11\ref\net8.0\Microsoft.JSInterop.dll".
             Reference found at search path location "{RawFileName}".
             This reference is not "CopyLocal" because at least one source item had "Private" set to "false" and no source items had "Private" set to "true".
         Primary reference "Microsoft.Net.Http.Headers, Version=8.0.0.0, Culture=neutral, PublicKeyToken=adb9793829ddae60".
             Resolved file path is "C:\Program Files\dotnet\packs\Microsoft.AspNetCore.App.Ref\8.0.11\ref\net8.0\Microsoft.Net.Http.Headers.dll".
             Reference found at search path location "{RawFileName}".
             This reference is not "CopyLocal" because at least one source item had "Private" set to "false" and no source items had "Private" set to "true".
         Primary reference "System.Diagnostics.EventLog, Version=8.0.0.0, Culture=neutral, PublicKeyToken=cc7b13ffcd2ddd51".
             Resolved file path is "C:\Program Files\dotnet\packs\Microsoft.AspNetCore.App.Ref\8.0.11\ref\net8.0\System.Diagnostics.EventLog.dll".
             Reference found at search path location "{RawFileName}".
             This reference is not "CopyLocal" because at least one source item had "Private" set to "false" and no source items had "Private" set to "true".
         Primary reference "System.IO.Pipelines, Version=8.0.0.0, Culture=neutral, PublicKeyToken=cc7b13ffcd2ddd51".
             Resolved file path is "C:\Program Files\dotnet\packs\Microsoft.AspNetCore.App.Ref\8.0.11\ref\net8.0\System.IO.Pipelines.dll".
             Reference found at search path location "{RawFileName}".
             This reference is not "CopyLocal" because at least one source item had "Private" set to "false" and no source items had "Private" set to "true".
         Primary reference "System.Security.Cryptography.Xml, Version=8.0.0.0, Culture=neutral, PublicKeyToken=cc7b13ffcd2ddd51".
             Resolved file path is "C:\Program Files\dotnet\packs\Microsoft.AspNetCore.App.Ref\8.0.11\ref\net8.0\System.Security.Cryptography.Xml.dll".
             Reference found at search path location "{RawFileName}".
             This reference is not "CopyLocal" because at least one source item had "Private" set to "false" and no source items had "Private" set to "true".
         Primary reference "System.Threading.RateLimiting, Version=8.0.0.0, Culture=neutral, PublicKeyToken=cc7b13ffcd2ddd51".
             Resolved file path is "C:\Program Files\dotnet\packs\Microsoft.AspNetCore.App.Ref\8.0.11\ref\net8.0\System.Threading.RateLimiting.dll".
             Reference found at search path location "{RawFileName}".
             This reference is not "CopyLocal" because at least one source item had "Private" set to "false" and no source items had "Private" set to "true".
       Done executing task "ResolveAssemblyReference".
   1:7>Done building target "ResolveAssemblyReferences" in project "StudentFormsApi.csproj".
       Target "GenerateBindingRedirects" skipped, due to false condition; ('$(AutoGenerateBindingRedirects)' == 'true' and '$(GenerateBindingRedirectsOutputType)' == 'true' and '@(SuggestedBindingRedirects)' != '' and '$(DesignTimeBuild)' != 'true' and '$(BuildingProject)' == 'true') was evaluated as ('' == 'true' and 'true' == 'true' and '' != '' and '' != 'true' and 'true' == 'true').
       Target "GenerateSupportedRuntime" skipped, due to false condition; ('$(GenerateSupportedRuntime)' != 'false' and '$(TargetFrameworkIdentifier)' == '.NETFramework' and '$(HasRuntimeOutput)' == 'true') was evaluated as ('' != 'false' and '.NETCoreApp' == '.NETFramework' and 'true' == 'true').
       Target "GenerateBindingRedirectsUpdateAppConfig" skipped, due to false condition; ('$(AutoGenerateBindingRedirects)' == 'true' and '$(GenerateBindingRedirectsOutputType)' == 'true') was evaluated as ('' == 'true' and 'true' == 'true').
       Target "ResolveComReferences" skipped, due to false condition; ('@(COMReference)'!='' or '@(COMFileReference)'!='') was evaluated as (''!='' or ''!='').
   1:7>Target "AfterResolveReferences" in file "C:\Program Files\dotnet\sdk\9.0.101\Microsoft.Common.CurrentVersion.targets" from project "D:\Personal\MS3\VedhamsMidway\SRM\srm\StudentFormsApi\StudentFormsApi.csproj" (target "ResolveReferences" depends on it):
   1:7>Done building target "AfterResolveReferences" in project "StudentFormsApi.csproj".
   1:7>Target "ResolveReferences" in file "C:\Program Files\dotnet\sdk\9.0.101\Microsoft.Common.CurrentVersion.targets" from project "D:\Personal\MS3\VedhamsMidway\SRM\srm\StudentFormsApi\StudentFormsApi.csproj" (target "_BlockWinMDsOnUnsupportedTFMs" depends on it):
   1:7>Done building target "ResolveReferences" in project "StudentFormsApi.csproj".
   1:7>Target "_BlockWinMDsOnUnsupportedTFMs" in file "C:\Program Files\dotnet\sdk\9.0.101\Sdks\Microsoft.NET.Sdk\targets\Microsoft.NET.Sdk.targets" from project "D:\Personal\MS3\VedhamsMidway\SRM\srm\StudentFormsApi\StudentFormsApi.csproj" (target "CoreBuild" depends on it):
       Using "CheckForUnsupportedWinMDReferences" task from assembly "C:\Program Files\dotnet\sdk\9.0.101\Sdks\Microsoft.NET.Sdk\targets\..\tools\net9.0\Microsoft.NET.Build.Tasks.dll".
       Task "CheckForUnsupportedWinMDReferences"
       Done executing task "CheckForUnsupportedWinMDReferences".
       Task "NETSdkError" skipped, due to false condition; ('$(OutputType)' == 'winmdobj') was evaluated as ('Exe' == 'winmdobj').
   1:7>Done building target "_BlockWinMDsOnUnsupportedTFMs" in project "StudentFormsApi.csproj".
       Target "ResolveReferences" skipped. Previously built successfully.
       Target "ResolvePackageDependenciesForBuild" skipped. Previously built successfully.
       Target "_HandlePackageFileConflicts" skipped. Previously built successfully.
   1:7>Target "CopyAdditionalFiles" in file "C:\Program Files\dotnet\sdk\9.0.101\Roslyn\Microsoft.Managed.Core.targets" from project "D:\Personal\MS3\VedhamsMidway\SRM\srm\StudentFormsApi\StudentFormsApi.csproj" (target "AssignTargetPaths" depends on it):
   1:7>Done building target "CopyAdditionalFiles" in project "StudentFormsApi.csproj".
       Target "ResolvePackageAssets" skipped. Previously built successfully.
       Target "ResolveFrameworkReferences" skipped. Previously built successfully.
   1:7>Target "_GetAppHostPaths" in file "C:\Program Files\dotnet\sdk\9.0.101\Sdks\Microsoft.NET.Sdk\targets\Microsoft.NET.Sdk.targets" from project "D:\Personal\MS3\VedhamsMidway\SRM\srm\StudentFormsApi\StudentFormsApi.csproj" (target "_ComputeNETCoreBuildOutputFiles" depends on it):
       Task "NETSdkError" skipped, due to false condition; ('@(_NativeRestoredAppHostNETCore->Count())' > 1) was evaluated as ('0' > 1).
   1:7>Done building target "_GetAppHostPaths" in project "StudentFormsApi.csproj".
       Target "_GetComHostPaths" skipped, due to false condition; ('$(EnableComHosting)' == 'true' and '$(_IsExecutable)' != 'true') was evaluated as ('' == 'true' and 'true' != 'true').
       Target "_GetIjwHostPaths" skipped, due to false condition; ('$(UseIJWHost)' == 'true') was evaluated as ('' == 'true').
   1:7>Target "_ComputeNETCoreBuildOutputFiles" in file "C:\Program Files\dotnet\sdk\9.0.101\Sdks\Microsoft.NET.Sdk\targets\Microsoft.NET.Sdk.targets" from project "D:\Personal\MS3\VedhamsMidway\SRM\srm\StudentFormsApi\StudentFormsApi.csproj" (target "AssignTargetPaths" depends on it):
   1:7>Done building target "_ComputeNETCoreBuildOutputFiles" in project "StudentFormsApi.csproj".
   1:7>Target "ResolveStaticWebAssetsConfiguration" in file "C:\Program Files\dotnet\sdk\9.0.101\Sdks\Microsoft.NET.Sdk.StaticWebAssets\targets\Microsoft.NET.Sdk.StaticWebAssets.targets" from project "D:\Personal\MS3\VedhamsMidway\SRM\srm\StudentFormsApi\StudentFormsApi.csproj" (target "ResolveProjectStaticWebAssets" depends on it):
       Task "MakeDir" skipped, due to false condition; (!Exists('$(_StaticWebAssetsManifestBase)')) was evaluated as (!Exists('obj\Debug\net8.0\')).
       Task "MakeDir" skipped, due to false condition; (!Exists('$(_StaticWebAssetsIntermediateOutputPath)')) was evaluated as (!Exists('obj\Debug\net8.0\staticwebassets\')).
   1:7>Done building target "ResolveStaticWebAssetsConfiguration" in project "StudentFormsApi.csproj".
   1:7>Target "UpdateExistingPackageStaticWebAssets" in file "C:\Program Files\dotnet\sdk\9.0.101\Sdks\Microsoft.NET.Sdk.StaticWebAssets\targets\Microsoft.NET.Sdk.StaticWebAssets.targets" from project "D:\Personal\MS3\VedhamsMidway\SRM\srm\StudentFormsApi\StudentFormsApi.csproj" (target "ResolveProjectStaticWebAssets" depends on it):
       Using "UpdatePackageStaticWebAssets" task from assembly "C:\Program Files\dotnet\sdk\9.0.101\Sdks\Microsoft.NET.Sdk.StaticWebAssets\targets\..\tasks\net9.0\Microsoft.NET.Sdk.StaticWebAssets.Tasks.dll".
       Task "UpdatePackageStaticWebAssets"
       Done executing task "UpdatePackageStaticWebAssets".
   1:7>Done building target "UpdateExistingPackageStaticWebAssets" in project "StudentFormsApi.csproj".
   1:7>Target "ResolveProjectStaticWebAssets" in file "C:\Program Files\dotnet\sdk\9.0.101\Sdks\Microsoft.NET.Sdk.StaticWebAssets\targets\Microsoft.NET.Sdk.StaticWebAssets.targets" from project "D:\Personal\MS3\VedhamsMidway\SRM\srm\StudentFormsApi\StudentFormsApi.csproj" (target "AssignTargetPaths" depends on it):
       Using "DefineStaticWebAssets" task from assembly "C:\Program Files\dotnet\sdk\9.0.101\Sdks\Microsoft.NET.Sdk.StaticWebAssets\targets\..\tasks\net9.0\Microsoft.NET.Sdk.StaticWebAssets.Tasks.dll".
       Task "DefineStaticWebAssets"
         Assembly loaded during TaskRun (Microsoft.AspNetCore.StaticWebAssets.Tasks.DefineStaticWebAssets): Microsoft.Extensions.FileSystemGlobbing, Version=9.0.0.0, Culture=neutral, PublicKeyToken=adb9793829ddae60 (location: C:\Program Files\dotnet\sdk\9.0.101\Sdks\Microsoft.NET.Sdk.StaticWebAssets\tasks\net9.0\Microsoft.Extensions.FileSystemGlobbing.dll, MVID: 61f5437c-7ea3-4fd0-b164-6597569e29f9, AssemblyLoadContext: MSBuild plugin C:\Program Files\dotnet\sdk\9.0.101\Sdks\Microsoft.NET.Sdk.StaticWebAssets\tasks\net9.0\Microsoft.NET.Sdk.StaticWebAssets.Tasks.dll)
         Rejected asset 'appsettings.Development.json' for pattern 'wwwroot/**'
         Rejected asset 'appsettings.json' for pattern 'wwwroot/**'
       Done executing task "DefineStaticWebAssets".
       Using "DefineStaticWebAssetEndpoints" task from assembly "C:\Program Files\dotnet\sdk\9.0.101\Sdks\Microsoft.NET.Sdk.StaticWebAssets\targets\..\tasks\net9.0\Microsoft.NET.Sdk.StaticWebAssets.Tasks.dll".
       Task "DefineStaticWebAssetEndpoints"
       Done executing task "DefineStaticWebAssetEndpoints".
   1:7>Done building target "ResolveProjectStaticWebAssets" in project "StudentFormsApi.csproj".
   1:7>Target "AssignTargetPaths" in file "C:\Program Files\dotnet\sdk\9.0.101\Microsoft.Common.CurrentVersion.targets" from project "D:\Personal\MS3\VedhamsMidway\SRM\srm\StudentFormsApi\StudentFormsApi.csproj" (target "PrepareResourceNames" depends on it):
       Using "AssignTargetPath" task from assembly "Microsoft.Build.Tasks.Core, Version=15.1.0.0, Culture=neutral, PublicKeyToken=b03f5f7f11d50a3a".
       Task "AssignTargetPath"
       Done executing task "AssignTargetPath".
       Task "AssignTargetPath"
       Done executing task "AssignTargetPath".
       Task "AssignTargetPath"
       Done executing task "AssignTargetPath".
       Task "AssignTargetPath"
       Done executing task "AssignTargetPath".
       Task "AssignTargetPath" skipped, due to false condition; ('@(_DeploymentBaseManifestWithTargetPath)'=='' and '%(None.Extension)'=='.manifest') was evaluated as (''=='' and '.log'=='.manifest').
       Task "AssignTargetPath" skipped, due to false condition; ('@(_DeploymentBaseManifestWithTargetPath)'=='' and '%(None.Extension)'=='.manifest') was evaluated as (''=='' and '.http'=='.manifest').
       Task "AssignTargetPath" skipped, due to false condition; ('@(_DeploymentBaseManifestWithTargetPath)'=='' and '%(None.Extension)'=='.manifest') was evaluated as (''=='' and '.sql'=='.manifest').
       Task "AssignTargetPath" skipped, due to false condition; ('@(_DeploymentBaseManifestWithTargetPath)'=='' and '%(None.Extension)'=='.manifest') was evaluated as (''=='' and '.json'=='.manifest').
       Task "AssignTargetPath" skipped, due to false condition; ('@(_DeploymentBaseManifestWithTargetPath)'=='' and '%(None.Extension)'=='.manifest') was evaluated as (''=='' and '.exe'=='.manifest').
   1:7>Done building target "AssignTargetPaths" in project "StudentFormsApi.csproj".
       Target "AssignTargetPaths" skipped. Previously built successfully.
   1:7>Target "SplitResourcesByCulture" in file "C:\Program Files\dotnet\sdk\9.0.101\Microsoft.Common.CurrentVersion.targets" from project "D:\Personal\MS3\VedhamsMidway\SRM\srm\StudentFormsApi\StudentFormsApi.csproj" (target "PrepareResourceNames" depends on it):
       Task "Warning" skipped, due to false condition; ('@(ResxWithNoCulture)'!='') was evaluated as (''!='').
       Task "Warning" skipped, due to false condition; ('@(ResxWithCulture)'!='') was evaluated as (''!='').
       Task "Warning" skipped, due to false condition; ('@(NonResxWithCulture)'!='') was evaluated as (''!='').
       Task "Warning" skipped, due to false condition; ('@(NonResxWithNoCulture)'!='') was evaluated as (''!='').
       Using "AssignCulture" task from assembly "Microsoft.Build.Tasks.Core, Version=15.1.0.0, Culture=neutral, PublicKeyToken=b03f5f7f11d50a3a".
       Task "AssignCulture"
       Done executing task "AssignCulture".
   1:7>Done building target "SplitResourcesByCulture" in project "StudentFormsApi.csproj".
       Target "CreateManifestResourceNames" skipped, due to false condition; ('@(EmbeddedResource)' != '') was evaluated as ('' != '').
   1:7>Target "CreateCustomManifestResourceNames" in file "C:\Program Files\dotnet\sdk\9.0.101\Microsoft.Common.CurrentVersion.targets" from project "D:\Personal\MS3\VedhamsMidway\SRM\srm\StudentFormsApi\StudentFormsApi.csproj" (target "PrepareResourceNames" depends on it):
   1:7>Done building target "CreateCustomManifestResourceNames" in project "StudentFormsApi.csproj".
   1:7>Target "PrepareResourceNames" in file "C:\Program Files\dotnet\sdk\9.0.101\Microsoft.Common.CurrentVersion.targets" from project "D:\Personal\MS3\VedhamsMidway\SRM\srm\StudentFormsApi\StudentFormsApi.csproj" (target "PrepareResources" depends on it):
   1:7>Done building target "PrepareResourceNames" in project "StudentFormsApi.csproj".
       Target "ResolveAssemblyReferences" skipped. Previously built successfully.
       Target "SplitResourcesByCulture" skipped. Previously built successfully.
   1:7>Target "BeforeResGen" in file "C:\Program Files\dotnet\sdk\9.0.101\Microsoft.Common.CurrentVersion.targets" from project "D:\Personal\MS3\VedhamsMidway\SRM\srm\StudentFormsApi\StudentFormsApi.csproj" (target "ResGen" depends on it):
   1:7>Done building target "BeforeResGen" in project "StudentFormsApi.csproj".
       Target "ResolveReferences" skipped. Previously built successfully.
   1:7>Target "FindReferenceAssembliesForReferences" in file "C:\Program Files\dotnet\sdk\9.0.101\Microsoft.Common.CurrentVersion.targets" from project "D:\Personal\MS3\VedhamsMidway\SRM\srm\StudentFormsApi\StudentFormsApi.csproj" (target "CoreResGen" depends on it):
   1:7>Done building target "FindReferenceAssembliesForReferences" in project "StudentFormsApi.csproj".
   1:7>Target "CoreResGen" in file "C:\Program Files\dotnet\sdk\9.0.101\Microsoft.Common.CurrentVersion.targets" from project "D:\Personal\MS3\VedhamsMidway\SRM\srm\StudentFormsApi\StudentFormsApi.csproj" (target "ResGen" depends on it):
       Task "GenerateResource" skipped, due to false condition; ('%(EmbeddedResource.Type)' == 'Resx' and '%(EmbeddedResource.GenerateResource)' != 'false' and '$(GenerateResourceMSBuildRuntime)' != 'CLR2') was evaluated as ('' == 'Resx' and '' != 'false' and 'CurrentRuntime' != 'CLR2').
       Task "GenerateResource" skipped, due to false condition; ('%(EmbeddedResource.Type)' == 'Resx' and '%(EmbeddedResource.GenerateResource)' != 'false' and '$(GenerateResourceMSBuildRuntime)' == 'CLR2') was evaluated as ('' == 'Resx' and '' != 'false' and 'CurrentRuntime' == 'CLR2').
   1:7>Done building target "CoreResGen" in project "StudentFormsApi.csproj".
   1:7>Target "AfterResGen" in file "C:\Program Files\dotnet\sdk\9.0.101\Microsoft.Common.CurrentVersion.targets" from project "D:\Personal\MS3\VedhamsMidway\SRM\srm\StudentFormsApi\StudentFormsApi.csproj" (target "ResGen" depends on it):
   1:7>Done building target "AfterResGen" in project "StudentFormsApi.csproj".
   1:7>Target "ResGen" in file "C:\Program Files\dotnet\sdk\9.0.101\Microsoft.Common.CurrentVersion.targets" from project "D:\Personal\MS3\VedhamsMidway\SRM\srm\StudentFormsApi\StudentFormsApi.csproj" (target "PrepareResources" depends on it):
   1:7>Done building target "ResGen" in project "StudentFormsApi.csproj".
       Target "CompileLicxFiles" skipped, due to false condition; ('@(_LicxFile)'!='') was evaluated as (''!='').
   1:7>Target "PrepareResources" in file "C:\Program Files\dotnet\sdk\9.0.101\Microsoft.Common.CurrentVersion.targets" from project "D:\Personal\MS3\VedhamsMidway\SRM\srm\StudentFormsApi\StudentFormsApi.csproj" (target "CoreBuild" depends on it):
   1:7>Done building target "PrepareResources" in project "StudentFormsApi.csproj".
       Target "ResolveKeySource" skipped, due to false condition; ($(SignManifests) == 'true' or $(SignAssembly) == 'true') was evaluated as ( == 'true' or false == 'true').
       Target "ResolveReferences" skipped. Previously built successfully.
       Target "ResolveKeySource" skipped, due to false condition; ($(SignManifests) == 'true' or $(SignAssembly) == 'true') was evaluated as ( == 'true' or false == 'true').
       Target "ResolveComReferences" skipped, due to false condition; ('@(COMReference)'!='' or '@(COMFileReference)'!='') was evaluated as (''!='' or ''!='').
       Target "ResolveNativeReferences" skipped, due to false condition; ('@(NativeReference)'!='') was evaluated as (''!='').
       Target "_SetExternalWin32ManifestProperties" skipped, due to false condition; ('$(GenerateClickOnceManifests)'=='true' or '@(NativeReference)'!='' or '@(ResolvedIsolatedComModules)'!='') was evaluated as (''=='true' or ''!='' or ''!='').
   1:7>Target "_SetEmbeddedWin32ManifestProperties" in file "C:\Program Files\dotnet\sdk\9.0.101\Microsoft.Common.CurrentVersion.targets" from project "D:\Personal\MS3\VedhamsMidway\SRM\srm\StudentFormsApi\StudentFormsApi.csproj" (target "SetWin32ManifestProperties" depends on it):
       Using "GetFrameworkPath" task from assembly "Microsoft.Build.Tasks.Core, Version=15.1.0.0, Culture=neutral, PublicKeyToken=b03f5f7f11d50a3a".
       Task "GetFrameworkPath"
       Done executing task "GetFrameworkPath".
   1:7>Done building target "_SetEmbeddedWin32ManifestProperties" in project "StudentFormsApi.csproj".
   1:7>Target "SetWin32ManifestProperties" in file "C:\Program Files\dotnet\sdk\9.0.101\Microsoft.Common.CurrentVersion.targets" from project "D:\Personal\MS3\VedhamsMidway\SRM\srm\StudentFormsApi\StudentFormsApi.csproj" (target "Compile" depends on it):
   1:7>Done building target "SetWin32ManifestProperties" in project "StudentFormsApi.csproj".
       Target "_SetPreferNativeArm64Win32ManifestProperties" skipped, due to false condition; ( '$(PreferNativeArm64)'=='true' and '$(NoWin32Manifest)'!='true') was evaluated as ( 'false'=='true' and ''!='true').
       Target "FindReferenceAssembliesForReferences" skipped. Previously built successfully.
   1:7>Target "_GenerateCompileInputs" in file "C:\Program Files\dotnet\sdk\9.0.101\Microsoft.Common.CurrentVersion.targets" from project "D:\Personal\MS3\VedhamsMidway\SRM\srm\StudentFormsApi\StudentFormsApi.csproj" (target "Compile" depends on it):
       Task "Warning" skipped, due to false condition; ('@(ManifestResourceWithNoCulture)'!='' and '%(ManifestResourceWithNoCulture.EmittedForCompatibilityOnly)'=='') was evaluated as (''!='' and ''=='').
       Task "Warning" skipped, due to false condition; ('@(ManifestNonResxWithNoCultureOnDisk)'!='' and '%(ManifestNonResxWithNoCultureOnDisk.EmittedForCompatibilityOnly)'=='') was evaluated as (''!='' and ''=='').
   1:7>Done building target "_GenerateCompileInputs" in project "StudentFormsApi.csproj".
       Target "PrepareForBuild" skipped. Previously built successfully.
   1:7>Target "ResolveRazorConfiguration" in file "C:\Program Files\dotnet\sdk\9.0.101\Sdks\Microsoft.NET.Sdk.Razor\targets\Sdk.Razor.CurrentVersion.targets" from project "D:\Personal\MS3\VedhamsMidway\SRM\srm\StudentFormsApi\StudentFormsApi.csproj" (target "PrepareForRazorGenerate" depends on it):
       Task "Warning" skipped, due to false condition; ('$(_Targeting30OrNewerRazorLangVersion)' == 'true' AND '@(ResolvedRazorConfiguration->Count())' == '0') was evaluated as ('true' == 'true' AND '1' == '0').
       Task "Warning" skipped, due to false condition; ('$(_Targeting30OrNewerRazorLangVersion)' == 'true' AND '@(ResolvedRazorConfiguration->Count())' > '1') was evaluated as ('true' == 'true' AND '1' > '1').
       Task "Warning" skipped, due to false condition; ('$(_Targeting30OrNewerRazorLangVersion)' != 'true' AND '$(_TargetingNETCoreApp30OrLater)' == 'true') was evaluated as ('true' != 'true' AND 'true' == 'true').
       Using "FindInList" task from assembly "Microsoft.Build.Tasks.Core, Version=15.1.0.0, Culture=neutral, PublicKeyToken=b03f5f7f11d50a3a".
       Task "FindInList"
         Found "MVC-3.0".
       Done executing task "FindInList".
   1:7>Done building target "ResolveRazorConfiguration" in project "StudentFormsApi.csproj".
       Target "ResolveRazorGenerateInputs" skipped. Previously built successfully.
       Target "AssignRazorGenerateTargetPaths" skipped, due to false condition; ('@(RazorGenerate)' != '') was evaluated as ('' != '').
   1:7>Target "ResolveScopedCssInputs" in file "C:\Program Files\dotnet\sdk\9.0.101\Sdks\Microsoft.NET.Sdk.StaticWebAssets\targets\Microsoft.NET.Sdk.StaticWebAssets.ScopedCss.targets" from project "D:\Personal\MS3\VedhamsMidway\SRM\srm\StudentFormsApi\StudentFormsApi.csproj" (target "ComputeCssScope" depends on it):
       Using "DiscoverDefaultScopedCssItems" task from assembly "C:\Program Files\dotnet\sdk\9.0.101\Sdks\Microsoft.NET.Sdk.StaticWebAssets\targets\..\tasks\net9.0\Microsoft.NET.Sdk.StaticWebAssets.Tasks.dll".
       Task "DiscoverDefaultScopedCssItems"
       Done executing task "DiscoverDefaultScopedCssItems".
   1:7>Done building target "ResolveScopedCssInputs" in project "StudentFormsApi.csproj".
   1:7>Target "ComputeCssScope" in file "C:\Program Files\dotnet\sdk\9.0.101\Sdks\Microsoft.NET.Sdk.StaticWebAssets\targets\Microsoft.NET.Sdk.StaticWebAssets.ScopedCss.targets" from project "D:\Personal\MS3\VedhamsMidway\SRM\srm\StudentFormsApi\StudentFormsApi.csproj" (target "ResolveCssScopes" depends on it):
       Using "ComputeCssScope" task from assembly "C:\Program Files\dotnet\sdk\9.0.101\Sdks\Microsoft.NET.Sdk.StaticWebAssets\targets\..\tasks\net9.0\Microsoft.NET.Sdk.StaticWebAssets.Tasks.dll".
       Task "ComputeCssScope"
       Done executing task "ComputeCssScope".
   1:7>Done building target "ComputeCssScope" in project "StudentFormsApi.csproj".
   1:7>Target "ResolveRazorComponentInputs" in file "C:\Program Files\dotnet\sdk\9.0.101\Sdks\Microsoft.NET.Sdk.Razor\targets\Sdk.Razor.CurrentVersion.targets" from project "D:\Personal\MS3\VedhamsMidway\SRM\srm\StudentFormsApi\StudentFormsApi.csproj" (target "ResolveCssScopes" depends on it):
   1:7>Done building target "ResolveRazorComponentInputs" in project "StudentFormsApi.csproj".
       Target "ResolveRazorGenerateInputs" skipped. Previously built successfully.
   1:7>Target "ResolveCssScopes" in file "C:\Program Files\dotnet\sdk\9.0.101\Sdks\Microsoft.NET.Sdk.Razor\targets\Sdk.Razor.CurrentVersion.targets" from project "D:\Personal\MS3\VedhamsMidway\SRM\srm\StudentFormsApi\StudentFormsApi.csproj" (target "AssignRazorGenerateTargetPaths" depends on it):
       Using "ApplyCssScopes" task from assembly "C:\Program Files\dotnet\sdk\9.0.101\Sdks\Microsoft.NET.Sdk.StaticWebAssets\targets\..\tasks\net9.0\Microsoft.NET.Sdk.StaticWebAssets.Tasks.dll".
       Task "ApplyCssScopes"
       Done executing task "ApplyCssScopes".
   1:7>Done building target "ResolveCssScopes" in project "StudentFormsApi.csproj".
   1:7>Target "_ResolveGeneratedRazorCompileInputs" in file "C:\Program Files\dotnet\sdk\9.0.101\Sdks\Microsoft.NET.Sdk.Razor\targets\Sdk.Razor.CurrentVersion.targets" from project "D:\Personal\MS3\VedhamsMidway\SRM\srm\StudentFormsApi\StudentFormsApi.csproj" (target "PrepareForRazorGenerate" depends on it):
   1:7>Done building target "_ResolveGeneratedRazorCompileInputs" in project "StudentFormsApi.csproj".
       Target "_CheckForIncorrectMvcConfiguration" skipped, due to false condition; ('@(ResolvedRazorConfiguration)' == 'Default' AND
             ('$(RazorCompileOnBuild)' == 'true' OR '$(RazorCompileOnPublish)' =='true') AND
             '@(RazorGenerate->Count())' != '0' AND
             '$(_Targeting30OrNewerRazorLangVersion)' == 'true' AND
             '$(_IsTargetingRazor2X)' != 'true') was evaluated as ('MVC-3.0' == 'Default' AND
             ('true' == 'true' OR 'true' =='true') AND
             '0' != '0' AND
             'true' == 'true' AND
             '' != 'true').
   1:7>Target "PrepareForRazorGenerate" in file "C:\Program Files\dotnet\sdk\9.0.101\Sdks\Microsoft.NET.Sdk.Razor\targets\Sdk.Razor.CurrentVersion.targets" from project "D:\Personal\MS3\VedhamsMidway\SRM\srm\StudentFormsApi\StudentFormsApi.csproj" (target "_PrepareRazorSourceGenerators" depends on it):
   1:7>Done building target "PrepareForRazorGenerate" in project "StudentFormsApi.csproj".
       Target "ResolveRazorConfiguration" skipped. Previously built successfully.
       Target "ResolveRazorComponentInputs" skipped. Previously built successfully.
       Target "_CheckForIncorrectComponentsConfiguration" skipped, due to false condition; (('$(RazorCompileOnBuild)' == 'true' OR '$(RazorCompileOnPublish)' =='true') AND
             '@(RazorComponent->Count())' != '0' AND
             '$(_Targeting30OrNewerRazorLangVersion)' != 'true' AND
             '$(_IsTargetingRazor2X)' != 'true') was evaluated as (('true' == 'true' OR 'true' =='true') AND
             '0' != '0' AND
             'true' != 'true' AND
             '' != 'true').
       Target "AssignRazorComponentTargetPaths" skipped, due to false condition; ('@(RazorComponent)' != '') was evaluated as ('' != '').
   1:7>Target "PrepareForRazorComponentGenerate" in file "C:\Program Files\dotnet\sdk\9.0.101\Sdks\Microsoft.NET.Sdk.Razor\targets\Sdk.Razor.CurrentVersion.targets" from project "D:\Personal\MS3\VedhamsMidway\SRM\srm\StudentFormsApi\StudentFormsApi.csproj" (target "_PrepareRazorSourceGenerators" depends on it):
   1:7>Done building target "PrepareForRazorComponentGenerate" in project "StudentFormsApi.csproj".
   1:7>Target "_PrepareRazorSourceGenerators" in file "C:\Program Files\dotnet\sdk\9.0.101\Sdks\Microsoft.NET.Sdk.Razor\targets\Microsoft.NET.Sdk.Razor.SourceGenerators.targets" from project "D:\Personal\MS3\VedhamsMidway\SRM\srm\StudentFormsApi\StudentFormsApi.csproj" (target "GenerateMSBuildEditorConfigFileShouldRun" depends on it):
       Using "EncodeRazorInputItem" task from assembly "C:\Program Files\dotnet\sdk\9.0.101\Sdks\Microsoft.NET.Sdk.Razor\targets\..\tasks\net9.0\Microsoft.NET.Sdk.Razor.Tasks.dll".
       Task "EncodeRazorInputItem"
       Done executing task "EncodeRazorInputItem".
   1:7>Done building target "_PrepareRazorSourceGenerators" in project "StudentFormsApi.csproj".
   1:7>Target "GenerateMSBuildEditorConfigFileShouldRun" in file "C:\Program Files\dotnet\sdk\9.0.101\Roslyn\Microsoft.Managed.Core.targets" from project "D:\Personal\MS3\VedhamsMidway\SRM\srm\StudentFormsApi\StudentFormsApi.csproj" (target "GenerateMSBuildEditorConfigFile" depends on it):
   1:7>Done building target "GenerateMSBuildEditorConfigFileShouldRun" in project "StudentFormsApi.csproj".
   1:7>Target "AddGlobalAnalyzerConfigForPackage_MicrosoftCodeAnalysisCSharpCodeStyle" in file "C:\Program Files\dotnet\sdk\9.0.101\Sdks\Microsoft.NET.Sdk\codestyle\cs\build\Microsoft.CodeAnalysis.CSharp.CodeStyle.targets" from project "D:\Personal\MS3\VedhamsMidway\SRM\srm\StudentFormsApi\StudentFormsApi.csproj" (target "GenerateMSBuildEditorConfigFileCore" depends on it):
   1:7>Done building target "AddGlobalAnalyzerConfigForPackage_MicrosoftCodeAnalysisCSharpCodeStyle" in project "StudentFormsApi.csproj".
   1:7>Target "GenerateMSBuildEditorConfigFileCore" in file "C:\Program Files\dotnet\sdk\9.0.101\Roslyn\Microsoft.Managed.Core.targets" from project "D:\Personal\MS3\VedhamsMidway\SRM\srm\StudentFormsApi\StudentFormsApi.csproj" (target "GenerateMSBuildEditorConfigFile" depends on it):
       Building target "GenerateMSBuildEditorConfigFileCore" completely.
       No input files were specified.
       Using "GenerateMSBuildEditorConfig" task from assembly "C:\Program Files\dotnet\sdk\9.0.101\Roslyn\Microsoft.Build.Tasks.CodeAnalysis.dll".
       Task "GenerateMSBuildEditorConfig"
       Done executing task "GenerateMSBuildEditorConfig".
   1:7>Done building target "GenerateMSBuildEditorConfigFileCore" in project "StudentFormsApi.csproj".
   1:7>Target "GenerateMSBuildEditorConfigFile" in file "C:\Program Files\dotnet\sdk\9.0.101\Roslyn\Microsoft.Managed.Core.targets" from project "D:\Personal\MS3\VedhamsMidway\SRM\srm\StudentFormsApi\StudentFormsApi.csproj" (target "BeforeCompile" depends on it):
   1:7>Done building target "GenerateMSBuildEditorConfigFile" in project "StudentFormsApi.csproj".
       Target "PrepareForBuild" skipped. Previously built successfully.
       Target "GetReferenceAssemblyPaths" skipped. Previously built successfully.
   1:7>Target "_SetTargetFrameworkMonikerAttribute" in file "C:\Program Files\dotnet\sdk\9.0.101\Microsoft.CSharp.CurrentVersion.targets" from project "D:\Personal\MS3\VedhamsMidway\SRM\srm\StudentFormsApi\StudentFormsApi.csproj" (target "GenerateTargetFrameworkMonikerAttribute" depends on it):
   1:7>Done building target "_SetTargetFrameworkMonikerAttribute" in project "StudentFormsApi.csproj".
   1:7>Target "GenerateTargetFrameworkMonikerAttribute" in file "C:\Program Files\dotnet\sdk\9.0.101\Microsoft.Common.CurrentVersion.targets" from project "D:\Personal\MS3\VedhamsMidway\SRM\srm\StudentFormsApi\StudentFormsApi.csproj" (target "BeforeCompile" depends on it):
       Skipping target "GenerateTargetFrameworkMonikerAttribute" because all output files are up-to-date with respect to the input files.
       Input files: C:\Program Files\dotnet\sdk\9.0.101\Microsoft.Common.targets
       Output files: obj\Debug\net8.0\.NETCoreApp,Version=v8.0.AssemblyAttributes.cs
   1:7>Done building target "GenerateTargetFrameworkMonikerAttribute" in project "StudentFormsApi.csproj".
       Target "GenerateAdditionalSources" skipped, due to false condition; ('@(AssemblyAttributes)' != '' and '$(GenerateAdditionalSources)' == 'true') was evaluated as ('' != '' and '' == 'true').
       Target "PrepareForBuild" skipped. Previously built successfully.
   1:7>Target "GetAssemblyVersion" in file "C:\Program Files\dotnet\sdk\9.0.101\Sdks\Microsoft.NET.Sdk\targets\Microsoft.NET.GenerateAssemblyInfo.targets" from project "D:\Personal\MS3\VedhamsMidway\SRM\srm\StudentFormsApi\StudentFormsApi.csproj" (target "GetAssemblyAttributes" depends on it):
       Using "GetAssemblyVersion" task from assembly "C:\Program Files\dotnet\sdk\9.0.101\Sdks\Microsoft.NET.Sdk\targets\..\tools\net9.0\Microsoft.NET.Build.Tasks.dll".
       Task "GetAssemblyVersion"
       Done executing task "GetAssemblyVersion".
   1:7>Done building target "GetAssemblyVersion" in project "StudentFormsApi.csproj".
       Target "GetAssemblyVersion" skipped. Previously built successfully.
   1:7>Target "InitializeSourceControlInformationFromSourceControlManager" in file "C:\Program Files\dotnet\sdk\9.0.101\Sdks\Microsoft.Build.Tasks.Git\build\Microsoft.Build.Tasks.Git.targets" from project "D:\Personal\MS3\VedhamsMidway\SRM\srm\StudentFormsApi\StudentFormsApi.csproj" (target "_InitializeSourceControlInformationFromSourceControlManager" depends on it):
       Using "Microsoft.Build.Tasks.Git.LocateRepository" task from assembly "C:\Program Files\dotnet\sdk\9.0.101\Sdks\Microsoft.Build.Tasks.Git\build\..\tools\core\Microsoft.Build.Tasks.Git.dll".
       Task "Microsoft.Build.Tasks.Git.LocateRepository"
         SourceLink: Repository instance not found in cache: '*:D:\Personal\MS3\VedhamsMidway\SRM\srm\.git'
       Done executing task "Microsoft.Build.Tasks.Git.LocateRepository".
   1:7>Done building target "InitializeSourceControlInformationFromSourceControlManager" in project "StudentFormsApi.csproj".
   1:7>Target "_SourceLinkHasSingleProvider" in file "C:\Program Files\dotnet\sdk\9.0.101\Sdks\Microsoft.SourceLink.Common\build\InitializeSourceControlInformation.targets" from project "D:\Personal\MS3\VedhamsMidway\SRM\srm\StudentFormsApi\StudentFormsApi.csproj" (target "_InitializeSourceControlInformationFromSourceControlManager" depends on it):
       Assembly loaded during TaskRun: Microsoft.SourceLink.Common, Version=9.0.11.2202, Culture=neutral, PublicKeyToken=31bf3856ad364e35 (location: C:\Program Files\dotnet\sdk\9.0.101\Sdks\Microsoft.SourceLink.Common\tools\core\Microsoft.SourceLink.Common.dll, MVID: 6888ac98-a6c3-4165-9b2f-dc605b58d5a8, AssemblyLoadContext: MSBuild plugin C:\Program Files\dotnet\sdk\9.0.101\Sdks\Microsoft.SourceLink.Common\tools\core\Microsoft.SourceLink.Common.dll)
       Using "Microsoft.SourceLink.Common.SourceLinkHasSingleProvider" task from assembly "C:\Program Files\dotnet\sdk\9.0.101\Sdks\Microsoft.SourceLink.Common\build\..\tools\core\Microsoft.SourceLink.Common.dll".
       Task "Microsoft.SourceLink.Common.SourceLinkHasSingleProvider"
       Done executing task "Microsoft.SourceLink.Common.SourceLinkHasSingleProvider".
   1:7>Done building target "_SourceLinkHasSingleProvider" in project "StudentFormsApi.csproj".
   1:7>Target "TranslateGitHubUrlsInSourceControlInformation" in file "C:\Program Files\dotnet\sdk\9.0.101\Sdks\Microsoft.SourceLink.GitHub\build\Microsoft.SourceLink.GitHub.targets" from project "D:\Personal\MS3\VedhamsMidway\SRM\srm\StudentFormsApi\StudentFormsApi.csproj" (target "_InitializeSourceControlInformationFromSourceControlManager" depends on it):
       Assembly loaded during TaskRun: Microsoft.SourceLink.GitHub, Version=9.0.11.2202, Culture=neutral, PublicKeyToken=31bf3856ad364e35 (location: C:\Program Files\dotnet\sdk\9.0.101\Sdks\Microsoft.SourceLink.GitHub\tools\core\Microsoft.SourceLink.GitHub.dll, MVID: 84931ac9-a951-4c89-affd-bf1564254308, AssemblyLoadContext: MSBuild plugin C:\Program Files\dotnet\sdk\9.0.101\Sdks\Microsoft.SourceLink.GitHub\tools\core\Microsoft.SourceLink.GitHub.dll)
       Using "Microsoft.SourceLink.GitHub.TranslateRepositoryUrls" task from assembly "C:\Program Files\dotnet\sdk\9.0.101\Sdks\Microsoft.SourceLink.GitHub\build\..\tools\core\Microsoft.SourceLink.GitHub.dll".
       Task "Microsoft.SourceLink.GitHub.TranslateRepositoryUrls"
       Done executing task "Microsoft.SourceLink.GitHub.TranslateRepositoryUrls".
   1:7>Done building target "TranslateGitHubUrlsInSourceControlInformation" in project "StudentFormsApi.csproj".
   1:7>Target "TranslateGitLabUrlsInSourceControlInformation" in file "C:\Program Files\dotnet\sdk\9.0.101\Sdks\Microsoft.SourceLink.GitLab\build\Microsoft.SourceLink.GitLab.targets" from project "D:\Personal\MS3\VedhamsMidway\SRM\srm\StudentFormsApi\StudentFormsApi.csproj" (target "_InitializeSourceControlInformationFromSourceControlManager" depends on it):
       Assembly loaded during TaskRun: Microsoft.SourceLink.GitLab, Version=9.0.11.2202, Culture=neutral, PublicKeyToken=31bf3856ad364e35 (location: C:\Program Files\dotnet\sdk\9.0.101\Sdks\Microsoft.SourceLink.GitLab\tools\core\Microsoft.SourceLink.GitLab.dll, MVID: 81051b26-fa96-4a09-933f-ed520dccdb1e, AssemblyLoadContext: MSBuild plugin C:\Program Files\dotnet\sdk\9.0.101\Sdks\Microsoft.SourceLink.GitLab\tools\core\Microsoft.SourceLink.GitLab.dll)
       Using "Microsoft.SourceLink.GitLab.TranslateRepositoryUrls" task from assembly "C:\Program Files\dotnet\sdk\9.0.101\Sdks\Microsoft.SourceLink.GitLab\build\..\tools\core\Microsoft.SourceLink.GitLab.dll".
       Task "Microsoft.SourceLink.GitLab.TranslateRepositoryUrls"
       Done executing task "Microsoft.SourceLink.GitLab.TranslateRepositoryUrls".
   1:7>Done building target "TranslateGitLabUrlsInSourceControlInformation" in project "StudentFormsApi.csproj".
   1:7>Target "TranslateAzureReposGitUrlsInSourceControlInformation" in file "C:\Program Files\dotnet\sdk\9.0.101\Sdks\Microsoft.SourceLink.AzureRepos.Git\build\Microsoft.SourceLink.AzureRepos.Git.targets" from project "D:\Personal\MS3\VedhamsMidway\SRM\srm\StudentFormsApi\StudentFormsApi.csproj" (target "_InitializeSourceControlInformationFromSourceControlManager" depends on it):
       Assembly loaded during TaskRun: Microsoft.SourceLink.AzureRepos.Git, Version=9.0.11.2202, Culture=neutral, PublicKeyToken=31bf3856ad364e35 (location: C:\Program Files\dotnet\sdk\9.0.101\Sdks\Microsoft.SourceLink.AzureRepos.Git\tools\core\Microsoft.SourceLink.AzureRepos.Git.dll, MVID: 96a4f52d-80aa-4925-8992-dab8bef1f4b6, AssemblyLoadContext: MSBuild plugin C:\Program Files\dotnet\sdk\9.0.101\Sdks\Microsoft.SourceLink.AzureRepos.Git\tools\core\Microsoft.SourceLink.AzureRepos.Git.dll)
       Using "Microsoft.SourceLink.AzureRepos.Git.TranslateRepositoryUrls" task from assembly "C:\Program Files\dotnet\sdk\9.0.101\Sdks\Microsoft.SourceLink.AzureRepos.Git\build\..\tools\core\Microsoft.SourceLink.AzureRepos.Git.dll".
       Task "Microsoft.SourceLink.AzureRepos.Git.TranslateRepositoryUrls"
       Done executing task "Microsoft.SourceLink.AzureRepos.Git.TranslateRepositoryUrls".
   1:7>Done building target "TranslateAzureReposGitUrlsInSourceControlInformation" in project "StudentFormsApi.csproj".
   1:7>Target "TranslateBitbucketGitUrlsInSourceControlInformation" in file "C:\Program Files\dotnet\sdk\9.0.101\Sdks\Microsoft.SourceLink.Bitbucket.Git\build\Microsoft.SourceLink.Bitbucket.Git.targets" from project "D:\Personal\MS3\VedhamsMidway\SRM\srm\StudentFormsApi\StudentFormsApi.csproj" (target "_InitializeSourceControlInformationFromSourceControlManager" depends on it):
       Assembly loaded during TaskRun: Microsoft.SourceLink.Bitbucket.Git, Version=9.0.11.2202, Culture=neutral, PublicKeyToken=31bf3856ad364e35 (location: C:\Program Files\dotnet\sdk\9.0.101\Sdks\Microsoft.SourceLink.Bitbucket.Git\tools\core\Microsoft.SourceLink.Bitbucket.Git.dll, MVID: 52739789-0d3a-4469-8289-50f2b70f6f43, AssemblyLoadContext: MSBuild plugin C:\Program Files\dotnet\sdk\9.0.101\Sdks\Microsoft.SourceLink.Bitbucket.Git\tools\core\Microsoft.SourceLink.Bitbucket.Git.dll)
       Using "Microsoft.SourceLink.Bitbucket.Git.TranslateRepositoryUrls" task from assembly "C:\Program Files\dotnet\sdk\9.0.101\Sdks\Microsoft.SourceLink.Bitbucket.Git\build\..\tools\core\Microsoft.SourceLink.Bitbucket.Git.dll".
       Task "Microsoft.SourceLink.Bitbucket.Git.TranslateRepositoryUrls"
       Done executing task "Microsoft.SourceLink.Bitbucket.Git.TranslateRepositoryUrls".
   1:7>Done building target "TranslateBitbucketGitUrlsInSourceControlInformation" in project "StudentFormsApi.csproj".
   1:7>Target "SourceControlManagerPublishTranslatedUrls" in file "C:\Program Files\dotnet\sdk\9.0.101\Sdks\Microsoft.SourceLink.Common\build\InitializeSourceControlInformation.targets" from project "D:\Personal\MS3\VedhamsMidway\SRM\srm\StudentFormsApi\StudentFormsApi.csproj" (target "_InitializeSourceControlInformationFromSourceControlManager" depends on it):
   1:7>Done building target "SourceControlManagerPublishTranslatedUrls" in project "StudentFormsApi.csproj".
   1:7>Target "_InitializeSourceControlInformationFromSourceControlManager" in file "C:\Program Files\dotnet\sdk\9.0.101\Sdks\Microsoft.SourceLink.Common\build\InitializeSourceControlInformation.targets" from project "D:\Personal\MS3\VedhamsMidway\SRM\srm\StudentFormsApi\StudentFormsApi.csproj" (target "InitializeSourceControlInformation" depends on it):
   1:7>Done building target "_InitializeSourceControlInformationFromSourceControlManager" in project "StudentFormsApi.csproj".
   1:7>Target "InitializeSourceControlInformation" in file "C:\Program Files\dotnet\sdk\9.0.101\Microsoft.Common.CurrentVersion.targets" from project "D:\Personal\MS3\VedhamsMidway\SRM\srm\StudentFormsApi\StudentFormsApi.csproj" (target "AddSourceRevisionToInformationalVersion" depends on it):
   1:7>Done building target "InitializeSourceControlInformation" in project "StudentFormsApi.csproj".
   1:7>Target "AddSourceRevisionToInformationalVersion" in file "C:\Program Files\dotnet\sdk\9.0.101\Sdks\Microsoft.NET.Sdk\targets\Microsoft.NET.GenerateAssemblyInfo.targets" from project "D:\Personal\MS3\VedhamsMidway\SRM\srm\StudentFormsApi\StudentFormsApi.csproj" (target "GetAssemblyAttributes" depends on it):
   1:7>Done building target "AddSourceRevisionToInformationalVersion" in project "StudentFormsApi.csproj".
       Target "_GetUserSecretsAssemblyAttribute" skipped, due to false condition; ( '$(UserSecretsId)' != '' AND '$(GenerateUserSecretsAttribute)' != 'false' AND '$(GeneratedUserSecretsAttributeFile)' == '' ) was evaluated as ( '' != '' AND '' != 'false' AND '' == '' ).
   1:7>Target "GetAssemblyAttributes" in file "C:\Program Files\dotnet\sdk\9.0.101\Sdks\Microsoft.NET.Sdk\targets\Microsoft.NET.GenerateAssemblyInfo.targets" from project "D:\Personal\MS3\VedhamsMidway\SRM\srm\StudentFormsApi\StudentFormsApi.csproj" (target "CreateGeneratedAssemblyInfoInputsCacheFile" depends on it):
   1:7>Done building target "GetAssemblyAttributes" in project "StudentFormsApi.csproj".
   1:7>Target "CreateGeneratedAssemblyInfoInputsCacheFile" in file "C:\Program Files\dotnet\sdk\9.0.101\Sdks\Microsoft.NET.Sdk\targets\Microsoft.NET.GenerateAssemblyInfo.targets" from project "D:\Personal\MS3\VedhamsMidway\SRM\srm\StudentFormsApi\StudentFormsApi.csproj" (target "CoreGenerateAssemblyInfo" depends on it):
       Using "Hash" task from assembly "Microsoft.Build.Tasks.Core, Version=15.1.0.0, Culture=neutral, PublicKeyToken=b03f5f7f11d50a3a".
       Task "Hash"
       Done executing task "Hash".
       Task "WriteLinesToFile"
         Skipping write to file "obj\Debug\net8.0\StudentFormsApi.AssemblyInfoInputs.cache" because content would not change.
       Done executing task "WriteLinesToFile".
   1:7>Done building target "CreateGeneratedAssemblyInfoInputsCacheFile" in project "StudentFormsApi.csproj".
   1:7>Target "CoreGenerateAssemblyInfo" in file "C:\Program Files\dotnet\sdk\9.0.101\Sdks\Microsoft.NET.Sdk\targets\Microsoft.NET.GenerateAssemblyInfo.targets" from project "D:\Personal\MS3\VedhamsMidway\SRM\srm\StudentFormsApi\StudentFormsApi.csproj" (target "GenerateAssemblyInfo" depends on it):
       Skipping target "CoreGenerateAssemblyInfo" because all output files are up-to-date with respect to the input files.
       Input files: obj\Debug\net8.0\StudentFormsApi.AssemblyInfoInputs.cache
       Output files: obj\Debug\net8.0\StudentFormsApi.AssemblyInfo.cs
   1:7>Done building target "CoreGenerateAssemblyInfo" in project "StudentFormsApi.csproj".
   1:7>Target "GenerateAssemblyInfo" in file "C:\Program Files\dotnet\sdk\9.0.101\Sdks\Microsoft.NET.Sdk\targets\Microsoft.NET.GenerateAssemblyInfo.targets" from project "D:\Personal\MS3\VedhamsMidway\SRM\srm\StudentFormsApi\StudentFormsApi.csproj" (target "BeforeCompile" depends on it):
   1:7>Done building target "GenerateAssemblyInfo" in project "StudentFormsApi.csproj".
   1:7>Target "BeforeCompile" in file "C:\Program Files\dotnet\sdk\9.0.101\Microsoft.Common.CurrentVersion.targets" from project "D:\Personal\MS3\VedhamsMidway\SRM\srm\StudentFormsApi\StudentFormsApi.csproj" (target "Compile" depends on it):
   1:7>Done building target "BeforeCompile" in project "StudentFormsApi.csproj".
       Target "_TimeStampBeforeCompile" skipped, due to false condition; ('$(RunPostBuildEvent)'=='OnOutputUpdated' or ('$(RegisterForComInterop)'=='true' and '$(OutputType)'=='library')) was evaluated as (''=='OnOutputUpdated' or (''=='true' and 'Exe'=='library')).
       Target "ResolveAssemblyReferences" skipped. Previously built successfully.
   1:7>Target "_GenerateCompileDependencyCache" in file "C:\Program Files\dotnet\sdk\9.0.101\Microsoft.Common.CurrentVersion.targets" from project "D:\Personal\MS3\VedhamsMidway\SRM\srm\StudentFormsApi\StudentFormsApi.csproj" (target "Compile" depends on it):
       Task "Hash"
       Done executing task "Hash".
       Task "WriteLinesToFile"
         Skipping write to file "obj\Debug\net8.0\StudentFormsApi.csproj.CoreCompileInputs.cache" because content would not change.
       Done executing task "WriteLinesToFile".
   1:7>Done building target "_GenerateCompileDependencyCache" in project "StudentFormsApi.csproj".
       Target "ResolveAssemblyReferences" skipped. Previously built successfully.
   1:7>Target "_DiscoverMvcApplicationParts" in file "C:\Program Files\dotnet\sdk\9.0.101\Sdks\Microsoft.NET.Sdk.Razor\targets\Microsoft.NET.Sdk.Razor.MvcApplicationPartsDiscovery.targets" from project "D:\Personal\MS3\VedhamsMidway\SRM\srm\StudentFormsApi\StudentFormsApi.csproj" (target "CoreCompile" depends on it):
       Skipping target "_DiscoverMvcApplicationParts" because all output files are up-to-date with respect to the input files.
       Input files: 
           D:\Personal\MS3\VedhamsMidway\SRM\srm\StudentFormsApi\obj\project.assets.json
           D:\Personal\MS3\VedhamsMidway\SRM\srm\StudentFormsApi\StudentFormsApi.csproj
           C:\Program Files\dotnet\sdk\9.0.101\Current\Microsoft.Common.targets\ImportAfter\Microsoft.TestPlatform.ImportAfter.targets
       Output files: obj\Debug\net8.0\StudentFormsApi.MvcApplicationPartsAssemblyInfo.cache
   1:7>Done building target "_DiscoverMvcApplicationParts" in project "StudentFormsApi.csproj".
       Target "_ComputeNonExistentFileProperty" skipped, due to false condition; (('$(BuildingInsideVisualStudio)' == 'true') and ('$(BuildingOutOfProcess)' != 'true') and (('$(BuildingProject)' == 'false') or ('$(UseHostCompilerIfAvailable)' == 'true'))) was evaluated as (('' == 'true') and ('' != 'true') and (('true' == 'false') or ('true' == 'true'))).
       Target "ResolveCodeAnalysisRuleSet" skipped, due to false condition; ('$(CodeAnalysisRuleSet)' != '') was evaluated as ('' != '').
       Target "ResolveRazorGenerateInputs" skipped. Previously built successfully.
   1:7>Target "_ResolveMvcAssemblyAttributes" in file "C:\Program Files\dotnet\sdk\9.0.101\Sdks\Microsoft.NET.Sdk.Razor\targets\Microsoft.NET.Sdk.Razor.Configuration.targets" from project "D:\Personal\MS3\VedhamsMidway\SRM\srm\StudentFormsApi\StudentFormsApi.csproj" (target "_GenerateRazorAssemblyInfo" depends on it):
   1:7>Done building target "_ResolveMvcAssemblyAttributes" in project "StudentFormsApi.csproj".
       Target "RazorGetAssemblyAttributes" skipped, due to false condition; ('$(GenerateRazorHostingAssemblyInfo)'=='true' and '$(RazorDefaultConfiguration)'!='') was evaluated as (''=='true' and 'MVC-3.0'!='').
       Target "PrepareForBuild" skipped. Previously built successfully.
       Target "_CoreGenerateRazorAssemblyInfo" skipped, due to false condition; ('$(GenerateRazorAssemblyInfo)' == 'true' AND '@(_RazorAssemblyAttribute)' != '') was evaluated as ('' == 'true' AND '' != '').
   1:7>Target "_GenerateRazorAssemblyInfo" in file "C:\Program Files\dotnet\sdk\9.0.101\Sdks\Microsoft.NET.Sdk.Razor\targets\Microsoft.NET.Sdk.Razor.GenerateAssemblyInfo.targets" from project "D:\Personal\MS3\VedhamsMidway\SRM\srm\StudentFormsApi\StudentFormsApi.csproj" (target "CoreCompile" depends on it):
   1:7>Done building target "_GenerateRazorAssemblyInfo" in project "StudentFormsApi.csproj".
       Target "ShimReferencePathsWhenCommonTargetsDoesNotUnderstandReferenceAssemblies" skipped, due to false condition; ('@(ReferencePathWithRefAssemblies)' == '') was evaluated as ('C:\Users\alaga\.nuget\packages\azure.core\1.25.0\lib\net5.0\Azure.Core.dll;C:\Users\alaga\.nuget\packages\azure.identity\1.7.0\lib\netstandard2.0\Azure.Identity.dll;C:\Program Files\dotnet\packs\Microsoft.AspNetCore.App.Ref\8.0.11\ref\net8.0\Microsoft.AspNetCore.Antiforgery.dll;...' == '').
   1:7>Target "_BeforeVBCSCoreCompile" in file "C:\Program Files\dotnet\sdk\9.0.101\Roslyn\Microsoft.Managed.Core.targets" from project "D:\Personal\MS3\VedhamsMidway\SRM\srm\StudentFormsApi\StudentFormsApi.csproj" (target "CoreCompile" depends on it):
   1:7>Done building target "_BeforeVBCSCoreCompile" in project "StudentFormsApi.csproj".
       Target "AdjustDefaultPlatformTargetForNetFrameworkExeWithNoNativeCopyLocalItems" skipped, due to false condition; ('$(_UsingDefaultPlatformTarget)' == 'true' and
                            '$(_UsingDefaultRuntimeIdentifier)' == 'true') was evaluated as ('true' == 'true' and
                            '' == 'true').
       Target "_DisableDiagnosticTracing" skipped, due to false condition; ('$(DisableDiagnosticTracing)' == 'true') was evaluated as ('' == 'true').
       Target "GenerateTargetPlatformDefineConstants" skipped, due to false condition; ( '$(DisableImplicitFrameworkDefines)' != 'true' and '$(TargetPlatformIdentifier)' != '' and '$(TargetFrameworkIdentifier)' == '.NETCoreApp' and $([MSBuild]::VersionGreaterThanOrEquals($(TargetFrameworkVersion), 5.0)) ) was evaluated as ( '' != 'true' and '' != '' and '.NETCoreApp' == '.NETCoreApp' and True ).
   1:7>Target "GenerateNETCompatibleDefineConstants" in file "C:\Program Files\dotnet\sdk\9.0.101\Sdks\Microsoft.NET.Sdk\targets\Microsoft.NET.Sdk.BeforeCommon.targets" from project "D:\Personal\MS3\VedhamsMidway\SRM\srm\StudentFormsApi\StudentFormsApi.csproj" (target "AddImplicitDefineConstants" depends on it):
   1:7>Done building target "GenerateNETCompatibleDefineConstants" in project "StudentFormsApi.csproj".
       Target "GeneratePlatformCompatibleDefineConstants" skipped, due to false condition; ( '$(DisableImplicitFrameworkDefines)' != 'true' and '$(TargetPlatformIdentifier)' != '' and '$(TargetFrameworkIdentifier)' == '.NETCoreApp' and $([MSBuild]::VersionGreaterThanOrEquals($(TargetFrameworkVersion), 5.0)) ) was evaluated as ( '' != 'true' and '' != '' and '.NETCoreApp' == '.NETCoreApp' and True ).
       Target "_DisableDiagnosticTracing" skipped, due to false condition; ('$(DisableDiagnosticTracing)' == 'true') was evaluated as ('' == 'true').
   1:7>Target "AddImplicitDefineConstants" in file "C:\Program Files\dotnet\sdk\9.0.101\Sdks\Microsoft.NET.Sdk\targets\Microsoft.NET.Sdk.BeforeCommon.targets" from project "D:\Personal\MS3\VedhamsMidway\SRM\srm\StudentFormsApi\StudentFormsApi.csproj" (target "CoreCompile" depends on it):
   1:7>Done building target "AddImplicitDefineConstants" in project "StudentFormsApi.csproj".
       Target "ShimReferencePathsWhenCommonTargetsDoesNotUnderstandReferenceAssemblies" skipped, due to false condition; ('@(ReferencePathWithRefAssemblies)' == '') was evaluated as ('C:\Users\alaga\.nuget\packages\azure.core\1.25.0\lib\net5.0\Azure.Core.dll;C:\Users\alaga\.nuget\packages\azure.identity\1.7.0\lib\netstandard2.0\Azure.Identity.dll;C:\Program Files\dotnet\packs\Microsoft.AspNetCore.App.Ref\8.0.11\ref\net8.0\Microsoft.AspNetCore.Antiforgery.dll;...' == '').
   1:7>Target "_ComputeSkipAnalyzers" in file "C:\Program Files\dotnet\sdk\9.0.101\Roslyn\Microsoft.Managed.Core.targets" from project "D:\Personal\MS3\VedhamsMidway\SRM\srm\StudentFormsApi\StudentFormsApi.csproj" (target "CoreCompile" depends on it):
       Task "ShowMessageForImplicitlySkipAnalyzers" skipped, due to false condition; ('$(_ImplicitlySkipAnalyzers)' == 'true') was evaluated as ('' == 'true').
   1:7>Done building target "_ComputeSkipAnalyzers" in project "StudentFormsApi.csproj".
       Target "_SetPathMapFromSourceRoots" skipped, due to false condition; ('$(DeterministicSourcePaths)' == 'true') was evaluated as ('' == 'true').
       Target "CreateCompilerGeneratedFilesOutputPath" skipped, due to false condition; ('$(EmitCompilerGeneratedFiles)' == 'true' and !('$(DesignTimeBuild)' == 'true' OR '$(BuildingProject)' != 'true')) was evaluated as ('false' == 'true' and !('' == 'true' OR 'true' != 'true')).
       Target "_CheckMicrosoftNetSdkCompilersToolsetPackageExists" skipped, due to false condition; ('$(_NeedToDownloadMicrosoftNetSdkCompilersToolsetPackage)' == 'true' and '$(DesignTimeBuild)' != 'true') was evaluated as ('' == 'true' and '' != 'true').
       Target "BeforeCompile" skipped. Previously built successfully.
       Target "InitializeSourceControlInformationFromSourceControlManager" skipped. Previously built successfully.
   1:7>Target "SetEmbeddedFilesFromSourceControlManagerUntrackedFiles" in file "C:\Program Files\dotnet\sdk\9.0.101\Sdks\Microsoft.Build.Tasks.Git\build\Microsoft.Build.Tasks.Git.targets" from project "D:\Personal\MS3\VedhamsMidway\SRM\srm\StudentFormsApi\StudentFormsApi.csproj" (target "_SetEmbeddedFilesFromSourceControlManagerUntrackedFiles" depends on it):
       Using "Microsoft.Build.Tasks.Git.GetUntrackedFiles" task from assembly "C:\Program Files\dotnet\sdk\9.0.101\Sdks\Microsoft.Build.Tasks.Git\build\..\tools\core\Microsoft.Build.Tasks.Git.dll".
       Task "Microsoft.Build.Tasks.Git.GetUntrackedFiles"
         SourceLink: Reusing cached git repository information.
       Done executing task "Microsoft.Build.Tasks.Git.GetUntrackedFiles".
   1:7>Done building target "SetEmbeddedFilesFromSourceControlManagerUntrackedFiles" in project "StudentFormsApi.csproj".
   1:7>Target "_SetEmbeddedFilesFromSourceControlManagerUntrackedFiles" in file "C:\Program Files\dotnet\sdk\9.0.101\Sdks\Microsoft.SourceLink.Common\build\Microsoft.SourceLink.Common.targets" from project "D:\Personal\MS3\VedhamsMidway\SRM\srm\StudentFormsApi\StudentFormsApi.csproj" (target "CoreCompile" depends on it):
   1:7>Done building target "_SetEmbeddedFilesFromSourceControlManagerUntrackedFiles" in project "StudentFormsApi.csproj".
       Target "InitializeSourceControlInformation" skipped. Previously built successfully.
   1:7>Target "_SetSourceLinkFilePath" in file "C:\Program Files\dotnet\sdk\9.0.101\Sdks\Microsoft.SourceLink.Common\build\Microsoft.SourceLink.Common.targets" from project "D:\Personal\MS3\VedhamsMidway\SRM\srm\StudentFormsApi\StudentFormsApi.csproj" (target "_GenerateSourceLinkFile" depends on it):
   1:7>Done building target "_SetSourceLinkFilePath" in project "StudentFormsApi.csproj".
       Target "InitializeSourceControlInformation" skipped. Previously built successfully.
   1:7>Target "_InitializeSourceRootMappedPathsFromSourceControl" in file "C:\Program Files\dotnet\sdk\9.0.101\Roslyn\Microsoft.Managed.Core.targets" from project "D:\Personal\MS3\VedhamsMidway\SRM\srm\StudentFormsApi\StudentFormsApi.csproj" (target "InitializeSourceRootMappedPaths" depends on it):
   1:7>Done building target "_InitializeSourceRootMappedPathsFromSourceControl" in project "StudentFormsApi.csproj".
   1:7>Target "InitializeSourceRootMappedPaths" in file "C:\Program Files\dotnet\sdk\9.0.101\Roslyn\Microsoft.Managed.Core.targets" from project "D:\Personal\MS3\VedhamsMidway\SRM\srm\StudentFormsApi\StudentFormsApi.csproj" (target "_InitializeSourceRootMappedPathsOpt" depends on it):
       Using "Microsoft.CodeAnalysis.BuildTasks.MapSourceRoots" task from assembly "C:\Program Files\dotnet\sdk\9.0.101\Roslyn\Microsoft.Build.Tasks.CodeAnalysis.dll".
       Task "Microsoft.CodeAnalysis.BuildTasks.MapSourceRoots"
       Done executing task "Microsoft.CodeAnalysis.BuildTasks.MapSourceRoots".
   1:7>Done building target "InitializeSourceRootMappedPaths" in project "StudentFormsApi.csproj".
   1:7>Target "_InitializeSourceRootMappedPathsOpt" in file "C:\Program Files\dotnet\sdk\9.0.101\Sdks\Microsoft.SourceLink.Common\build\Microsoft.SourceLink.Common.targets" from project "D:\Personal\MS3\VedhamsMidway\SRM\srm\StudentFormsApi\StudentFormsApi.csproj" (target "_GenerateSourceLinkFile" depends on it):
   1:7>Done building target "_InitializeSourceRootMappedPathsOpt" in project "StudentFormsApi.csproj".
   1:7>Target "_InitializeGitHubSourceLinkUrl" in file "C:\Program Files\dotnet\sdk\9.0.101\Sdks\Microsoft.SourceLink.GitHub\build\Microsoft.SourceLink.GitHub.targets" from project "D:\Personal\MS3\VedhamsMidway\SRM\srm\StudentFormsApi\StudentFormsApi.csproj" (target "_GenerateSourceLinkFile" depends on it):
       Building target "_InitializeGitHubSourceLinkUrl" completely.
       No input files were specified.
       Using "Microsoft.SourceLink.GitHub.GetSourceLinkUrl" task from assembly "C:\Program Files\dotnet\sdk\9.0.101\Sdks\Microsoft.SourceLink.GitHub\build\..\tools\core\Microsoft.SourceLink.GitHub.dll".
       Task "Microsoft.SourceLink.GitHub.GetSourceLinkUrl"
       Done executing task "Microsoft.SourceLink.GitHub.GetSourceLinkUrl".
   1:7>Done building target "_InitializeGitHubSourceLinkUrl" in project "StudentFormsApi.csproj".
   1:7>Target "_InitializeGitHubSourceLinkUrl" in file "C:\Program Files\dotnet\sdk\9.0.101\Sdks\Microsoft.SourceLink.GitHub\build\Microsoft.SourceLink.GitHub.targets" from project "D:\Personal\MS3\VedhamsMidway\SRM\srm\StudentFormsApi\StudentFormsApi.csproj" (target "_GenerateSourceLinkFile" depends on it):
       Building target "_InitializeGitHubSourceLinkUrl" completely.
       No input files were specified.
       Task "Microsoft.SourceLink.GitHub.GetSourceLinkUrl"
       Done executing task "Microsoft.SourceLink.GitHub.GetSourceLinkUrl".
   1:7>Done building target "_InitializeGitHubSourceLinkUrl" in project "StudentFormsApi.csproj".
   1:7>Target "_InitializeGitHubSourceLinkUrl" in file "C:\Program Files\dotnet\sdk\9.0.101\Sdks\Microsoft.SourceLink.GitHub\build\Microsoft.SourceLink.GitHub.targets" from project "D:\Personal\MS3\VedhamsMidway\SRM\srm\StudentFormsApi\StudentFormsApi.csproj" (target "_GenerateSourceLinkFile" depends on it):
       Building target "_InitializeGitHubSourceLinkUrl" completely.
       No input files were specified.
       Task "Microsoft.SourceLink.GitHub.GetSourceLinkUrl"
       Done executing task "Microsoft.SourceLink.GitHub.GetSourceLinkUrl".
   1:7>Done building target "_InitializeGitHubSourceLinkUrl" in project "StudentFormsApi.csproj".
   1:7>Target "_InitializeGitHubSourceLinkUrl" in file "C:\Program Files\dotnet\sdk\9.0.101\Sdks\Microsoft.SourceLink.GitHub\build\Microsoft.SourceLink.GitHub.targets" from project "D:\Personal\MS3\VedhamsMidway\SRM\srm\StudentFormsApi\StudentFormsApi.csproj" (target "_GenerateSourceLinkFile" depends on it):
       Building target "_InitializeGitHubSourceLinkUrl" completely.
       No input files were specified.
       Task "Microsoft.SourceLink.GitHub.GetSourceLinkUrl"
       Done executing task "Microsoft.SourceLink.GitHub.GetSourceLinkUrl".
   1:7>Done building target "_InitializeGitHubSourceLinkUrl" in project "StudentFormsApi.csproj".
   1:7>Target "_InitializeGitHubSourceLinkUrl" in file "C:\Program Files\dotnet\sdk\9.0.101\Sdks\Microsoft.SourceLink.GitHub\build\Microsoft.SourceLink.GitHub.targets" from project "D:\Personal\MS3\VedhamsMidway\SRM\srm\StudentFormsApi\StudentFormsApi.csproj" (target "_GenerateSourceLinkFile" depends on it):
       Building target "_InitializeGitHubSourceLinkUrl" completely.
       No input files were specified.
       Task "Microsoft.SourceLink.GitHub.GetSourceLinkUrl"
       Done executing task "Microsoft.SourceLink.GitHub.GetSourceLinkUrl".
   1:7>Done building target "_InitializeGitHubSourceLinkUrl" in project "StudentFormsApi.csproj".
   1:7>Target "_InitializeGitLabSourceLinkUrl" in file "C:\Program Files\dotnet\sdk\9.0.101\Sdks\Microsoft.SourceLink.GitLab\build\Microsoft.SourceLink.GitLab.targets" from project "D:\Personal\MS3\VedhamsMidway\SRM\srm\StudentFormsApi\StudentFormsApi.csproj" (target "_GenerateSourceLinkFile" depends on it):
       Building target "_InitializeGitLabSourceLinkUrl" completely.
       No input files were specified.
       Using "Microsoft.SourceLink.GitLab.GetSourceLinkUrl" task from assembly "C:\Program Files\dotnet\sdk\9.0.101\Sdks\Microsoft.SourceLink.GitLab\build\..\tools\core\Microsoft.SourceLink.GitLab.dll".
       Task "Microsoft.SourceLink.GitLab.GetSourceLinkUrl"
       Done executing task "Microsoft.SourceLink.GitLab.GetSourceLinkUrl".
   1:7>Done building target "_InitializeGitLabSourceLinkUrl" in project "StudentFormsApi.csproj".
   1:7>Target "_InitializeGitLabSourceLinkUrl" in file "C:\Program Files\dotnet\sdk\9.0.101\Sdks\Microsoft.SourceLink.GitLab\build\Microsoft.SourceLink.GitLab.targets" from project "D:\Personal\MS3\VedhamsMidway\SRM\srm\StudentFormsApi\StudentFormsApi.csproj" (target "_GenerateSourceLinkFile" depends on it):
       Building target "_InitializeGitLabSourceLinkUrl" completely.
       No input files were specified.
       Task "Microsoft.SourceLink.GitLab.GetSourceLinkUrl"
       Done executing task "Microsoft.SourceLink.GitLab.GetSourceLinkUrl".
   1:7>Done building target "_InitializeGitLabSourceLinkUrl" in project "StudentFormsApi.csproj".
   1:7>Target "_InitializeGitLabSourceLinkUrl" in file "C:\Program Files\dotnet\sdk\9.0.101\Sdks\Microsoft.SourceLink.GitLab\build\Microsoft.SourceLink.GitLab.targets" from project "D:\Personal\MS3\VedhamsMidway\SRM\srm\StudentFormsApi\StudentFormsApi.csproj" (target "_GenerateSourceLinkFile" depends on it):
       Building target "_InitializeGitLabSourceLinkUrl" completely.
       No input files were specified.
       Task "Microsoft.SourceLink.GitLab.GetSourceLinkUrl"
       Done executing task "Microsoft.SourceLink.GitLab.GetSourceLinkUrl".
   1:7>Done building target "_InitializeGitLabSourceLinkUrl" in project "StudentFormsApi.csproj".
   1:7>Target "_InitializeGitLabSourceLinkUrl" in file "C:\Program Files\dotnet\sdk\9.0.101\Sdks\Microsoft.SourceLink.GitLab\build\Microsoft.SourceLink.GitLab.targets" from project "D:\Personal\MS3\VedhamsMidway\SRM\srm\StudentFormsApi\StudentFormsApi.csproj" (target "_GenerateSourceLinkFile" depends on it):
       Building target "_InitializeGitLabSourceLinkUrl" completely.
       No input files were specified.
       Task "Microsoft.SourceLink.GitLab.GetSourceLinkUrl"
       Done executing task "Microsoft.SourceLink.GitLab.GetSourceLinkUrl".
   1:7>Done building target "_InitializeGitLabSourceLinkUrl" in project "StudentFormsApi.csproj".
   1:7>Target "_InitializeGitLabSourceLinkUrl" in file "C:\Program Files\dotnet\sdk\9.0.101\Sdks\Microsoft.SourceLink.GitLab\build\Microsoft.SourceLink.GitLab.targets" from project "D:\Personal\MS3\VedhamsMidway\SRM\srm\StudentFormsApi\StudentFormsApi.csproj" (target "_GenerateSourceLinkFile" depends on it):
       Building target "_InitializeGitLabSourceLinkUrl" completely.
       No input files were specified.
       Task "Microsoft.SourceLink.GitLab.GetSourceLinkUrl"
       Done executing task "Microsoft.SourceLink.GitLab.GetSourceLinkUrl".
   1:7>Done building target "_InitializeGitLabSourceLinkUrl" in project "StudentFormsApi.csproj".
   1:7>Target "_InitializeAzureReposGitSourceLinkUrl" in file "C:\Program Files\dotnet\sdk\9.0.101\Sdks\Microsoft.SourceLink.AzureRepos.Git\build\Microsoft.SourceLink.AzureRepos.Git.targets" from project "D:\Personal\MS3\VedhamsMidway\SRM\srm\StudentFormsApi\StudentFormsApi.csproj" (target "_GenerateSourceLinkFile" depends on it):
       Building target "_InitializeAzureReposGitSourceLinkUrl" completely.
       No input files were specified.
       Using "Microsoft.SourceLink.AzureRepos.Git.GetSourceLinkUrl" task from assembly "C:\Program Files\dotnet\sdk\9.0.101\Sdks\Microsoft.SourceLink.AzureRepos.Git\build\..\tools\core\Microsoft.SourceLink.AzureRepos.Git.dll".
       Task "Microsoft.SourceLink.AzureRepos.Git.GetSourceLinkUrl"
       Done executing task "Microsoft.SourceLink.AzureRepos.Git.GetSourceLinkUrl".
   1:7>Done building target "_InitializeAzureReposGitSourceLinkUrl" in project "StudentFormsApi.csproj".
   1:7>Target "_InitializeAzureReposGitSourceLinkUrl" in file "C:\Program Files\dotnet\sdk\9.0.101\Sdks\Microsoft.SourceLink.AzureRepos.Git\build\Microsoft.SourceLink.AzureRepos.Git.targets" from project "D:\Personal\MS3\VedhamsMidway\SRM\srm\StudentFormsApi\StudentFormsApi.csproj" (target "_GenerateSourceLinkFile" depends on it):
       Building target "_InitializeAzureReposGitSourceLinkUrl" completely.
       No input files were specified.
       Task "Microsoft.SourceLink.AzureRepos.Git.GetSourceLinkUrl"
       Done executing task "Microsoft.SourceLink.AzureRepos.Git.GetSourceLinkUrl".
   1:7>Done building target "_InitializeAzureReposGitSourceLinkUrl" in project "StudentFormsApi.csproj".
   1:7>Target "_InitializeAzureReposGitSourceLinkUrl" in file "C:\Program Files\dotnet\sdk\9.0.101\Sdks\Microsoft.SourceLink.AzureRepos.Git\build\Microsoft.SourceLink.AzureRepos.Git.targets" from project "D:\Personal\MS3\VedhamsMidway\SRM\srm\StudentFormsApi\StudentFormsApi.csproj" (target "_GenerateSourceLinkFile" depends on it):
       Building target "_InitializeAzureReposGitSourceLinkUrl" completely.
       No input files were specified.
       Task "Microsoft.SourceLink.AzureRepos.Git.GetSourceLinkUrl"
       Done executing task "Microsoft.SourceLink.AzureRepos.Git.GetSourceLinkUrl".
   1:7>Done building target "_InitializeAzureReposGitSourceLinkUrl" in project "StudentFormsApi.csproj".
   1:7>Target "_InitializeAzureReposGitSourceLinkUrl" in file "C:\Program Files\dotnet\sdk\9.0.101\Sdks\Microsoft.SourceLink.AzureRepos.Git\build\Microsoft.SourceLink.AzureRepos.Git.targets" from project "D:\Personal\MS3\VedhamsMidway\SRM\srm\StudentFormsApi\StudentFormsApi.csproj" (target "_GenerateSourceLinkFile" depends on it):
       Building target "_InitializeAzureReposGitSourceLinkUrl" completely.
       No input files were specified.
       Task "Microsoft.SourceLink.AzureRepos.Git.GetSourceLinkUrl"
       Done executing task "Microsoft.SourceLink.AzureRepos.Git.GetSourceLinkUrl".
   1:7>Done building target "_InitializeAzureReposGitSourceLinkUrl" in project "StudentFormsApi.csproj".
   1:7>Target "_InitializeAzureReposGitSourceLinkUrl" in file "C:\Program Files\dotnet\sdk\9.0.101\Sdks\Microsoft.SourceLink.AzureRepos.Git\build\Microsoft.SourceLink.AzureRepos.Git.targets" from project "D:\Personal\MS3\VedhamsMidway\SRM\srm\StudentFormsApi\StudentFormsApi.csproj" (target "_GenerateSourceLinkFile" depends on it):
       Building target "_InitializeAzureReposGitSourceLinkUrl" completely.
       No input files were specified.
       Task "Microsoft.SourceLink.AzureRepos.Git.GetSourceLinkUrl"
       Done executing task "Microsoft.SourceLink.AzureRepos.Git.GetSourceLinkUrl".
   1:7>Done building target "_InitializeAzureReposGitSourceLinkUrl" in project "StudentFormsApi.csproj".
   1:7>Target "_InitializeBitbucketGitSourceLinkUrl" in file "C:\Program Files\dotnet\sdk\9.0.101\Sdks\Microsoft.SourceLink.Bitbucket.Git\build\Microsoft.SourceLink.Bitbucket.Git.targets" from project "D:\Personal\MS3\VedhamsMidway\SRM\srm\StudentFormsApi\StudentFormsApi.csproj" (target "_GenerateSourceLinkFile" depends on it):
       Building target "_InitializeBitbucketGitSourceLinkUrl" completely.
       No input files were specified.
       Using "Microsoft.SourceLink.Bitbucket.Git.GetSourceLinkUrl" task from assembly "C:\Program Files\dotnet\sdk\9.0.101\Sdks\Microsoft.SourceLink.Bitbucket.Git\build\..\tools\core\Microsoft.SourceLink.Bitbucket.Git.dll".
       Task "Microsoft.SourceLink.Bitbucket.Git.GetSourceLinkUrl"
       Done executing task "Microsoft.SourceLink.Bitbucket.Git.GetSourceLinkUrl".
   1:7>Done building target "_InitializeBitbucketGitSourceLinkUrl" in project "StudentFormsApi.csproj".
   1:7>Target "_InitializeBitbucketGitSourceLinkUrl" in file "C:\Program Files\dotnet\sdk\9.0.101\Sdks\Microsoft.SourceLink.Bitbucket.Git\build\Microsoft.SourceLink.Bitbucket.Git.targets" from project "D:\Personal\MS3\VedhamsMidway\SRM\srm\StudentFormsApi\StudentFormsApi.csproj" (target "_GenerateSourceLinkFile" depends on it):
       Building target "_InitializeBitbucketGitSourceLinkUrl" completely.
       No input files were specified.
       Task "Microsoft.SourceLink.Bitbucket.Git.GetSourceLinkUrl"
       Done executing task "Microsoft.SourceLink.Bitbucket.Git.GetSourceLinkUrl".
   1:7>Done building target "_InitializeBitbucketGitSourceLinkUrl" in project "StudentFormsApi.csproj".
   1:7>Target "_InitializeBitbucketGitSourceLinkUrl" in file "C:\Program Files\dotnet\sdk\9.0.101\Sdks\Microsoft.SourceLink.Bitbucket.Git\build\Microsoft.SourceLink.Bitbucket.Git.targets" from project "D:\Personal\MS3\VedhamsMidway\SRM\srm\StudentFormsApi\StudentFormsApi.csproj" (target "_GenerateSourceLinkFile" depends on it):
       Building target "_InitializeBitbucketGitSourceLinkUrl" completely.
       No input files were specified.
       Task "Microsoft.SourceLink.Bitbucket.Git.GetSourceLinkUrl"
       Done executing task "Microsoft.SourceLink.Bitbucket.Git.GetSourceLinkUrl".
   1:7>Done building target "_InitializeBitbucketGitSourceLinkUrl" in project "StudentFormsApi.csproj".
   1:7>Target "_InitializeBitbucketGitSourceLinkUrl" in file "C:\Program Files\dotnet\sdk\9.0.101\Sdks\Microsoft.SourceLink.Bitbucket.Git\build\Microsoft.SourceLink.Bitbucket.Git.targets" from project "D:\Personal\MS3\VedhamsMidway\SRM\srm\StudentFormsApi\StudentFormsApi.csproj" (target "_GenerateSourceLinkFile" depends on it):
       Building target "_InitializeBitbucketGitSourceLinkUrl" completely.
       No input files were specified.
       Task "Microsoft.SourceLink.Bitbucket.Git.GetSourceLinkUrl"
       Done executing task "Microsoft.SourceLink.Bitbucket.Git.GetSourceLinkUrl".
   1:7>Done building target "_InitializeBitbucketGitSourceLinkUrl" in project "StudentFormsApi.csproj".
   1:7>Target "_InitializeBitbucketGitSourceLinkUrl" in file "C:\Program Files\dotnet\sdk\9.0.101\Sdks\Microsoft.SourceLink.Bitbucket.Git\build\Microsoft.SourceLink.Bitbucket.Git.targets" from project "D:\Personal\MS3\VedhamsMidway\SRM\srm\StudentFormsApi\StudentFormsApi.csproj" (target "_GenerateSourceLinkFile" depends on it):
       Building target "_InitializeBitbucketGitSourceLinkUrl" completely.
       No input files were specified.
       Task "Microsoft.SourceLink.Bitbucket.Git.GetSourceLinkUrl"
       Done executing task "Microsoft.SourceLink.Bitbucket.Git.GetSourceLinkUrl".
   1:7>Done building target "_InitializeBitbucketGitSourceLinkUrl" in project "StudentFormsApi.csproj".
   1:7>Target "_GenerateSourceLinkFile" in file "C:\Program Files\dotnet\sdk\9.0.101\Sdks\Microsoft.SourceLink.Common\build\Microsoft.SourceLink.Common.targets" from project "D:\Personal\MS3\VedhamsMidway\SRM\srm\StudentFormsApi\StudentFormsApi.csproj" (target "GenerateSourceLinkFile" depends on it):
       Building target "_GenerateSourceLinkFile" completely.
       No input files were specified.
       Using "Microsoft.SourceLink.Common.GenerateSourceLinkFile" task from assembly "C:\Program Files\dotnet\sdk\9.0.101\Sdks\Microsoft.SourceLink.Common\build\..\tools\core\Microsoft.SourceLink.Common.dll".
       Task "Microsoft.SourceLink.Common.GenerateSourceLinkFile"
         Source Link file 'obj\Debug\net8.0\StudentFormsApi.sourcelink.json' is up-to-date.
       Done executing task "Microsoft.SourceLink.Common.GenerateSourceLinkFile".
   1:7>Done building target "_GenerateSourceLinkFile" in project "StudentFormsApi.csproj".
   1:7>Target "GenerateSourceLinkFile" in file "C:\Program Files\dotnet\sdk\9.0.101\Sdks\Microsoft.SourceLink.Common\build\Microsoft.SourceLink.Common.targets" from project "D:\Personal\MS3\VedhamsMidway\SRM\srm\StudentFormsApi\StudentFormsApi.csproj" (target "CoreCompile" depends on it):
   1:7>Done building target "GenerateSourceLinkFile" in project "StudentFormsApi.csproj".
   1:7>Target "AddGlobalAnalyzerConfigForPackage_MicrosoftCodeAnalysisNetAnalyzers" in file "C:\Program Files\dotnet\sdk\9.0.101\Sdks\Microsoft.NET.Sdk\analyzers\build\Microsoft.CodeAnalysis.NetAnalyzers.targets" from project "D:\Personal\MS3\VedhamsMidway\SRM\srm\StudentFormsApi\StudentFormsApi.csproj" (target "CoreCompile" depends on it):
   1:7>Done building target "AddGlobalAnalyzerConfigForPackage_MicrosoftCodeAnalysisNetAnalyzers" in project "StudentFormsApi.csproj".
       Target "AddGlobalAnalyzerConfigForPackage_MicrosoftCodeAnalysisNetAnalyzersDesign" skipped, due to false condition; ('$(SkipGlobalAnalyzerConfigForPackage)' != 'true' and ('$(AnalysisLevelDesign)' != '' or '$(AnalysisModeDesign)' != '')) was evaluated as ('' != 'true' and ('' != '' or '' != '')).
       Target "AddGlobalAnalyzerConfigForPackage_MicrosoftCodeAnalysisNetAnalyzersDocumentation" skipped, due to false condition; ('$(SkipGlobalAnalyzerConfigForPackage)' != 'true' and ('$(AnalysisLevelDocumentation)' != '' or '$(AnalysisModeDocumentation)' != '')) was evaluated as ('' != 'true' and ('' != '' or '' != '')).
       Target "AddGlobalAnalyzerConfigForPackage_MicrosoftCodeAnalysisNetAnalyzersGlobalization" skipped, due to false condition; ('$(SkipGlobalAnalyzerConfigForPackage)' != 'true' and ('$(AnalysisLevelGlobalization)' != '' or '$(AnalysisModeGlobalization)' != '')) was evaluated as ('' != 'true' and ('' != '' or '' != '')).
       Target "AddGlobalAnalyzerConfigForPackage_MicrosoftCodeAnalysisNetAnalyzersInteroperability" skipped, due to false condition; ('$(SkipGlobalAnalyzerConfigForPackage)' != 'true' and ('$(AnalysisLevelInteroperability)' != '' or '$(AnalysisModeInteroperability)' != '')) was evaluated as ('' != 'true' and ('' != '' or '' != '')).
       Target "AddGlobalAnalyzerConfigForPackage_MicrosoftCodeAnalysisNetAnalyzersMaintainability" skipped, due to false condition; ('$(SkipGlobalAnalyzerConfigForPackage)' != 'true' and ('$(AnalysisLevelMaintainability)' != '' or '$(AnalysisModeMaintainability)' != '')) was evaluated as ('' != 'true' and ('' != '' or '' != '')).
       Target "AddGlobalAnalyzerConfigForPackage_MicrosoftCodeAnalysisNetAnalyzersNaming" skipped, due to false condition; ('$(SkipGlobalAnalyzerConfigForPackage)' != 'true' and ('$(AnalysisLevelNaming)' != '' or '$(AnalysisModeNaming)' != '')) was evaluated as ('' != 'true' and ('' != '' or '' != '')).
       Target "AddGlobalAnalyzerConfigForPackage_MicrosoftCodeAnalysisNetAnalyzersPerformance" skipped, due to false condition; ('$(SkipGlobalAnalyzerConfigForPackage)' != 'true' and ('$(AnalysisLevelPerformance)' != '' or '$(AnalysisModePerformance)' != '')) was evaluated as ('' != 'true' and ('' != '' or '' != '')).
       Target "AddGlobalAnalyzerConfigForPackage_MicrosoftCodeAnalysisNetAnalyzersReliability" skipped, due to false condition; ('$(SkipGlobalAnalyzerConfigForPackage)' != 'true' and ('$(AnalysisLevelReliability)' != '' or '$(AnalysisModeReliability)' != '')) was evaluated as ('' != 'true' and ('' != '' or '' != '')).
       Target "AddGlobalAnalyzerConfigForPackage_MicrosoftCodeAnalysisNetAnalyzersSecurity" skipped, due to false condition; ('$(SkipGlobalAnalyzerConfigForPackage)' != 'true' and ('$(AnalysisLevelSecurity)' != '' or '$(AnalysisModeSecurity)' != '')) was evaluated as ('' != 'true' and ('' != '' or '' != '')).
       Target "AddGlobalAnalyzerConfigForPackage_MicrosoftCodeAnalysisNetAnalyzersUsage" skipped, due to false condition; ('$(SkipGlobalAnalyzerConfigForPackage)' != 'true' and ('$(AnalysisLevelUsage)' != '' or '$(AnalysisModeUsage)' != '')) was evaluated as ('' != 'true' and ('' != '' or '' != '')).
       Target "_CodeAnalysisTreatWarningsAsErrors" skipped, due to false condition; ('$(DesignTimeBuild)' == 'true' OR '$(BuildingProject)' != 'true') was evaluated as ('' == 'true' OR 'true' != 'true').
   1:7>Target "CoreCompile" in file "C:\Program Files\dotnet\sdk\9.0.101\Roslyn\Microsoft.CSharp.Core.targets" from project "D:\Personal\MS3\VedhamsMidway\SRM\srm\StudentFormsApi\StudentFormsApi.csproj" (target "Compile" depends on it):
       Building target "CoreCompile" completely.
       Input file "Controllers\AuthController.cs" is newer than output file "obj\Debug\net8.0\StudentFormsApi.pdb".
       Using "Csc" task from assembly "C:\Program Files\dotnet\sdk\9.0.101\Roslyn\Microsoft.Build.Tasks.CodeAnalysis.dll".
       Task "Csc"
         C:\Program Files\dotnet\dotnet.exe exec "C:\Program Files\dotnet\sdk\9.0.101\Roslyn\bincore\csc.dll" /noconfig /unsafe- /checked- /nowarn:1701,1702,1701,1702 /fullpaths /nostdlib+ /errorreport:prompt /warn:8 /define:TRACE;DEBUG;NET;NET8_0;NETCOREAPP;NET5_0_OR_GREATER;NET6_0_OR_GREATER;NET7_0_OR_GREATER;NET8_0_OR_GREATER;NETCOREAPP1_0_OR_GREATER;NETCOREAPP1_1_OR_GREATER;NETCOREAPP2_0_OR_GREATER;NETCOREAPP2_1_OR_GREATER;NETCOREAPP2_2_OR_GREATER;NETCOREAPP3_0_OR_GREATER;NETCOREAPP3_1_OR_GREATER /highentropyva+ /nullable:enable /reference:C:\Users\alaga\.nuget\packages\azure.core\1.25.0\lib\net5.0\Azure.Core.dll /reference:C:\Users\alaga\.nuget\packages\azure.identity\1.7.0\lib\netstandard2.0\Azure.Identity.dll /reference:"C:\Program Files\dotnet\packs\Microsoft.AspNetCore.App.Ref\8.0.11\ref\net8.0\Microsoft.AspNetCore.Antiforgery.dll" /reference:"C:\Program Files\dotnet\packs\Microsoft.AspNetCore.App.Ref\8.0.11\ref\net8.0\Microsoft.AspNetCore.Authentication.Abstractions.dll" /reference:"C:\Program Files\dotnet\packs\Microsoft.AspNetCore.App.Ref\8.0.11\ref\net8.0\Microsoft.AspNetCore.Authentication.BearerToken.dll" /reference:"C:\Program Files\dotnet\packs\Microsoft.AspNetCore.App.Ref\8.0.11\ref\net8.0\Microsoft.AspNetCore.Authentication.Cookies.dll" /reference:"C:\Program Files\dotnet\packs\Microsoft.AspNetCore.App.Ref\8.0.11\ref\net8.0\Microsoft.AspNetCore.Authentication.Core.dll" /reference:"C:\Program Files\dotnet\packs\Microsoft.AspNetCore.App.Ref\8.0.11\ref\net8.0\Microsoft.AspNetCore.Authentication.dll" /reference:C:\Users\alaga\.nuget\packages\microsoft.aspnetcore.authentication.jwtbearer\8.0.0\lib\net8.0\Microsoft.AspNetCore.Authentication.JwtBearer.dll /reference:"C:\Program Files\dotnet\packs\Microsoft.AspNetCore.App.Ref\8.0.11\ref\net8.0\Microsoft.AspNetCore.Authentication.OAuth.dll" /reference:"C:\Program Files\dotnet\packs\Microsoft.AspNetCore.App.Ref\8.0.11\ref\net8.0\Microsoft.AspNetCore.Authorization.dll" /reference:"C:\Program Files\dotnet\packs\Microsoft.AspNetCore.App.Ref\8.0.11\ref\net8.0\Microsoft.AspNetCore.Authorization.Policy.dll" /reference:"C:\Program Files\dotnet\packs\Microsoft.AspNetCore.App.Ref\8.0.11\ref\net8.0\Microsoft.AspNetCore.Components.Authorization.dll" /reference:"C:\Program Files\dotnet\packs\Microsoft.AspNetCore.App.Ref\8.0.11\ref\net8.0\Microsoft.AspNetCore.Components.dll" /reference:"C:\Program Files\dotnet\packs\Microsoft.AspNetCore.App.Ref\8.0.11\ref\net8.0\Microsoft.AspNetCore.Components.Endpoints.dll" /reference:"C:\Program Files\dotnet\packs\Microsoft.AspNetCore.App.Ref\8.0.11\ref\net8.0\Microsoft.AspNetCore.Components.Forms.dll" /reference:"C:\Program Files\dotnet\packs\Microsoft.AspNetCore.App.Ref\8.0.11\ref\net8.0\Microsoft.AspNetCore.Components.Server.dll" /reference:"C:\Program Files\dotnet\packs\Microsoft.AspNetCore.App.Ref\8.0.11\ref\net8.0\Microsoft.AspNetCore.Components.Web.dll" /reference:"C:\Program Files\dotnet\packs\Microsoft.AspNetCore.App.Ref\8.0.11\ref\net8.0\Microsoft.AspNetCore.Connections.Abstractions.dll" /reference:"C:\Program Files\dotnet\packs\Microsoft.AspNetCore.App.Ref\8.0.11\ref\net8.0\Microsoft.AspNetCore.CookiePolicy.dll" /reference:"C:\Program Files\dotnet\packs\Microsoft.AspNetCore.App.Ref\8.0.11\ref\net8.0\Microsoft.AspNetCore.Cors.dll" /reference:"C:\Program Files\dotnet\packs\Microsoft.AspNetCore.App.Ref\8.0.11\ref\net8.0\Microsoft.AspNetCore.Cryptography.Internal.dll" /reference:"C:\Program Files\dotnet\packs\Microsoft.AspNetCore.App.Ref\8.0.11\ref\net8.0\Microsoft.AspNetCore.Cryptography.KeyDerivation.dll" /reference:"C:\Program Files\dotnet\packs\Microsoft.AspNetCore.App.Ref\8.0.11\ref\net8.0\Microsoft.AspNetCore.DataProtection.Abstractions.dll" /reference:"C:\Program Files\dotnet\packs\Microsoft.AspNetCore.App.Ref\8.0.11\ref\net8.0\Microsoft.AspNetCore.DataProtection.dll" /reference:"C:\Program Files\dotnet\packs\Microsoft.AspNetCore.App.Ref\8.0.11\ref\net8.0\Microsoft.AspNetCore.DataProtection.Extensions.dll" /reference:"C:\Program Files\dotnet\packs\Microsoft.AspNetCore.App.Ref\8.0.11\ref\net8.0\Microsoft.AspNetCore.Diagnostics.Abstractions.dll" /reference:"C:\Program Files\dotnet\packs\Microsoft.AspNetCore.App.Ref\8.0.11\ref\net8.0\Microsoft.AspNetCore.Diagnostics.dll" /reference:"C:\Program Files\dotnet\packs\Microsoft.AspNetCore.App.Ref\8.0.11\ref\net8.0\Microsoft.AspNetCore.Diagnostics.HealthChecks.dll" /reference:"C:\Program Files\dotnet\packs\Microsoft.AspNetCore.App.Ref\8.0.11\ref\net8.0\Microsoft.AspNetCore.dll" /reference:"C:\Program Files\dotnet\packs\Microsoft.AspNetCore.App.Ref\8.0.11\ref\net8.0\Microsoft.AspNetCore.HostFiltering.dll" /reference:"C:\Program Files\dotnet\packs\Microsoft.AspNetCore.App.Ref\8.0.11\ref\net8.0\Microsoft.AspNetCore.Hosting.Abstractions.dll" /reference:"C:\Program Files\dotnet\packs\Microsoft.AspNetCore.App.Ref\8.0.11\ref\net8.0\Microsoft.AspNetCore.Hosting.dll" /reference:"C:\Program Files\dotnet\packs\Microsoft.AspNetCore.App.Ref\8.0.11\ref\net8.0\Microsoft.AspNetCore.Hosting.Server.Abstractions.dll" /reference:"C:\Program Files\dotnet\packs\Microsoft.AspNetCore.App.Ref\8.0.11\ref\net8.0\Microsoft.AspNetCore.Html.Abstractions.dll" /reference:"C:\Program Files\dotnet\packs\Microsoft.AspNetCore.App.Ref\8.0.11\ref\net8.0\Microsoft.AspNetCore.Http.Abstractions.dll" /reference:"C:\Program Files\dotnet\packs\Microsoft.AspNetCore.App.Ref\8.0.11\ref\net8.0\Microsoft.AspNetCore.Http.Connections.Common.dll" /reference:"C:\Program Files\dotnet\packs\Microsoft.AspNetCore.App.Ref\8.0.11\ref\net8.0\Microsoft.AspNetCore.Http.Connections.dll" /reference:"C:\Program Files\dotnet\packs\Microsoft.AspNetCore.App.Ref\8.0.11\ref\net8.0\Microsoft.AspNetCore.Http.dll" /reference:"C:\Program Files\dotnet\packs\Microsoft.AspNetCore.App.Ref\8.0.11\ref\net8.0\Microsoft.AspNetCore.Http.Extensions.dll" /reference:"C:\Program Files\dotnet\packs\Microsoft.AspNetCore.App.Ref\8.0.11\ref\net8.0\Microsoft.AspNetCore.Http.Features.dll" /reference:"C:\Program Files\dotnet\packs\Microsoft.AspNetCore.App.Ref\8.0.11\ref\net8.0\Microsoft.AspNetCore.Http.Results.dll" /reference:"C:\Program Files\dotnet\packs\Microsoft.AspNetCore.App.Ref\8.0.11\ref\net8.0\Microsoft.AspNetCore.HttpLogging.dll" /reference:"C:\Program Files\dotnet\packs\Microsoft.AspNetCore.App.Ref\8.0.11\ref\net8.0\Microsoft.AspNetCore.HttpOverrides.dll" /reference:"C:\Program Files\dotnet\packs\Microsoft.AspNetCore.App.Ref\8.0.11\ref\net8.0\Microsoft.AspNetCore.HttpsPolicy.dll" /reference:"C:\Program Files\dotnet\packs\Microsoft.AspNetCore.App.Ref\8.0.11\ref\net8.0\Microsoft.AspNetCore.Identity.dll" /reference:"C:\Program Files\dotnet\packs\Microsoft.AspNetCore.App.Ref\8.0.11\ref\net8.0\Microsoft.AspNetCore.Localization.dll" /reference:"C:\Program Files\dotnet\packs\Microsoft.AspNetCore.App.Ref\8.0.11\ref\net8.0\Microsoft.AspNetCore.Localization.Routing.dll" /reference:"C:\Program Files\dotnet\packs\Microsoft.AspNetCore.App.Ref\8.0.11\ref\net8.0\Microsoft.AspNetCore.Metadata.dll" /reference:"C:\Program Files\dotnet\packs\Microsoft.AspNetCore.App.Ref\8.0.11\ref\net8.0\Microsoft.AspNetCore.Mvc.Abstractions.dll" /reference:"C:\Program Files\dotnet\packs\Microsoft.AspNetCore.App.Ref\8.0.11\ref\net8.0\Microsoft.AspNetCore.Mvc.ApiExplorer.dll" /reference:"C:\Program Files\dotnet\packs\Microsoft.AspNetCore.App.Ref\8.0.11\ref\net8.0\Microsoft.AspNetCore.Mvc.Core.dll" /reference:"C:\Program Files\dotnet\packs\Microsoft.AspNetCore.App.Ref\8.0.11\ref\net8.0\Microsoft.AspNetCore.Mvc.Cors.dll" /reference:"C:\Program Files\dotnet\packs\Microsoft.AspNetCore.App.Ref\8.0.11\ref\net8.0\Microsoft.AspNetCore.Mvc.DataAnnotations.dll" /reference:"C:\Program Files\dotnet\packs\Microsoft.AspNetCore.App.Ref\8.0.11\ref\net8.0\Microsoft.AspNetCore.Mvc.dll" /reference:"C:\Program Files\dotnet\packs\Microsoft.AspNetCore.App.Ref\8.0.11\ref\net8.0\Microsoft.AspNetCore.Mvc.Formatters.Json.dll" /reference:"C:\Program Files\dotnet\packs\Microsoft.AspNetCore.App.Ref\8.0.11\ref\net8.0\Microsoft.AspNetCore.Mvc.Formatters.Xml.dll" /reference:"C:\Program Files\dotnet\packs\Microsoft.AspNetCore.App.Ref\8.0.11\ref\net8.0\Microsoft.AspNetCore.Mvc.Localization.dll" /reference:"C:\Program Files\dotnet\packs\Microsoft.AspNetCore.App.Ref\8.0.11\ref\net8.0\Microsoft.AspNetCore.Mvc.Razor.dll" /reference:"C:\Program Files\dotnet\packs\Microsoft.AspNetCore.App.Ref\8.0.11\ref\net8.0\Microsoft.AspNetCore.Mvc.RazorPages.dll" /reference:"C:\Program Files\dotnet\packs\Microsoft.AspNetCore.App.Ref\8.0.11\ref\net8.0\Microsoft.AspNetCore.Mvc.TagHelpers.dll" /reference:"C:\Program Files\dotnet\packs\Microsoft.AspNetCore.App.Ref\8.0.11\ref\net8.0\Microsoft.AspNetCore.Mvc.ViewFeatures.dll" /reference:C:\Users\alaga\.nuget\packages\microsoft.aspnetcore.openapi\8.0.11\lib\net8.0\Microsoft.AspNetCore.OpenApi.dll /reference:"C:\Program Files\dotnet\packs\Microsoft.AspNetCore.App.Ref\8.0.11\ref\net8.0\Microsoft.AspNetCore.OutputCaching.dll" /reference:"C:\Program Files\dotnet\packs\Microsoft.AspNetCore.App.Ref\8.0.11\ref\net8.0\Microsoft.AspNetCore.RateLimiting.dll" /reference:"C:\Program Files\dotnet\packs\Microsoft.AspNetCore.App.Ref\8.0.11\ref\net8.0\Microsoft.AspNetCore.Razor.dll" /reference:"C:\Program Files\dotnet\packs\Microsoft.AspNetCore.App.Ref\8.0.11\ref\net8.0\Microsoft.AspNetCore.Razor.Runtime.dll" /reference:"C:\Program Files\dotnet\packs\Microsoft.AspNetCore.App.Ref\8.0.11\ref\net8.0\Microsoft.AspNetCore.RequestDecompression.dll" /reference:"C:\Program Files\dotnet\packs\Microsoft.AspNetCore.App.Ref\8.0.11\ref\net8.0\Microsoft.AspNetCore.ResponseCaching.Abstractions.dll" /reference:"C:\Program Files\dotnet\packs\Microsoft.AspNetCore.App.Ref\8.0.11\ref\net8.0\Microsoft.AspNetCore.ResponseCaching.dll" /reference:"C:\Program Files\dotnet\packs\Microsoft.AspNetCore.App.Ref\8.0.11\ref\net8.0\Microsoft.AspNetCore.ResponseCompression.dll" /reference:"C:\Program Files\dotnet\packs\Microsoft.AspNetCore.App.Ref\8.0.11\ref\net8.0\Microsoft.AspNetCore.Rewrite.dll" /reference:"C:\Program Files\dotnet\packs\Microsoft.AspNetCore.App.Ref\8.0.11\ref\net8.0\Microsoft.AspNetCore.Routing.Abstractions.dll" /reference:"C:\Program Files\dotnet\packs\Microsoft.AspNetCore.App.Ref\8.0.11\ref\net8.0\Microsoft.AspNetCore.Routing.dll" /reference:"C:\Program Files\dotnet\packs\Microsoft.AspNetCore.App.Ref\8.0.11\ref\net8.0\Microsoft.AspNetCore.Server.HttpSys.dll" /reference:"C:\Program Files\dotnet\packs\Microsoft.AspNetCore.App.Ref\8.0.11\ref\net8.0\Microsoft.AspNetCore.Server.IIS.dll" /reference:"C:\Program Files\dotnet\packs\Microsoft.AspNetCore.App.Ref\8.0.11\ref\net8.0\Microsoft.AspNetCore.Server.IISIntegration.dll" /reference:"C:\Program Files\dotnet\packs\Microsoft.AspNetCore.App.Ref\8.0.11\ref\net8.0\Microsoft.AspNetCore.Server.Kestrel.Core.dll" /reference:"C:\Program Files\dotnet\packs\Microsoft.AspNetCore.App.Ref\8.0.11\ref\net8.0\Microsoft.AspNetCore.Server.Kestrel.dll" /reference:"C:\Program Files\dotnet\packs\Microsoft.AspNetCore.App.Ref\8.0.11\ref\net8.0\Microsoft.AspNetCore.Server.Kestrel.Transport.NamedPipes.dll" /reference:"C:\Program Files\dotnet\packs\Microsoft.AspNetCore.App.Ref\8.0.11\ref\net8.0\Microsoft.AspNetCore.Server.Kestrel.Transport.Quic.dll" /reference:"C:\Program Files\dotnet\packs\Microsoft.AspNetCore.App.Ref\8.0.11\ref\net8.0\Microsoft.AspNetCore.Server.Kestrel.Transport.Sockets.dll" /reference:"C:\Program Files\dotnet\packs\Microsoft.AspNetCore.App.Ref\8.0.11\ref\net8.0\Microsoft.AspNetCore.Session.dll" /reference:"C:\Program Files\dotnet\packs\Microsoft.AspNetCore.App.Ref\8.0.11\ref\net8.0\Microsoft.AspNetCore.SignalR.Common.dll" /reference:"C:\Program Files\dotnet\packs\Microsoft.AspNetCore.App.Ref\8.0.11\ref\net8.0\Microsoft.AspNetCore.SignalR.Core.dll" /reference:"C:\Program Files\dotnet\packs\Microsoft.AspNetCore.App.Ref\8.0.11\ref\net8.0\Microsoft.AspNetCore.SignalR.dll" /reference:"C:\Program Files\dotnet\packs\Microsoft.AspNetCore.App.Ref\8.0.11\ref\net8.0\Microsoft.AspNetCore.SignalR.Protocols.Json.dll" /reference:"C:\Program Files\dotnet\packs\Microsoft.AspNetCore.App.Ref\8.0.11\ref\net8.0\Microsoft.AspNetCore.StaticFiles.dll" /reference:"C:\Program Files\dotnet\packs\Microsoft.AspNetCore.App.Ref\8.0.11\ref\net8.0\Microsoft.AspNetCore.WebSockets.dll" /reference:"C:\Program Files\dotnet\packs\Microsoft.AspNetCore.App.Ref\8.0.11\ref\net8.0\Microsoft.AspNetCore.WebUtilities.dll" /reference:C:\Users\alaga\.nuget\packages\microsoft.bcl.asyncinterfaces\6.0.0\lib\netstandard2.1\Microsoft.Bcl.AsyncInterfaces.dll /reference:"C:\Program Files\dotnet\packs\Microsoft.NETCore.App.Ref\8.0.11\ref\net8.0\Microsoft.CSharp.dll" /reference:C:\Users\alaga\.nuget\packages\microsoft.data.sqlclient\5.1.1\ref\net6.0\Microsoft.Data.SqlClient.dll /reference:C:\Users\alaga\.nuget\packages\microsoft.entityframeworkcore.abstractions\8.0.0\lib\net8.0\Microsoft.EntityFrameworkCore.Abstractions.dll /reference:C:\Users\alaga\.nuget\packages\microsoft.entityframeworkcore\8.0.0\lib\net8.0\Microsoft.EntityFrameworkCore.dll /reference:C:\Users\alaga\.nuget\packages\microsoft.entityframeworkcore.relational\8.0.0\lib\net8.0\Microsoft.EntityFrameworkCore.Relational.dll /reference:C:\Users\alaga\.nuget\packages\microsoft.entityframeworkcore.sqlserver\8.0.0\lib\net8.0\Microsoft.EntityFrameworkCore.SqlServer.dll /reference:"C:\Program Files\dotnet\packs\Microsoft.AspNetCore.App.Ref\8.0.11\ref\net8.0\Microsoft.Extensions.Caching.Abstractions.dll" /reference:"C:\Program Files\dotnet\packs\Microsoft.AspNetCore.App.Ref\8.0.11\ref\net8.0\Microsoft.Extensions.Caching.Memory.dll" /reference:"C:\Program Files\dotnet\packs\Microsoft.AspNetCore.App.Ref\8.0.11\ref\net8.0\Microsoft.Extensions.Configuration.Abstractions.dll" /reference:"C:\Program Files\dotnet\packs\Microsoft.AspNetCore.App.Ref\8.0.11\ref\net8.0\Microsoft.Extensions.Configuration.Binder.dll" /reference:"C:\Program Files\dotnet\packs\Microsoft.AspNetCore.App.Ref\8.0.11\ref\net8.0\Microsoft.Extensions.Configuration.CommandLine.dll" /reference:"C:\Program Files\dotnet\packs\Microsoft.AspNetCore.App.Ref\8.0.11\ref\net8.0\Microsoft.Extensions.Configuration.dll" /reference:"C:\Program Files\dotnet\packs\Microsoft.AspNetCore.App.Ref\8.0.11\ref\net8.0\Microsoft.Extensions.Configuration.EnvironmentVariables.dll" /reference:"C:\Program Files\dotnet\packs\Microsoft.AspNetCore.App.Ref\8.0.11\ref\net8.0\Microsoft.Extensions.Configuration.FileExtensions.dll" /reference:"C:\Program Files\dotnet\packs\Microsoft.AspNetCore.App.Ref\8.0.11\ref\net8.0\Microsoft.Extensions.Configuration.Ini.dll" /reference:"C:\Program Files\dotnet\packs\Microsoft.AspNetCore.App.Ref\8.0.11\ref\net8.0\Microsoft.Extensions.Configuration.Json.dll" /reference:"C:\Program Files\dotnet\packs\Microsoft.AspNetCore.App.Ref\8.0.11\ref\net8.0\Microsoft.Extensions.Configuration.KeyPerFile.dll" /reference:"C:\Program Files\dotnet\packs\Microsoft.AspNetCore.App.Ref\8.0.11\ref\net8.0\Microsoft.Extensions.Configuration.UserSecrets.dll" /reference:"C:\Program Files\dotnet\packs\Microsoft.AspNetCore.App.Ref\8.0.11\ref\net8.0\Microsoft.Extensions.Configuration.Xml.dll" /reference:"C:\Program Files\dotnet\packs\Microsoft.AspNetCore.App.Ref\8.0.11\ref\net8.0\Microsoft.Extensions.DependencyInjection.Abstractions.dll" /reference:"C:\Program Files\dotnet\packs\Microsoft.AspNetCore.App.Ref\8.0.11\ref\net8.0\Microsoft.Extensions.DependencyInjection.dll" /reference:"C:\Program Files\dotnet\packs\Microsoft.AspNetCore.App.Ref\8.0.11\ref\net8.0\Microsoft.Extensions.Diagnostics.Abstractions.dll" /reference:"C:\Program Files\dotnet\packs\Microsoft.AspNetCore.App.Ref\8.0.11\ref\net8.0\Microsoft.Extensions.Diagnostics.dll" /reference:"C:\Program Files\dotnet\packs\Microsoft.AspNetCore.App.Ref\8.0.11\ref\net8.0\Microsoft.Extensions.Diagnostics.HealthChecks.Abstractions.dll" /reference:"C:\Program Files\dotnet\packs\Microsoft.AspNetCore.App.Ref\8.0.11\ref\net8.0\Microsoft.Extensions.Diagnostics.HealthChecks.dll" /reference:"C:\Program Files\dotnet\packs\Microsoft.AspNetCore.App.Ref\8.0.11\ref\net8.0\Microsoft.Extensions.Features.dll" /reference:"C:\Program Files\dotnet\packs\Microsoft.AspNetCore.App.Ref\8.0.11\ref\net8.0\Microsoft.Extensions.FileProviders.Abstractions.dll" /reference:"C:\Program Files\dotnet\packs\Microsoft.AspNetCore.App.Ref\8.0.11\ref\net8.0\Microsoft.Extensions.FileProviders.Composite.dll" /reference:"C:\Program Files\dotnet\packs\Microsoft.AspNetCore.App.Ref\8.0.11\ref\net8.0\Microsoft.Extensions.FileProviders.Embedded.dll" /reference:"C:\Program Files\dotnet\packs\Microsoft.AspNetCore.App.Ref\8.0.11\ref\net8.0\Microsoft.Extensions.FileProviders.Physical.dll" /reference:"C:\Program Files\dotnet\packs\Microsoft.AspNetCore.App.Ref\8.0.11\ref\net8.0\Microsoft.Extensions.FileSystemGlobbing.dll" /reference:"C:\Program Files\dotnet\packs\Microsoft.AspNetCore.App.Ref\8.0.11\ref\net8.0\Microsoft.Extensions.Hosting.Abstractions.dll" /reference:"C:\Program Files\dotnet\packs\Microsoft.AspNetCore.App.Ref\8.0.11\ref\net8.0\Microsoft.Extensions.Hosting.dll" /reference:"C:\Program Files\dotnet\packs\Microsoft.AspNetCore.App.Ref\8.0.11\ref\net8.0\Microsoft.Extensions.Http.dll" /reference:"C:\Program Files\dotnet\packs\Microsoft.AspNetCore.App.Ref\8.0.11\ref\net8.0\Microsoft.Extensions.Identity.Core.dll" /reference:"C:\Program Files\dotnet\packs\Microsoft.AspNetCore.App.Ref\8.0.11\ref\net8.0\Microsoft.Extensions.Identity.Stores.dll" /reference:"C:\Program Files\dotnet\packs\Microsoft.AspNetCore.App.Ref\8.0.11\ref\net8.0\Microsoft.Extensions.Localization.Abstractions.dll" /reference:"C:\Program Files\dotnet\packs\Microsoft.AspNetCore.App.Ref\8.0.11\ref\net8.0\Microsoft.Extensions.Localization.dll" /reference:"C:\Program Files\dotnet\packs\Microsoft.AspNetCore.App.Ref\8.0.11\ref\net8.0\Microsoft.Extensions.Logging.Abstractions.dll" /reference:"C:\Program Files\dotnet\packs\Microsoft.AspNetCore.App.Ref\8.0.11\ref\net8.0\Microsoft.Extensions.Logging.Configuration.dll" /reference:"C:\Program Files\dotnet\packs\Microsoft.AspNetCore.App.Ref\8.0.11\ref\net8.0\Microsoft.Extensions.Logging.Console.dll" /reference:"C:\Program Files\dotnet\packs\Microsoft.AspNetCore.App.Ref\8.0.11\ref\net8.0\Microsoft.Extensions.Logging.Debug.dll" /reference:"C:\Program Files\dotnet\packs\Microsoft.AspNetCore.App.Ref\8.0.11\ref\net8.0\Microsoft.Extensions.Logging.dll" /reference:"C:\Program Files\dotnet\packs\Microsoft.AspNetCore.App.Ref\8.0.11\ref\net8.0\Microsoft.Extensions.Logging.EventLog.dll" /reference:"C:\Program Files\dotnet\packs\Microsoft.AspNetCore.App.Ref\8.0.11\ref\net8.0\Microsoft.Extensions.Logging.EventSource.dll" /reference:"C:\Program Files\dotnet\packs\Microsoft.AspNetCore.App.Ref\8.0.11\ref\net8.0\Microsoft.Extensions.Logging.TraceSource.dll" /reference:"C:\Program Files\dotnet\packs\Microsoft.AspNetCore.App.Ref\8.0.11\ref\net8.0\Microsoft.Extensions.ObjectPool.dll" /reference:"C:\Program Files\dotnet\packs\Microsoft.AspNetCore.App.Ref\8.0.11\ref\net8.0\Microsoft.Extensions.Options.ConfigurationExtensions.dll" /reference:"C:\Program Files\dotnet\packs\Microsoft.AspNetCore.App.Ref\8.0.11\ref\net8.0\Microsoft.Extensions.Options.DataAnnotations.dll" /reference:"C:\Program Files\dotnet\packs\Microsoft.AspNetCore.App.Ref\8.0.11\ref\net8.0\Microsoft.Extensions.Options.dll" /reference:"C:\Program Files\dotnet\packs\Microsoft.AspNetCore.App.Ref\8.0.11\ref\net8.0\Microsoft.Extensions.Primitives.dll" /reference:"C:\Program Files\dotnet\packs\Microsoft.AspNetCore.App.Ref\8.0.11\ref\net8.0\Microsoft.Extensions.WebEncoders.dll" /reference:C:\Users\alaga\.nuget\packages\microsoft.identity.client\4.47.2\lib\netcoreapp2.1\Microsoft.Identity.Client.dll /reference:C:\Users\alaga\.nuget\packages\microsoft.identity.client.extensions.msal\2.19.3\lib\netcoreapp2.1\Microsoft.Identity.Client.Extensions.Msal.dll /reference:C:\Users\alaga\.nuget\packages\microsoft.identitymodel.abstractions\7.0.3\lib\net8.0\Microsoft.IdentityModel.Abstractions.dll /reference:C:\Users\alaga\.nuget\packages\microsoft.identitymodel.jsonwebtokens\7.0.3\lib\net8.0\Microsoft.IdentityModel.JsonWebTokens.dll /reference:C:\Users\alaga\.nuget\packages\microsoft.identitymodel.logging\7.0.3\lib\net8.0\Microsoft.IdentityModel.Logging.dll /reference:C:\Users\alaga\.nuget\packages\microsoft.identitymodel.protocols\7.0.3\lib\net8.0\Microsoft.IdentityModel.Protocols.dll /reference:C:\Users\alaga\.nuget\packages\microsoft.identitymodel.protocols.openidconnect\7.0.3\lib\net8.0\Microsoft.IdentityModel.Protocols.OpenIdConnect.dll /reference:C:\Users\alaga\.nuget\packages\microsoft.identitymodel.tokens\7.0.3\lib\net8.0\Microsoft.IdentityModel.Tokens.dll /reference:"C:\Program Files\dotnet\packs\Microsoft.AspNetCore.App.Ref\8.0.11\ref\net8.0\Microsoft.JSInterop.dll" /reference:"C:\Program Files\dotnet\packs\Microsoft.AspNetCore.App.Ref\8.0.11\ref\net8.0\Microsoft.Net.Http.Headers.dll" /reference:C:\Users\alaga\.nuget\packages\microsoft.openapi\1.6.14\lib\netstandard2.0\Microsoft.OpenApi.dll /reference:C:\Users\alaga\.nuget\packages\microsoft.sqlserver.server\1.0.0\lib\netstandard2.0\Microsoft.SqlServer.Server.dll /reference:"C:\Program Files\dotnet\packs\Microsoft.NETCore.App.Ref\8.0.11\ref\net8.0\Microsoft.VisualBasic.Core.dll" /reference:"C:\Program Files\dotnet\packs\Microsoft.NETCore.App.Ref\8.0.11\ref\net8.0\Microsoft.VisualBasic.dll" /reference:"C:\Program Files\dotnet\packs\Microsoft.NETCore.App.Ref\8.0.11\ref\net8.0\Microsoft.Win32.Primitives.dll" /reference:"C:\Program Files\dotnet\packs\Microsoft.NETCore.App.Ref\8.0.11\ref\net8.0\Microsoft.Win32.Registry.dll" /reference:"C:\Program Files\dotnet\packs\Microsoft.NETCore.App.Ref\8.0.11\ref\net8.0\mscorlib.dll" /reference:"C:\Program Files\dotnet\packs\Microsoft.NETCore.App.Ref\8.0.11\ref\net8.0\netstandard.dll" /reference:C:\Users\alaga\.nuget\packages\swashbuckle.aspnetcore.swagger\6.6.2\lib\net8.0\Swashbuckle.AspNetCore.Swagger.dll /reference:C:\Users\alaga\.nuget\packages\swashbuckle.aspnetcore.swaggergen\6.6.2\lib\net8.0\Swashbuckle.AspNetCore.SwaggerGen.dll /reference:C:\Users\alaga\.nuget\packages\swashbuckle.aspnetcore.swaggerui\6.6.2\lib\net8.0\Swashbuckle.AspNetCore.SwaggerUI.dll /reference:"C:\Program Files\dotnet\packs\Microsoft.NETCore.App.Ref\8.0.11\ref\net8.0\System.AppContext.dll" /reference:"C:\Program Files\dotnet\packs\Microsoft.NETCore.App.Ref\8.0.11\ref\net8.0\System.Buffers.dll" /reference:"C:\Program Files\dotnet\packs\Microsoft.NETCore.App.Ref\8.0.11\ref\net8.0\System.Collections.Concurrent.dll" /reference:"C:\Program Files\dotnet\packs\Microsoft.NETCore.App.Ref\8.0.11\ref\net8.0\System.Collections.dll" /reference:"C:\Program Files\dotnet\packs\Microsoft.NETCore.App.Ref\8.0.11\ref\net8.0\System.Collections.Immutable.dll" /reference:"C:\Program Files\dotnet\packs\Microsoft.NETCore.App.Ref\8.0.11\ref\net8.0\System.Collections.NonGeneric.dll" /reference:"C:\Program Files\dotnet\packs\Microsoft.NETCore.App.Ref\8.0.11\ref\net8.0\System.Collections.Specialized.dll" /reference:"C:\Program Files\dotnet\packs\Microsoft.NETCore.App.Ref\8.0.11\ref\net8.0\System.ComponentModel.Annotations.dll" /reference:"C:\Program Files\dotnet\packs\Microsoft.NETCore.App.Ref\8.0.11\ref\net8.0\System.ComponentModel.DataAnnotations.dll" /reference:"C:\Program Files\dotnet\packs\Microsoft.NETCore.App.Ref\8.0.11\ref\net8.0\System.ComponentModel.dll" /reference:"C:\Program Files\dotnet\packs\Microsoft.NETCore.App.Ref\8.0.11\ref\net8.0\System.ComponentModel.EventBasedAsync.dll" /reference:"C:\Program Files\dotnet\packs\Microsoft.NETCore.App.Ref\8.0.11\ref\net8.0\System.ComponentModel.Primitives.dll" /reference:"C:\Program Files\dotnet\packs\Microsoft.NETCore.App.Ref\8.0.11\ref\net8.0\System.ComponentModel.TypeConverter.dll" /reference:"C:\Program Files\dotnet\packs\Microsoft.NETCore.App.Ref\8.0.11\ref\net8.0\System.Configuration.dll" /reference:"C:\Program Files\dotnet\packs\Microsoft.NETCore.App.Ref\8.0.11\ref\net8.0\System.Console.dll" /reference:"C:\Program Files\dotnet\packs\Microsoft.NETCore.App.Ref\8.0.11\ref\net8.0\System.Core.dll" /reference:"C:\Program Files\dotnet\packs\Microsoft.NETCore.App.Ref\8.0.11\ref\net8.0\System.Data.Common.dll" /reference:"C:\Program Files\dotnet\packs\Microsoft.NETCore.App.Ref\8.0.11\ref\net8.0\System.Data.DataSetExtensions.dll" /reference:"C:\Program Files\dotnet\packs\Microsoft.NETCore.App.Ref\8.0.11\ref\net8.0\System.Data.dll" /reference:"C:\Program Files\dotnet\packs\Microsoft.NETCore.App.Ref\8.0.11\ref\net8.0\System.Diagnostics.Contracts.dll" /reference:"C:\Program Files\dotnet\packs\Microsoft.NETCore.App.Ref\8.0.11\ref\net8.0\System.Diagnostics.Debug.dll" /reference:"C:\Program Files\dotnet\packs\Microsoft.NETCore.App.Ref\8.0.11\ref\net8.0\System.Diagnostics.DiagnosticSource.dll" /reference:"C:\Program Files\dotnet\packs\Microsoft.AspNetCore.App.Ref\8.0.11\ref\net8.0\System.Diagnostics.EventLog.dll" /reference:"C:\Program Files\dotnet\packs\Microsoft.NETCore.App.Ref\8.0.11\ref\net8.0\System.Diagnostics.FileVersionInfo.dll" /reference:"C:\Program Files\dotnet\packs\Microsoft.NETCore.App.Ref\8.0.11\ref\net8.0\System.Diagnostics.Process.dll" /reference:"C:\Program Files\dotnet\packs\Microsoft.NETCore.App.Ref\8.0.11\ref\net8.0\System.Diagnostics.StackTrace.dll" /reference:"C:\Program Files\dotnet\packs\Microsoft.NETCore.App.Ref\8.0.11\ref\net8.0\System.Diagnostics.TextWriterTraceListener.dll" /reference:"C:\Program Files\dotnet\packs\Microsoft.NETCore.App.Ref\8.0.11\ref\net8.0\System.Diagnostics.Tools.dll" /reference:"C:\Program Files\dotnet\packs\Microsoft.NETCore.App.Ref\8.0.11\ref\net8.0\System.Diagnostics.TraceSource.dll" /reference:"C:\Program Files\dotnet\packs\Microsoft.NETCore.App.Ref\8.0.11\ref\net8.0\System.Diagnostics.Tracing.dll" /reference:"C:\Program Files\dotnet\packs\Microsoft.NETCore.App.Ref\8.0.11\ref\net8.0\System.dll" /reference:"C:\Program Files\dotnet\packs\Microsoft.NETCore.App.Ref\8.0.11\ref\net8.0\System.Drawing.dll" /reference:"C:\Program Files\dotnet\packs\Microsoft.NETCore.App.Ref\8.0.11\ref\net8.0\System.Drawing.Primitives.dll" /reference:"C:\Program Files\dotnet\packs\Microsoft.NETCore.App.Ref\8.0.11\ref\net8.0\System.Dynamic.Runtime.dll" /reference:"C:\Program Files\dotnet\packs\Microsoft.NETCore.App.Ref\8.0.11\ref\net8.0\System.Formats.Asn1.dll" /reference:"C:\Program Files\dotnet\packs\Microsoft.NETCore.App.Ref\8.0.11\ref\net8.0\System.Formats.Tar.dll" /reference:"C:\Program Files\dotnet\packs\Microsoft.NETCore.App.Ref\8.0.11\ref\net8.0\System.Globalization.Calendars.dll" /reference:"C:\Program Files\dotnet\packs\Microsoft.NETCore.App.Ref\8.0.11\ref\net8.0\System.Globalization.dll" /reference:"C:\Program Files\dotnet\packs\Microsoft.NETCore.App.Ref\8.0.11\ref\net8.0\System.Globalization.Extensions.dll" /reference:C:\Users\alaga\.nuget\packages\system.identitymodel.tokens.jwt\7.0.3\lib\net8.0\System.IdentityModel.Tokens.Jwt.dll /reference:"C:\Program Files\dotnet\packs\Microsoft.NETCore.App.Ref\8.0.11\ref\net8.0\System.IO.Compression.Brotli.dll" /reference:"C:\Program Files\dotnet\packs\Microsoft.NETCore.App.Ref\8.0.11\ref\net8.0\System.IO.Compression.dll" /reference:"C:\Program Files\dotnet\packs\Microsoft.NETCore.App.Ref\8.0.11\ref\net8.0\System.IO.Compression.FileSystem.dll" /reference:"C:\Program Files\dotnet\packs\Microsoft.NETCore.App.Ref\8.0.11\ref\net8.0\System.IO.Compression.ZipFile.dll" /reference:"C:\Program Files\dotnet\packs\Microsoft.NETCore.App.Ref\8.0.11\ref\net8.0\System.IO.dll" /reference:"C:\Program Files\dotnet\packs\Microsoft.NETCore.App.Ref\8.0.11\ref\net8.0\System.IO.FileSystem.AccessControl.dll" /reference:"C:\Program Files\dotnet\packs\Microsoft.NETCore.App.Ref\8.0.11\ref\net8.0\System.IO.FileSystem.dll" /reference:"C:\Program Files\dotnet\packs\Microsoft.NETCore.App.Ref\8.0.11\ref\net8.0\System.IO.FileSystem.DriveInfo.dll" /reference:"C:\Program Files\dotnet\packs\Microsoft.NETCore.App.Ref\8.0.11\ref\net8.0\System.IO.FileSystem.Primitives.dll" /reference:"C:\Program Files\dotnet\packs\Microsoft.NETCore.App.Ref\8.0.11\ref\net8.0\System.IO.FileSystem.Watcher.dll" /reference:"C:\Program Files\dotnet\packs\Microsoft.NETCore.App.Ref\8.0.11\ref\net8.0\System.IO.IsolatedStorage.dll" /reference:"C:\Program Files\dotnet\packs\Microsoft.NETCore.App.Ref\8.0.11\ref\net8.0\System.IO.MemoryMappedFiles.dll" /reference:"C:\Program Files\dotnet\packs\Microsoft.AspNetCore.App.Ref\8.0.11\ref\net8.0\System.IO.Pipelines.dll" /reference:"C:\Program Files\dotnet\packs\Microsoft.NETCore.App.Ref\8.0.11\ref\net8.0\System.IO.Pipes.AccessControl.dll" /reference:"C:\Program Files\dotnet\packs\Microsoft.NETCore.App.Ref\8.0.11\ref\net8.0\System.IO.Pipes.dll" /reference:"C:\Program Files\dotnet\packs\Microsoft.NETCore.App.Ref\8.0.11\ref\net8.0\System.IO.UnmanagedMemoryStream.dll" /reference:"C:\Program Files\dotnet\packs\Microsoft.NETCore.App.Ref\8.0.11\ref\net8.0\System.Linq.dll" /reference:"C:\Program Files\dotnet\packs\Microsoft.NETCore.App.Ref\8.0.11\ref\net8.0\System.Linq.Expressions.dll" /reference:"C:\Program Files\dotnet\packs\Microsoft.NETCore.App.Ref\8.0.11\ref\net8.0\System.Linq.Parallel.dll" /reference:"C:\Program Files\dotnet\packs\Microsoft.NETCore.App.Ref\8.0.11\ref\net8.0\System.Linq.Queryable.dll" /reference:C:\Users\alaga\.nuget\packages\system.memory.data\1.0.2\lib\netstandard2.0\System.Memory.Data.dll /reference:"C:\Program Files\dotnet\packs\Microsoft.NETCore.App.Ref\8.0.11\ref\net8.0\System.Memory.dll" /reference:"C:\Program Files\dotnet\packs\Microsoft.NETCore.App.Ref\8.0.11\ref\net8.0\System.Net.dll" /reference:"C:\Program Files\dotnet\packs\Microsoft.NETCore.App.Ref\8.0.11\ref\net8.0\System.Net.Http.dll" /reference:"C:\Program Files\dotnet\packs\Microsoft.NETCore.App.Ref\8.0.11\ref\net8.0\System.Net.Http.Json.dll" /reference:"C:\Program Files\dotnet\packs\Microsoft.NETCore.App.Ref\8.0.11\ref\net8.0\System.Net.HttpListener.dll" /reference:"C:\Program Files\dotnet\packs\Microsoft.NETCore.App.Ref\8.0.11\ref\net8.0\System.Net.Mail.dll" /reference:"C:\Program Files\dotnet\packs\Microsoft.NETCore.App.Ref\8.0.11\ref\net8.0\System.Net.NameResolution.dll" /reference:"C:\Program Files\dotnet\packs\Microsoft.NETCore.App.Ref\8.0.11\ref\net8.0\System.Net.NetworkInformation.dll" /reference:"C:\Program Files\dotnet\packs\Microsoft.NETCore.App.Ref\8.0.11\ref\net8.0\System.Net.Ping.dll" /reference:"C:\Program Files\dotnet\packs\Microsoft.NETCore.App.Ref\8.0.11\ref\net8.0\System.Net.Primitives.dll" /reference:"C:\Program Files\dotnet\packs\Microsoft.NETCore.App.Ref\8.0.11\ref\net8.0\System.Net.Quic.dll" /reference:"C:\Program Files\dotnet\packs\Microsoft.NETCore.App.Ref\8.0.11\ref\net8.0\System.Net.Requests.dll" /reference:"C:\Program Files\dotnet\packs\Microsoft.NETCore.App.Ref\8.0.11\ref\net8.0\System.Net.Security.dll" /reference:"C:\Program Files\dotnet\packs\Microsoft.NETCore.App.Ref\8.0.11\ref\net8.0\System.Net.ServicePoint.dll" /reference:"C:\Program Files\dotnet\packs\Microsoft.NETCore.App.Ref\8.0.11\ref\net8.0\System.Net.Sockets.dll" /reference:"C:\Program Files\dotnet\packs\Microsoft.NETCore.App.Ref\8.0.11\ref\net8.0\System.Net.WebClient.dll" /reference:"C:\Program Files\dotnet\packs\Microsoft.NETCore.App.Ref\8.0.11\ref\net8.0\System.Net.WebHeaderCollection.dll" /reference:"C:\Program Files\dotnet\packs\Microsoft.NETCore.App.Ref\8.0.11\ref\net8.0\System.Net.WebProxy.dll" /reference:"C:\Program Files\dotnet\packs\Microsoft.NETCore.App.Ref\8.0.11\ref\net8.0\System.Net.WebSockets.Client.dll" /reference:"C:\Program Files\dotnet\packs\Microsoft.NETCore.App.Ref\8.0.11\ref\net8.0\System.Net.WebSockets.dll" /reference:"C:\Program Files\dotnet\packs\Microsoft.NETCore.App.Ref\8.0.11\ref\net8.0\System.Numerics.dll" /reference:"C:\Program Files\dotnet\packs\Microsoft.NETCore.App.Ref\8.0.11\ref\net8.0\System.Numerics.Vectors.dll" /reference:"C:\Program Files\dotnet\packs\Microsoft.NETCore.App.Ref\8.0.11\ref\net8.0\System.ObjectModel.dll" /reference:"C:\Program Files\dotnet\packs\Microsoft.NETCore.App.Ref\8.0.11\ref\net8.0\System.Reflection.DispatchProxy.dll" /reference:"C:\Program Files\dotnet\packs\Microsoft.NETCore.App.Ref\8.0.11\ref\net8.0\System.Reflection.dll" /reference:"C:\Program Files\dotnet\packs\Microsoft.NETCore.App.Ref\8.0.11\ref\net8.0\System.Reflection.Emit.dll" /reference:"C:\Program Files\dotnet\packs\Microsoft.NETCore.App.Ref\8.0.11\ref\net8.0\System.Reflection.Emit.ILGeneration.dll" /reference:"C:\Program Files\dotnet\packs\Microsoft.NETCore.App.Ref\8.0.11\ref\net8.0\System.Reflection.Emit.Lightweight.dll" /reference:"C:\Program Files\dotnet\packs\Microsoft.NETCore.App.Ref\8.0.11\ref\net8.0\System.Reflection.Extensions.dll" /reference:"C:\Program Files\dotnet\packs\Microsoft.NETCore.App.Ref\8.0.11\ref\net8.0\System.Reflection.Metadata.dll" /reference:"C:\Program Files\dotnet\packs\Microsoft.NETCore.App.Ref\8.0.11\ref\net8.0\System.Reflection.Primitives.dll" /reference:"C:\Program Files\dotnet\packs\Microsoft.NETCore.App.Ref\8.0.11\ref\net8.0\System.Reflection.TypeExtensions.dll" /reference:"C:\Program Files\dotnet\packs\Microsoft.NETCore.App.Ref\8.0.11\ref\net8.0\System.Resources.Reader.dll" /reference:"C:\Program Files\dotnet\packs\Microsoft.NETCore.App.Ref\8.0.11\ref\net8.0\System.Resources.ResourceManager.dll" /reference:"C:\Program Files\dotnet\packs\Microsoft.NETCore.App.Ref\8.0.11\ref\net8.0\System.Resources.Writer.dll" /reference:"C:\Program Files\dotnet\packs\Microsoft.NETCore.App.Ref\8.0.11\ref\net8.0\System.Runtime.CompilerServices.Unsafe.dll" /reference:"C:\Program Files\dotnet\packs\Microsoft.NETCore.App.Ref\8.0.11\ref\net8.0\System.Runtime.CompilerServices.VisualC.dll" /reference:"C:\Program Files\dotnet\packs\Microsoft.NETCore.App.Ref\8.0.11\ref\net8.0\System.Runtime.dll" /reference:"C:\Program Files\dotnet\packs\Microsoft.NETCore.App.Ref\8.0.11\ref\net8.0\System.Runtime.Extensions.dll" /reference:"C:\Program Files\dotnet\packs\Microsoft.NETCore.App.Ref\8.0.11\ref\net8.0\System.Runtime.Handles.dll" /reference:"C:\Program Files\dotnet\packs\Microsoft.NETCore.App.Ref\8.0.11\ref\net8.0\System.Runtime.InteropServices.dll" /reference:"C:\Program Files\dotnet\packs\Microsoft.NETCore.App.Ref\8.0.11\ref\net8.0\System.Runtime.InteropServices.JavaScript.dll" /reference:"C:\Program Files\dotnet\packs\Microsoft.NETCore.App.Ref\8.0.11\ref\net8.0\System.Runtime.InteropServices.RuntimeInformation.dll" /reference:"C:\Program Files\dotnet\packs\Microsoft.NETCore.App.Ref\8.0.11\ref\net8.0\System.Runtime.Intrinsics.dll" /reference:"C:\Program Files\dotnet\packs\Microsoft.NETCore.App.Ref\8.0.11\ref\net8.0\System.Runtime.Loader.dll" /reference:"C:\Program Files\dotnet\packs\Microsoft.NETCore.App.Ref\8.0.11\ref\net8.0\System.Runtime.Numerics.dll" /reference:"C:\Program Files\dotnet\packs\Microsoft.NETCore.App.Ref\8.0.11\ref\net8.0\System.Runtime.Serialization.dll" /reference:"C:\Program Files\dotnet\packs\Microsoft.NETCore.App.Ref\8.0.11\ref\net8.0\System.Runtime.Serialization.Formatters.dll" /reference:"C:\Program Files\dotnet\packs\Microsoft.NETCore.App.Ref\8.0.11\ref\net8.0\System.Runtime.Serialization.Json.dll" /reference:"C:\Program Files\dotnet\packs\Microsoft.NETCore.App.Ref\8.0.11\ref\net8.0\System.Runtime.Serialization.Primitives.dll" /reference:"C:\Program Files\dotnet\packs\Microsoft.NETCore.App.Ref\8.0.11\ref\net8.0\System.Runtime.Serialization.Xml.dll" /reference:"C:\Program Files\dotnet\packs\Microsoft.NETCore.App.Ref\8.0.11\ref\net8.0\System.Security.AccessControl.dll" /reference:"C:\Program Files\dotnet\packs\Microsoft.NETCore.App.Ref\8.0.11\ref\net8.0\System.Security.Claims.dll" /reference:"C:\Program Files\dotnet\packs\Microsoft.NETCore.App.Ref\8.0.11\ref\net8.0\System.Security.Cryptography.Algorithms.dll" /reference:"C:\Program Files\dotnet\packs\Microsoft.NETCore.App.Ref\8.0.11\ref\net8.0\System.Security.Cryptography.Cng.dll" /reference:"C:\Program Files\dotnet\packs\Microsoft.NETCore.App.Ref\8.0.11\ref\net8.0\System.Security.Cryptography.Csp.dll" /reference:"C:\Program Files\dotnet\packs\Microsoft.NETCore.App.Ref\8.0.11\ref\net8.0\System.Security.Cryptography.dll" /reference:"C:\Program Files\dotnet\packs\Microsoft.NETCore.App.Ref\8.0.11\ref\net8.0\System.Security.Cryptography.Encoding.dll" /reference:"C:\Program Files\dotnet\packs\Microsoft.NETCore.App.Ref\8.0.11\ref\net8.0\System.Security.Cryptography.OpenSsl.dll" /reference:"C:\Program Files\dotnet\packs\Microsoft.NETCore.App.Ref\8.0.11\ref\net8.0\System.Security.Cryptography.Primitives.dll" /reference:C:\Users\alaga\.nuget\packages\system.security.cryptography.protecteddata\6.0.0\lib\net6.0\System.Security.Cryptography.ProtectedData.dll /reference:"C:\Program Files\dotnet\packs\Microsoft.NETCore.App.Ref\8.0.11\ref\net8.0\System.Security.Cryptography.X509Certificates.dll" /reference:"C:\Program Files\dotnet\packs\Microsoft.AspNetCore.App.Ref\8.0.11\ref\net8.0\System.Security.Cryptography.Xml.dll" /reference:"C:\Program Files\dotnet\packs\Microsoft.NETCore.App.Ref\8.0.11\ref\net8.0\System.Security.dll" /reference:"C:\Program Files\dotnet\packs\Microsoft.NETCore.App.Ref\8.0.11\ref\net8.0\System.Security.Principal.dll" /reference:"C:\Program Files\dotnet\packs\Microsoft.NETCore.App.Ref\8.0.11\ref\net8.0\System.Security.Principal.Windows.dll" /reference:"C:\Program Files\dotnet\packs\Microsoft.NETCore.App.Ref\8.0.11\ref\net8.0\System.Security.SecureString.dll" /reference:"C:\Program Files\dotnet\packs\Microsoft.NETCore.App.Ref\8.0.11\ref\net8.0\System.ServiceModel.Web.dll" /reference:"C:\Program Files\dotnet\packs\Microsoft.NETCore.App.Ref\8.0.11\ref\net8.0\System.ServiceProcess.dll" /reference:"C:\Program Files\dotnet\packs\Microsoft.NETCore.App.Ref\8.0.11\ref\net8.0\System.Text.Encoding.CodePages.dll" /reference:"C:\Program Files\dotnet\packs\Microsoft.NETCore.App.Ref\8.0.11\ref\net8.0\System.Text.Encoding.dll" /reference:"C:\Program Files\dotnet\packs\Microsoft.NETCore.App.Ref\8.0.11\ref\net8.0\System.Text.Encoding.Extensions.dll" /reference:"C:\Program Files\dotnet\packs\Microsoft.NETCore.App.Ref\8.0.11\ref\net8.0\System.Text.Encodings.Web.dll" /reference:"C:\Program Files\dotnet\packs\Microsoft.NETCore.App.Ref\8.0.11\ref\net8.0\System.Text.Json.dll" /reference:"C:\Program Files\dotnet\packs\Microsoft.NETCore.App.Ref\8.0.11\ref\net8.0\System.Text.RegularExpressions.dll" /reference:"C:\Program Files\dotnet\packs\Microsoft.NETCore.App.Ref\8.0.11\ref\net8.0\System.Threading.Channels.dll" /reference:"C:\Program Files\dotnet\packs\Microsoft.NETCore.App.Ref\8.0.11\ref\net8.0\System.Threading.dll" /reference:"C:\Program Files\dotnet\packs\Microsoft.NETCore.App.Ref\8.0.11\ref\net8.0\System.Threading.Overlapped.dll" /reference:"C:\Program Files\dotnet\packs\Microsoft.AspNetCore.App.Ref\8.0.11\ref\net8.0\System.Threading.RateLimiting.dll" /reference:"C:\Program Files\dotnet\packs\Microsoft.NETCore.App.Ref\8.0.11\ref\net8.0\System.Threading.Tasks.Dataflow.dll" /reference:"C:\Program Files\dotnet\packs\Microsoft.NETCore.App.Ref\8.0.11\ref\net8.0\System.Threading.Tasks.dll" /reference:"C:\Program Files\dotnet\packs\Microsoft.NETCore.App.Ref\8.0.11\ref\net8.0\System.Threading.Tasks.Extensions.dll" /reference:"C:\Program Files\dotnet\packs\Microsoft.NETCore.App.Ref\8.0.11\ref\net8.0\System.Threading.Tasks.Parallel.dll" /reference:"C:\Program Files\dotnet\packs\Microsoft.NETCore.App.Ref\8.0.11\ref\net8.0\System.Threading.Thread.dll" /reference:"C:\Program Files\dotnet\packs\Microsoft.NETCore.App.Ref\8.0.11\ref\net8.0\System.Threading.ThreadPool.dll" /reference:"C:\Program Files\dotnet\packs\Microsoft.NETCore.App.Ref\8.0.11\ref\net8.0\System.Threading.Timer.dll" /reference:"C:\Program Files\dotnet\packs\Microsoft.NETCore.App.Ref\8.0.11\ref\net8.0\System.Transactions.dll" /reference:"C:\Program Files\dotnet\packs\Microsoft.NETCore.App.Ref\8.0.11\ref\net8.0\System.Transactions.Local.dll" /reference:"C:\Program Files\dotnet\packs\Microsoft.NETCore.App.Ref\8.0.11\ref\net8.0\System.ValueTuple.dll" /reference:"C:\Program Files\dotnet\packs\Microsoft.NETCore.App.Ref\8.0.11\ref\net8.0\System.Web.dll" /reference:"C:\Program Files\dotnet\packs\Microsoft.NETCore.App.Ref\8.0.11\ref\net8.0\System.Web.HttpUtility.dll" /reference:"C:\Program Files\dotnet\packs\Microsoft.NETCore.App.Ref\8.0.11\ref\net8.0\System.Windows.dll" /reference:"C:\Program Files\dotnet\packs\Microsoft.NETCore.App.Ref\8.0.11\ref\net8.0\System.Xml.dll" /reference:"C:\Program Files\dotnet\packs\Microsoft.NETCore.App.Ref\8.0.11\ref\net8.0\System.Xml.Linq.dll" /reference:"C:\Program Files\dotnet\packs\Microsoft.NETCore.App.Ref\8.0.11\ref\net8.0\System.Xml.ReaderWriter.dll" /reference:"C:\Program Files\dotnet\packs\Microsoft.NETCore.App.Ref\8.0.11\ref\net8.0\System.Xml.Serialization.dll" /reference:"C:\Program Files\dotnet\packs\Microsoft.NETCore.App.Ref\8.0.11\ref\net8.0\System.Xml.XDocument.dll" /reference:"C:\Program Files\dotnet\packs\Microsoft.NETCore.App.Ref\8.0.11\ref\net8.0\System.Xml.XmlDocument.dll" /reference:"C:\Program Files\dotnet\packs\Microsoft.NETCore.App.Ref\8.0.11\ref\net8.0\System.Xml.XmlSerializer.dll" /reference:"C:\Program Files\dotnet\packs\Microsoft.NETCore.App.Ref\8.0.11\ref\net8.0\System.Xml.XPath.dll" /reference:"C:\Program Files\dotnet\packs\Microsoft.NETCore.App.Ref\8.0.11\ref\net8.0\System.Xml.XPath.XDocument.dll" /reference:"C:\Program Files\dotnet\packs\Microsoft.NETCore.App.Ref\8.0.11\ref\net8.0\WindowsBase.dll" /debug+ /debug:portable /filealign:512 /optimize- /out:obj\Debug\net8.0\StudentFormsApi.dll /refout:obj\Debug\net8.0\refint\StudentFormsApi.dll /target:exe /warnaserror- /utf8output /deterministic+ /sourcelink:obj\Debug\net8.0\StudentFormsApi.sourcelink.json /langversion:12.0 /embed:obj\Debug\net8.0\StudentFormsApi.GlobalUsings.g.cs /embed:"obj\Debug\net8.0\.NETCoreApp,Version=v8.0.AssemblyAttributes.cs" /embed:obj\Debug\net8.0\StudentFormsApi.AssemblyInfo.cs /embed:obj\Debug\net8.0\StudentFormsApi.MvcApplicationPartsAssemblyInfo.cs /analyzerconfig:obj\Debug\net8.0\StudentFormsApi.GeneratedMSBuildEditorConfig.editorconfig /analyzerconfig:"C:\Program Files\dotnet\sdk\9.0.101\Sdks\Microsoft.NET.Sdk\analyzers\build\config\analysislevel_8_default.globalconfig" /analyzer:"C:\Program Files\dotnet\sdk\9.0.101\Sdks\Microsoft.NET.Sdk.Web\analyzers\cs\Microsoft.AspNetCore.Analyzers.dll" /analyzer:"C:\Program Files\dotnet\sdk\9.0.101\Sdks\Microsoft.NET.Sdk.Web\analyzers\cs\Microsoft.AspNetCore.Mvc.Analyzers.dll" /analyzer:"C:\Program Files\dotnet\sdk\9.0.101\Sdks\Microsoft.NET.Sdk\targets\..\analyzers\Microsoft.CodeAnalysis.CSharp.NetAnalyzers.dll" /analyzer:"C:\Program Files\dotnet\sdk\9.0.101\Sdks\Microsoft.NET.Sdk\targets\..\analyzers\Microsoft.CodeAnalysis.NetAnalyzers.dll" /analyzer:C:\Users\alaga\.nuget\packages\microsoft.codeanalysis.analyzers\3.3.3\analyzers\dotnet\cs\Microsoft.CodeAnalysis.Analyzers.dll /analyzer:C:\Users\alaga\.nuget\packages\microsoft.codeanalysis.analyzers\3.3.3\analyzers\dotnet\cs\Microsoft.CodeAnalysis.CSharp.Analyzers.dll /analyzer:C:\Users\alaga\.nuget\packages\microsoft.entityframeworkcore.analyzers\8.0.0\analyzers\dotnet\cs\Microsoft.EntityFrameworkCore.Analyzers.dll /analyzer:"C:\Program Files\dotnet\packs\Microsoft.NETCore.App.Ref\8.0.11\analyzers/dotnet/cs/Microsoft.Interop.ComInterfaceGenerator.dll" /analyzer:"C:\Program Files\dotnet\packs\Microsoft.NETCore.App.Ref\8.0.11\analyzers/dotnet/cs/Microsoft.Interop.JavaScript.JSImportGenerator.dll" /analyzer:"C:\Program Files\dotnet\packs\Microsoft.NETCore.App.Ref\8.0.11\analyzers/dotnet/cs/Microsoft.Interop.LibraryImportGenerator.dll" /analyzer:"C:\Program Files\dotnet\packs\Microsoft.NETCore.App.Ref\8.0.11\analyzers/dotnet/cs/Microsoft.Interop.SourceGeneration.dll" /analyzer:"C:\Program Files\dotnet\packs\Microsoft.NETCore.App.Ref\8.0.11\analyzers/dotnet/cs/System.Text.Json.SourceGeneration.dll" /analyzer:"C:\Program Files\dotnet\packs\Microsoft.NETCore.App.Ref\8.0.11\analyzers/dotnet/cs/System.Text.RegularExpressions.Generator.dll" /analyzer:"C:\Program Files\dotnet\packs\Microsoft.AspNetCore.App.Ref\8.0.11\analyzers/dotnet/cs/Microsoft.AspNetCore.App.Analyzers.dll" /analyzer:"C:\Program Files\dotnet\packs\Microsoft.AspNetCore.App.Ref\8.0.11\analyzers/dotnet/cs/Microsoft.AspNetCore.App.CodeFixes.dll" /analyzer:"C:\Program Files\dotnet\packs\Microsoft.AspNetCore.App.Ref\8.0.11\analyzers/dotnet/cs/Microsoft.AspNetCore.Components.Analyzers.dll" /analyzer:"C:\Program Files\dotnet\packs\Microsoft.AspNetCore.App.Ref\8.0.11\analyzers/dotnet/roslyn4.4/cs/Microsoft.Extensions.Logging.Generators.dll" /analyzer:"C:\Program Files\dotnet\packs\Microsoft.AspNetCore.App.Ref\8.0.11\analyzers/dotnet/roslyn4.4/cs/Microsoft.Extensions.Options.SourceGeneration.dll" /analyzer:"C:\Program Files\dotnet\sdk\9.0.101\Sdks\Microsoft.NET.Sdk.Razor\targets\..\source-generators\Microsoft.AspNetCore.Razor.Utilities.Shared.dll" /analyzer:"C:\Program Files\dotnet\sdk\9.0.101\Sdks\Microsoft.NET.Sdk.Razor\targets\..\source-generators\Microsoft.CodeAnalysis.Razor.Compiler.dll" /analyzer:"C:\Program Files\dotnet\sdk\9.0.101\Sdks\Microsoft.NET.Sdk.Razor\targets\..\source-generators\Microsoft.Extensions.ObjectPool.dll" /analyzer:"C:\Program Files\dotnet\sdk\9.0.101\Sdks\Microsoft.NET.Sdk.Razor\targets\..\source-generators\System.Collections.Immutable.dll" Controllers\AuthController.cs Controllers\CollegeStudentsController.cs Controllers\StudentsController.cs Data\AppDbContext.cs Migrations\20260121135759_InitialCreate.cs Migrations\20260121135759_InitialCreate.Designer.cs Migrations\20260121141847_MakeEMISOptional.cs Migrations\20260121141847_MakeEMISOptional.Designer.cs Migrations\20260122155740_AddCollegeStudent.cs Migrations\20260122155740_AddCollegeStudent.Designer.cs Migrations\20260122175523_AddYearOfStudyToCollegeStudent.cs Migrations\20260122175523_AddYearOfStudyToCollegeStudent.Designer.cs Migrations\20260122175957_UpdateRegisterNumberValidation.cs Migrations\20260122175957_UpdateRegisterNumberValidation.Designer.cs Migrations\20260123052648_AddEmailToCollegeStudent.cs Migrations\20260123052648_AddEmailToCollegeStudent.Designer.cs Migrations\20260123072626_MakeRegisterNumberOptional.cs Migrations\20260123072626_MakeRegisterNumberOptional.Designer.cs Migrations\AppDbContextModelSnapshot.cs Models\CollegeStudent.cs Models\Student.cs Program.cs obj\Debug\net8.0\StudentFormsApi.GlobalUsings.g.cs "obj\Debug\net8.0\.NETCoreApp,Version=v8.0.AssemblyAttributes.cs" obj\Debug\net8.0\StudentFormsApi.AssemblyInfo.cs obj\Debug\net8.0\StudentFormsApi.MvcApplicationPartsAssemblyInfo.cs /warnaserror+:NU1605,SYSLIB0011
         Assembly loaded during TaskRun (Microsoft.CodeAnalysis.BuildTasks.Csc): System.IO.Pipes, Version=9.0.0.0, Culture=neutral, PublicKeyToken=b03f5f7f11d50a3a (location: C:\Program Files\dotnet\shared\Microsoft.NETCore.App\9.0.0\System.IO.Pipes.dll, MVID: b5c9a2ef-9756-4fbb-b0f0-78ff7e6c1766, AssemblyLoadContext: Default)
         Assembly loaded during TaskRun (Microsoft.CodeAnalysis.BuildTasks.Csc): System.Security.AccessControl, Version=9.0.0.0, Culture=neutral, PublicKeyToken=b03f5f7f11d50a3a (location: C:\Program Files\dotnet\shared\Microsoft.NETCore.App\9.0.0\System.Security.AccessControl.dll, MVID: d949d847-e440-483e-add9-e40c89fb2445, AssemblyLoadContext: Default)
         Microsoft (R) Visual C# Compiler version 4.12.0-3.24570.6 (913fb4ec)
         Copyright (C) Microsoft Corporation. All rights reserved.
         D:\Personal\MS3\VedhamsMidway\SRM\srm\StudentFormsApi\Data\AppDbContext.cs(8,16): info SP0001: Diagnostic 'CS8618: Non-nullable property 'Students' must contain a non-null value when exiting constructor. Consider adding the 'required' modifier or declaring the property as nullable.' was programmatically suppressed by a DiagnosticSuppressor with suppression ID 'EFSPR1001' and justification 'DbSet properties on DbContext subclasses are automatically populated by the DbContext constructor.'
         D:\Personal\MS3\VedhamsMidway\SRM\srm\StudentFormsApi\Data\AppDbContext.cs(8,16): info SP0001: Diagnostic 'CS8618: Non-nullable property 'CollegeStudents' must contain a non-null value when exiting constructor. Consider adding the 'required' modifier or declaring the property as nullable.' was programmatically suppressed by a DiagnosticSuppressor with suppression ID 'EFSPR1001' and justification 'DbSet properties on DbContext subclasses are automatically populated by the DbContext constructor.'
   1:7>D:\Personal\MS3\VedhamsMidway\SRM\srm\StudentFormsApi\Program.cs(37,29): error CS0029: Cannot implicitly convert type 'System.Threading.RateLimiting.RateLimitPartition<string>' to 'System.Threading.RateLimiting.PartitionedRateLimiter<Microsoft.AspNetCore.Http.HttpContext>' [D:\Personal\MS3\VedhamsMidway\SRM\srm\StudentFormsApi\StudentFormsApi.csproj]
   1:7>D:\Personal\MS3\VedhamsMidway\SRM\srm\StudentFormsApi\Program.cs(30,119): warning CS8604: Possible null reference argument for parameter 's' in 'byte[] Encoding.GetBytes(string s)'. [D:\Personal\MS3\VedhamsMidway\SRM\srm\StudentFormsApi\StudentFormsApi.csproj]
         CompilerServer: server - server processed compilation - StudentFormsApi (net8.0)
       Done executing task "Csc" -- FAILED.
   1:7>Done building target "CoreCompile" in project "StudentFormsApi.csproj" -- FAILED.
   1:7>Target "_CheckForCompileOutputs" in file "C:\Program Files\dotnet\sdk\9.0.101\Microsoft.Common.CurrentVersion.targets" from project "D:\Personal\MS3\VedhamsMidway\SRM\srm\StudentFormsApi\StudentFormsApi.csproj" (target "_CleanGetCurrentAndPriorFileWrites" depends on it):
   1:7>Done building target "_CheckForCompileOutputs" in project "StudentFormsApi.csproj".
       Target "_SGenCheckForOutputs" skipped, due to false condition; ('$(_SGenGenerateSerializationAssembliesConfig)' == 'On' or ('@(WebReferenceUrl)'!='' and '$(_SGenGenerateSerializationAssembliesConfig)' == 'Auto')) was evaluated as ('Off' == 'On' or (''!='' and 'Off' == 'Auto')).
   1:7>Target "_CleanGetCurrentAndPriorFileWrites" in file "C:\Program Files\dotnet\sdk\9.0.101\Microsoft.Common.CurrentVersion.targets" from project "D:\Personal\MS3\VedhamsMidway\SRM\srm\StudentFormsApi\StudentFormsApi.csproj" (target "_CleanRecordFileWrites" depends on it):
       Using "ReadLinesFromFile" task from assembly "Microsoft.Build.Tasks.Core, Version=15.1.0.0, Culture=neutral, PublicKeyToken=b03f5f7f11d50a3a".
       Task "ReadLinesFromFile"
       Done executing task "ReadLinesFromFile".
       Task "ConvertToAbsolutePath"
       Done executing task "ConvertToAbsolutePath".
       Using "FindUnderPath" task from assembly "Microsoft.Build.Tasks.Core, Version=15.1.0.0, Culture=neutral, PublicKeyToken=b03f5f7f11d50a3a".
       Task "FindUnderPath"
         Comparison path is "D:\Personal\MS3\VedhamsMidway\SRM\srm\StudentFormsApi".
       Done executing task "FindUnderPath".
       Task "FindUnderPath"
         Comparison path is "bin\Debug\net8.0\".
       Done executing task "FindUnderPath".
       Task "FindUnderPath"
         Comparison path is "obj\Debug\net8.0\".
       Done executing task "FindUnderPath".
       Task "RemoveDuplicates"
       Done executing task "RemoveDuplicates".
   1:7>Done building target "_CleanGetCurrentAndPriorFileWrites" in project "StudentFormsApi.csproj".
   1:7>Target "_CleanRecordFileWrites" in file "C:\Program Files\dotnet\sdk\9.0.101\Microsoft.Common.CurrentVersion.targets" from project "D:\Personal\MS3\VedhamsMidway\SRM\srm\StudentFormsApi\StudentFormsApi.csproj" (target "CoreBuild" depends on it):
       Task "RemoveDuplicates"
       Done executing task "RemoveDuplicates".
       Task "MakeDir"
       Done executing task "MakeDir".
       Task "WriteLinesToFile"
         Skipping write to file "obj\Debug\net8.0\StudentFormsApi.csproj.FileListAbsolute.txt" because content would not change.
       Done executing task "WriteLinesToFile".
   1:7>Done building target "_CleanRecordFileWrites" in project "StudentFormsApi.csproj".
   1:7>Done Building Project "D:\Personal\MS3\VedhamsMidway\SRM\srm\StudentFormsApi\StudentFormsApi.csproj" (default targets) -- FAILED.

Build FAILED.

       "D:\Personal\MS3\VedhamsMidway\SRM\srm\StudentFormsApi\StudentFormsApi.csproj" (default target) (1:7) ->
       (CoreCompile target) -> 
         D:\Personal\MS3\VedhamsMidway\SRM\srm\StudentFormsApi\Program.cs(30,119): warning CS8604: Possible null reference argument for parameter 's' in 'byte[] Encoding.GetBytes(string s)'. [D:\Personal\MS3\VedhamsMidway\SRM\srm\StudentFormsApi\StudentFormsApi.csproj]


       "D:\Personal\MS3\VedhamsMidway\SRM\srm\StudentFormsApi\StudentFormsApi.csproj" (default target) (1:7) ->
       (CoreCompile target) -> 
         D:\Personal\MS3\VedhamsMidway\SRM\srm\StudentFormsApi\Program.cs(37,29): error CS0029: Cannot implicitly convert type 'System.Threading.RateLimiting.RateLimitPartition<string>' to 'System.Threading.RateLimiting.PartitionedRateLimiter<Microsoft.AspNetCore.Http.HttpContext>' [D:\Personal\MS3\VedhamsMidway\SRM\srm\StudentFormsApi\StudentFormsApi.csproj]

    1 Warning(s)
    1 Error(s)

Time Elapsed 00:00:04.30
